group_id	region	country	med_node	T0	T1	T2	T3	T4	T5	T6	UNDATED	TOTAL
ACB	OUTGROUP	Barbados		92	0	0	0	0	0	0	0	92
ACB-1	OUTGROUP	Barbados		2	0	0	0	0	0	0	0	2
ACB-2	OUTGROUP	Barbados		1	0	0	0	0	0	0	0	1
ACB-3	OUTGROUP	Barbados		1	0	0	0	0	0	0	0	1
ASW	OUTGROUP	USA		60	0	0	0	0	0	0	0	60
ASW-oEurope	OUTGROUP	USA		1	0	0	0	0	0	0	0	1
ASW-oNativeAmerican	OUTGROUP	USA		5	0	0	0	0	0	0	0	5
Abkhasian	OUTGROUP	Abkhazia		2	0	0	0	0	0	0	0	2
Adygei	EUROPE_CONTROL	Russia		18	0	0	0	0	0	0	0	18
Afghanistan_DarraiKurCave_MBA	OUTGROUP	Afghanistan		0	1	0	0	0	0	0	0	1
Albania_Barc_Medieval-o	EUROPE_CONTROL	Albania	BALKANS	1	0	0	0	0	0	0	0	1
Albania_Barc_PostMedieval	EUROPE_CONTROL	Albania	BALKANS	5	0	0	0	0	0	0	0	5
Albania_Barc_PostMedieval-oTurkish	EUROPE_CONTROL	Albania	BALKANS	2	0	0	0	0	0	0	0	2
Albania_Bardhoc_PostMedieval	EUROPE_CONTROL	Albania	BALKANS	4	0	0	0	0	0	0	0	4
Albania_Cinamak_BA_IA	EUROPE_CONTROL	Albania	BALKANS	0	2	0	0	0	0	0	0	2
Albania_Cinamak_EBA	EUROPE_CONTROL	Albania	BALKANS	0	1	0	0	0	0	0	0	1
Albania_Cinamak_IA	EUROPE_CONTROL	Albania	BALKANS	1	5	0	0	0	0	0	0	6
Albania_Cinamak_IA-o	EUROPE_CONTROL	Albania	BALKANS	0	1	0	0	0	0	0	0	1
Albania_Dukat_Medieval	EUROPE_CONTROL	Albania	BALKANS	1	0	0	0	0	0	0	0	1
Albania_Kenete_Medieval	EUROPE_CONTROL	Albania	BALKANS	1	0	0	0	0	0	0	0	1
Albania_MBA	EUROPE_CONTROL	Albania	BALKANS	0	1	0	0	0	0	0	0	1
Albania_Medieval	EUROPE_CONTROL	Albania	BALKANS	1	0	0	0	0	0	0	0	1
Albania_N	EUROPE_CONTROL	Albania	BALKANS	0	0	1	0	0	0	0	0	1
Albania_N_C	EUROPE_CONTROL	Albania	BALKANS	0	0	2	0	0	0	0	0	2
Albania_Pazhok_PostMedieval	EUROPE_CONTROL	Albania	BALKANS	1	0	0	0	0	0	0	0	1
Albanian	EUROPE_CONTROL	Albania	BALKANS	1	0	0	0	0	0	0	0	1
Aleut	EUROPE_CONTROL	Russia		4	0	0	0	0	0	0	0	4
Algeria_Afalou_Paleolithic	MAGHREB	Algeria		0	0	0	1	0	0	0	0	1
Algeria_KhenchelaCave_IA	MAGHREB	Algeria		0	1	0	0	0	0	0	0	1
Algeria_Numidia_Roman_Berber	MAGHREB	Algeria		3	0	0	0	0	0	0	0	3
Altai_Neanderthal	EUROPE_CONTROL	Russia		0	0	0	0	0	0	2	0	2
Altaian	EUROPE_CONTROL	Russia		2	0	0	0	0	0	0	0	2
Altaian-o	EUROPE_CONTROL	Russia		1	0	0	0	0	0	0	0	1
Ami	OUTGROUP	Taiwan		2	0	0	0	0	0	0	0	2
Ancestor	OUTGROUP			1	0	0	0	0	0	0	0	1
Argentina_500BP_Inca_Aconcagua	OUTGROUP	Argentina		1	0	0	0	0	0	0	0	1
Argentina_BeagleChannel_100BP_Yamana	OUTGROUP	Argentina		6	0	0	0	0	0	0	0	6
Argentina_BeagleChannel_1500BP_LateHorizon_Yamana	OUTGROUP	Argentina		1	0	0	0	0	0	0	0	1
Argentina_BuenosAires_10000BP	OUTGROUP	Argentina		0	0	1	0	0	0	0	0	1
Argentina_BuenosAires_1600BP	OUTGROUP	Argentina		1	0	0	0	0	0	0	0	1
Argentina_BuenosAires_2600BP	OUTGROUP	Argentina		0	11	0	0	0	0	0	0	11
Argentina_BuenosAires_3300BP	OUTGROUP	Argentina		0	1	0	0	0	0	0	0	1
Argentina_BuenosAires_7700BP	OUTGROUP	Argentina		0	0	7	0	0	0	0	0	7
Argentina_BuenosAires_800BP	OUTGROUP	Argentina		2	0	0	0	0	0	0	0	2
Argentina_BuenosAires_900BP	OUTGROUP	Argentina		8	0	0	0	0	0	0	0	8
Argentina_Catamarca_1000BP	OUTGROUP	Argentina		1	0	0	0	0	0	0	0	1
Argentina_Catamarca_1200BP	OUTGROUP	Argentina		4	0	0	0	0	0	0	0	4
Argentina_Catamarca_1200BP_Agropastoral	OUTGROUP	Argentina		5	0	0	0	0	0	0	0	5
Argentina_Catamarca_1400BP	OUTGROUP	Argentina		1	0	0	0	0	0	0	0	1
Argentina_Catamarca_1500BP	OUTGROUP	Argentina		1	0	0	0	0	0	0	0	1
Argentina_Catamarca_1600BP	OUTGROUP	Argentina		2	0	0	0	0	0	0	0	2
Argentina_Catamarca_2100BP_Agropastoral	OUTGROUP	Argentina		0	2	0	0	0	0	0	0	2
Argentina_Catamarca_2400BP	OUTGROUP	Argentina		0	4	0	0	0	0	0	0	4
Argentina_Catamarca_4500BP	OUTGROUP	Argentina		0	1	0	0	0	0	0	0	1
Argentina_Catamarca_500BP	OUTGROUP	Argentina		1	0	0	0	0	0	0	0	1
Argentina_Catamarca_700BP	OUTGROUP	Argentina		3	0	0	0	0	0	0	0	3
Argentina_Catamarca_700BP_Inca	OUTGROUP	Argentina		1	0	0	0	0	0	0	0	1
Argentina_Catamarca_900BP	OUTGROUP	Argentina		1	0	0	0	0	0	0	0	1
Argentina_Chaco_1400BP	OUTGROUP	Argentina		1	0	0	0	0	0	0	0	1
Argentina_Chaco_1400BP_Chaco	OUTGROUP	Argentina		2	0	0	0	0	0	0	0	2
Argentina_Chaco_200BP	OUTGROUP	Argentina		1	0	0	0	0	0	0	0	1
Argentina_Cordoba_100BP	OUTGROUP	Argentina		1	0	0	0	0	0	0	0	1
Argentina_Cordoba_1200BP_Comechingones	OUTGROUP	Argentina		1	0	0	0	0	0	0	0	1
Argentina_Cordoba_1600BP	OUTGROUP	Argentina		2	0	0	0	0	0	0	0	2
Argentina_Cordoba_1700BP	OUTGROUP	Argentina		2	1	0	0	0	0	0	0	3
Argentina_Cordoba_1800BP	OUTGROUP	Argentina		6	0	0	0	0	0	0	0	6
Argentina_Cordoba_2500BP	OUTGROUP	Argentina		0	8	0	0	0	0	0	0	8
Argentina_Cordoba_2600BP	OUTGROUP	Argentina		0	1	0	0	0	0	0	0	1
Argentina_Cordoba_2800BP	OUTGROUP	Argentina		0	1	0	0	0	0	0	0	1
Argentina_Cordoba_3700BP	OUTGROUP	Argentina		0	1	0	0	0	0	0	0	1
Argentina_Cordoba_3900BP	OUTGROUP	Argentina		0	2	0	0	0	0	0	0	2
Argentina_Cordoba_4100BP	OUTGROUP	Argentina		0	2	0	0	0	0	0	0	2
Argentina_Cordoba_4100BP_Comechingones	OUTGROUP	Argentina		0	1	0	0	0	0	0	0	1
Argentina_Cordoba_4200BP	OUTGROUP	Argentina		0	1	0	0	0	0	0	0	1
Argentina_Cordoba_600BP	OUTGROUP	Argentina		14	0	0	0	0	0	0	0	14
Argentina_Cordoba_700BP	OUTGROUP	Argentina		28	0	0	0	0	0	0	0	28
Argentina_Cordoba_700BP-oEurope	OUTGROUP	Argentina		1	0	0	0	0	0	0	0	1
Argentina_Cordoba_800BP	OUTGROUP	Argentina		9	0	0	0	0	0	0	0	9
Argentina_Cordoba_8500BP	OUTGROUP	Argentina		0	0	1	0	0	0	0	0	1
Argentina_Cordoba_900BP	OUTGROUP	Argentina		3	0	0	0	0	0	0	0	3
Argentina_CostaParanaMedio_800BP_GoyaMalabrigo	OUTGROUP	Argentina		1	0	0	0	0	0	0	0	1
Argentina_EntreRios_700BP	OUTGROUP	Argentina		2	0	0	0	0	0	0	0	2
Argentina_EntreRios_700BP_GoyaMalabrigo	OUTGROUP	Argentina		4	0	0	0	0	0	0	0	4
Argentina_EntreRios_900BP	OUTGROUP	Argentina		1	0	0	0	0	0	0	0	1
Argentina_EntreRios_LateHolocene_GoyaMalabrigo	OUTGROUP	Argentina		1	0	0	0	0	0	0	0	1
Argentina_Formosa_1900BP_Chaco_EarlySubandean	OUTGROUP	Argentina		1	0	0	0	0	0	0	0	1
Argentina_Formosa_2200BP_Chaco_EarlySubandean	OUTGROUP	Argentina		0	1	0	0	0	0	0	0	1
Argentina_Jujuy_700BP	OUTGROUP	Argentina		6	0	0	0	0	0	0	0	6
Argentina_NorthTierradelFuego_500BP_LateHorizon_Selknam	OUTGROUP	Argentina		1	0	0	0	0	0	0	0	1
Argentina_NorthTierradelFuego_500BP_Selknam	OUTGROUP	Argentina		3	0	0	0	0	0	0	0	3
Argentina_NorthTierradelFuego_5800BP	OUTGROUP	Argentina		0	1	0	0	0	0	0	0	1
Argentina_Pampas_1600BP	OUTGROUP	Argentina		1	0	0	0	0	0	0	0	1
Argentina_Pampas_6800BP	OUTGROUP	Argentina		0	0	3	0	0	0	0	0	3
Argentina_Salta_600BP	OUTGROUP	Argentina		2	0	0	0	0	0	0	0	2
Argentina_SanLuis_1900BP	OUTGROUP	Argentina		1	0	0	0	0	0	0	0	1
Argentina_SanLuis_600BP_Comechingones	OUTGROUP	Argentina		1	0	0	0	0	0	0	0	1
Argentina_SantaFe_1700BP_GoyaMalabrigo	OUTGROUP	Argentina		2	0	0	0	0	0	0	0	2
Argentina_SantaFe_800BP_GoyaMalabrigo	OUTGROUP	Argentina		1	0	0	0	0	0	0	0	1
Argentina_SantaFe_LateHolocene_Esperanza	OUTGROUP	Argentina		1	0	0	0	0	0	0	0	1
Argentina_SantaFe_LateHolocene_GoyaMalabrigo	OUTGROUP	Argentina		2	0	0	0	0	0	0	0	2
Argentina_SantiagodelEstero_1000BP_Sunchituyoj	OUTGROUP	Argentina		3	0	0	0	0	0	0	0	3
Argentina_SantiagodelEstero_1400BP	OUTGROUP	Argentina		1	0	0	0	0	0	0	0	1
Argentina_SantiagodelEstero_1700BP	OUTGROUP	Argentina		1	0	0	0	0	0	0	0	1
Argentina_SantiagodelEstero_400BP	OUTGROUP	Argentina		35	0	0	0	0	0	0	0	35
Argentina_SantiagodelEstero_500BP	OUTGROUP	Argentina		12	0	0	0	0	0	0	0	12
Argentina_SantiagodelEstero_700BP	OUTGROUP	Argentina		1	0	0	0	0	0	0	0	1
Argentina_StraitofMagellan_100BP_Kaweskar	OUTGROUP	Argentina		3	0	0	0	0	0	0	0	3
Argentina_StraitofMagellan_100BP_Selknam	OUTGROUP	Argentina		1	0	0	0	0	0	0	0	1
Argentina_TierradelFuego_400BP_Haush	OUTGROUP	Argentina		6	0	0	0	0	0	0	0	6
Argentina_Tucuman_1600BP	OUTGROUP	Argentina		1	0	0	0	0	0	0	0	1
Armenia_AgarakTownStadium_Medieval	OUTGROUP	Armenia		3	0	0	0	0	0	0	0	3
Armenia_Aghitu_Antiquity	OUTGROUP	Armenia		3	0	0	0	0	0	0	0	3
Armenia_Aknashen_N	OUTGROUP	Armenia		0	0	4	0	0	0	0	0	4
Armenia_BagheriTchala_EIA	OUTGROUP	Armenia		0	13	0	0	0	0	0	0	13
Armenia_Beniamin_Antiquity	OUTGROUP	Armenia		6	2	0	0	0	0	0	0	8
Armenia_Beniamin_BA_IA	OUTGROUP	Armenia		0	1	0	0	0	0	0	0	1
Armenia_Beniamin_EIA	OUTGROUP	Armenia		0	1	0	0	0	0	0	0	1
Armenia_Beniamin_EarlyMedieval	OUTGROUP	Armenia		4	0	0	0	0	0	0	0	4
Armenia_Beniamin_IA_Urartian	OUTGROUP	Armenia		0	1	0	0	0	0	0	0	1
Armenia_Beniamin_LBA	OUTGROUP	Armenia		0	2	0	0	0	0	0	0	2
Armenia_BlackFortress_LBA_EIA	OUTGROUP	Armenia		0	5	0	0	0	0	0	0	5
Armenia_BlackFortress_Medieval_Modern	OUTGROUP	Armenia		1	0	0	0	0	0	0	0	1
Armenia_BoverIICemetery_BA_IA	OUTGROUP	Armenia		0	1	0	0	0	0	0	0	1
Armenia_BoverIICemetery_IA_Urartian	OUTGROUP	Armenia		0	2	0	0	0	0	0	0	2
Armenia_Brardzryal_IA_Urartian	OUTGROUP	Armenia		0	10	0	0	0	0	0	0	10
Armenia_Brardzryal_IA_Urartian-o	OUTGROUP	Armenia		0	1	0	0	0	0	0	0	1
Armenia_C	OUTGROUP	Armenia		0	1	8	0	0	0	0	0	9
Armenia_DzhoghazBerkaber_EBA_KuraAraxes	OUTGROUP	Armenia		0	7	0	0	0	0	0	0	7
Armenia_DzoriGekh_LBA_IA	OUTGROUP	Armenia		0	1	0	0	0	0	0	0	1
Armenia_Harjis_Urartian_LIA	OUTGROUP	Armenia		0	6	0	0	0	0	0	0	6
Armenia_Kalavan_EBA_KuraAraxes	OUTGROUP	Armenia		0	4	0	0	0	0	0	0	4
Armenia_Kapan_EIA	OUTGROUP	Armenia		0	1	0	0	0	0	0	0	1
Armenia_Kaps_EBA	OUTGROUP	Armenia		0	1	0	0	0	0	0	0	1
Armenia_Kaps_EBA_KuraAraxes	OUTGROUP	Armenia		0	1	0	0	0	0	0	0	1
Armenia_Karashamb_BA_IA	OUTGROUP	Armenia		0	2	0	0	0	0	0	0	2
Armenia_Karashamb_EIA	OUTGROUP	Armenia		0	1	0	0	0	0	0	0	1
Armenia_Karashamb_LBA	OUTGROUP	Armenia		0	3	0	0	0	0	0	0	3
Armenia_Karashamb_LBA_EIA	OUTGROUP	Armenia		0	21	0	0	0	0	0	0	21
Armenia_KarmirBlur_Antiquity	OUTGROUP	Armenia		0	1	0	0	0	0	0	0	1
Armenia_KarmirBlur_EIA	OUTGROUP	Armenia		0	1	0	0	0	0	0	0	1
Armenia_KarmirBlur_EIA_Urartian	OUTGROUP	Armenia		0	1	0	0	0	0	0	0	1
Armenia_KarmirBlur_IA_Urartian	OUTGROUP	Armenia		0	5	0	0	0	0	0	0	5
Armenia_KarmirBlur_IA_Urartian-o	OUTGROUP	Armenia		0	1	0	0	0	0	0	0	1
Armenia_KarmirBlur_Urartian	OUTGROUP	Armenia		0	2	0	0	0	0	0	0	2
Armenia_Karnut_EBA_EIA	OUTGROUP	Armenia		0	1	0	0	0	0	0	0	1
Armenia_Karnut_EBA_KuraAraxes	OUTGROUP	Armenia		0	3	0	0	0	0	0	0	3
Armenia_Karnut_IA_Urartian	OUTGROUP	Armenia		0	2	0	0	0	0	0	0	2
Armenia_Katnaghbiur1_MBA	OUTGROUP	Armenia		0	1	0	0	0	0	0	0	1
Armenia_Keti_Antiquity	OUTGROUP	Armenia		0	1	0	0	0	0	0	0	1
Armenia_Keti_EIA	OUTGROUP	Armenia		0	1	0	0	0	0	0	0	1
Armenia_Keti_IA_Urartian	OUTGROUP	Armenia		0	1	0	0	0	0	0	0	1
Armenia_Keti_MBA	OUTGROUP	Armenia		0	2	0	0	0	0	0	0	2
Armenia_Lchashen_LBA	OUTGROUP	Armenia		0	15	0	0	0	0	0	0	15
Armenia_Lchashen_LBA-o	OUTGROUP	Armenia		0	1	0	0	0	0	0	0	1
Armenia_Lchashen_LBA_EIA	OUTGROUP	Armenia		0	1	0	0	0	0	0	0	1
Armenia_LernakertVeriBerd_MLBA	OUTGROUP	Armenia		0	5	0	0	0	0	0	0	5
Armenia_LoriBerd_IA_LateUrartian-1	OUTGROUP	Armenia		0	1	0	0	0	0	0	0	1
Armenia_LoriBerd_IA_Urartian-2	OUTGROUP	Armenia		0	1	0	0	0	0	0	0	1
Armenia_LoriBerd_LBA_EIA	OUTGROUP	Armenia		0	1	0	0	0	0	0	0	1
Armenia_LoriBerd_LBA_IA	OUTGROUP	Armenia		0	1	0	0	0	0	0	0	1
Armenia_MasisBlur_N	OUTGROUP	Armenia		0	0	2	0	0	0	0	0	2
Armenia_NerkinGetashen_LBA	OUTGROUP	Armenia		0	7	0	0	0	0	0	0	7
Armenia_NerkinGetashen_LBA-o	OUTGROUP	Armenia		0	1	0	0	0	0	0	0	1
Armenia_NerkinGetashen_LBA_EIA	OUTGROUP	Armenia		0	2	0	0	0	0	0	0	2
Armenia_NerkinGetashen_MBA	OUTGROUP	Armenia		0	2	0	0	0	0	0	0	2
Armenia_Norabak_BA_IA	OUTGROUP	Armenia		0	1	0	0	0	0	0	0	1
Armenia_Norabak_EIA	OUTGROUP	Armenia		0	1	0	0	0	0	0	0	1
Armenia_Noratus_Antiquity	OUTGROUP	Armenia		0	1	0	0	0	0	0	0	1
Armenia_Noratus_BA_IA	OUTGROUP	Armenia		0	4	0	0	0	0	0	0	4
Armenia_Noratus_IA_Urartian	OUTGROUP	Armenia		0	2	0	0	0	0	0	0	2
Armenia_Noratus_LBA_EIA	OUTGROUP	Armenia		0	3	0	0	0	0	0	0	3
Armenia_Noratus_LBA_IA	OUTGROUP	Armenia		0	11	0	0	0	0	0	0	11
Armenia_Pidjut_EIA	OUTGROUP	Armenia		0	1	0	0	0	0	0	0	1
Armenia_Pidjut_IA_Urartian	OUTGROUP	Armenia		0	7	0	0	0	0	0	0	7
Armenia_Sarukhan_Antiquity	OUTGROUP	Armenia		1	2	0	0	0	0	0	0	3
Armenia_Sarukhan_BA_IA	OUTGROUP	Armenia		0	1	0	0	0	0	0	0	1
Armenia_Sarukhan_EIA	OUTGROUP	Armenia		0	2	0	0	0	0	0	0	2
Armenia_Sarukhan_IA_Urartian	OUTGROUP	Armenia		0	2	0	0	0	0	0	0	2
Armenia_Sarukhan_LBA	OUTGROUP	Armenia		0	1	0	0	0	0	0	0	1
Armenia_Shengavit_EBA_KuraAraxes	OUTGROUP	Armenia		0	1	0	0	0	0	0	0	1
Armenia_Talin_EBA_KuraAraxes	OUTGROUP	Armenia		0	1	0	0	0	0	0	0	1
Armenia_Tavshut_MBA	OUTGROUP	Armenia		0	1	0	0	0	0	0	0	1
Armenia_Tekhut_BA_IA	OUTGROUP	Armenia		0	1	0	0	0	0	0	0	1
Armenia_Vardbakh_Antiquity	OUTGROUP	Armenia		1	0	0	0	0	0	0	0	1
Armenian	OUTGROUP	Armenia		2	0	0	0	0	0	0	0	2
Atayal	OUTGROUP	Taiwan		1	0	0	0	0	0	0	0	1
Australia_PreEuropean	OUTGROUP	Australia		9	0	0	0	0	0	0	0	9
Australian	OUTGROUP	Australia		2	0	0	0	0	0	0	0	2
Austria_AsparnSchletz_N_LBK	EUROPE_CONTROL	Austria		0	0	1	0	0	0	0	0	1
Austria_Avar	EUROPE_CONTROL	Austria		648	0	0	0	0	0	0	0	648
Austria_Avar-1	EUROPE_CONTROL	Austria		3	0	0	0	0	0	0	0	3
Austria_Avar-2	EUROPE_CONTROL	Austria		5	0	0	0	0	0	0	0	5
Austria_Avar-3	EUROPE_CONTROL	Austria		1	0	0	0	0	0	0	0	1
Austria_EN_LBK	EUROPE_CONTROL	Austria		0	0	6	0	0	0	0	0	6
Austria_EarlyMedieval	EUROPE_CONTROL	Austria		1	0	0	0	0	0	0	0	1
Austria_Gravettian	EUROPE_CONTROL	Austria		0	0	0	0	3	0	0	0	3
Austria_Hallein_IA_Hallstatt	EUROPE_CONTROL	Austria		0	2	0	0	0	0	0	0	2
Austria_Hallstatt_IA_Hallstatt	EUROPE_CONTROL	Austria		0	8	0	0	0	0	0	0	8
Austria_IA_LaTene	EUROPE_CONTROL	Austria		0	3	0	0	0	0	0	0	3
Austria_ImperialRoman	EUROPE_CONTROL	Austria		3	0	0	0	0	0	0	0	3
Austria_ImperialRoman-oAfrica-oLevant	EUROPE_CONTROL	Austria		1	0	0	0	0	0	0	0	1
Austria_ImperialRoman-oLevant	EUROPE_CONTROL	Austria		1	0	0	0	0	0	0	0	1
Austria_LateAntiquity_ImperialRoman	EUROPE_CONTROL	Austria		1	0	0	0	0	0	0	0	1
Austria_LateAntiquity_ImperialRoman-oLevant	EUROPE_CONTROL	Austria		3	0	0	0	0	0	0	0	3
Austria_Mesolithic	EUROPE_CONTROL	Austria		0	0	1	0	0	0	0	0	1
Austria_N_LBK	EUROPE_CONTROL	Austria		0	0	93	0	0	0	0	0	93
Austria_N_LBK-oHG	EUROPE_CONTROL	Austria		0	0	1	0	0	0	0	0	1
Avar	EUROPE_CONTROL	Russia		1	0	0	0	0	0	0	0	1
Aymara	OUTGROUP	Peru		1	0	0	0	0	0	0	0	1
Azerbaijan_Alkhantepe_LateC	OUTGROUP	Azerbaijan		0	1	0	0	0	0	0	0	1
Azerbaijan_MenteshTepe_LN_Caucasus	OUTGROUP	Azerbaijan		0	0	1	0	0	0	0	0	1
Azerbaijan_MenteshTepe_N_ShomutepeShulaveri	OUTGROUP	Azerbaijan		0	0	3	0	0	0	0	0	3
Azerbaijan_Polutepe_LN	OUTGROUP	Azerbaijan		0	0	1	0	0	0	0	0	1
Azerbaijan_Shamakhi_Antiquity	OUTGROUP	Azerbaijan		1	0	0	0	0	0	0	0	1
BEB	OUTGROUP	Bangladesh		85	0	0	0	0	0	0	0	85
BEB-o	OUTGROUP	Bangladesh		1	0	0	0	0	0	0	0	1
BEN	OUTGROUP	India		1	0	0	0	0	0	0	0	1
BIR	OUTGROUP	India		8	0	0	0	0	0	0	0	8
BIR-o	OUTGROUP	India		1	0	0	0	0	0	0	0	1
Bahamas_Abaco_Ceramic	OUTGROUP	Bahamas		4	0	0	0	0	0	0	0	4
Bahamas_Andros_Ceramic	OUTGROUP	Bahamas		10	0	0	0	0	0	0	0	10
Bahamas_Crooked_Ceramic	OUTGROUP	Bahamas		3	0	0	0	0	0	0	0	3
Bahamas_Eleuthera_Ceramic	OUTGROUP	Bahamas		10	0	0	0	0	0	0	0	10
Bahamas_Eleuthera_Ceramic-Dup	OUTGROUP	Bahamas		1	0	0	0	0	0	0	0	1
Bahamas_Long_Ceramic	OUTGROUP	Bahamas		4	0	0	0	0	0	0	0	4
Bahamas_Moores_Ceramic	OUTGROUP	Bahamas		1	0	0	0	0	0	0	0	1
Bahamas_RaggedIslandRange_Ceramic	OUTGROUP	Bahamas		1	0	0	0	0	0	0	0	1
Bahrain_EMTylos	OUTGROUP	Bahrain		1	0	0	0	0	0	0	0	1
Bahrain_LTylos_Sasanian	OUTGROUP	Bahrain		3	0	0	0	0	0	0	0	3
Balochi	OUTGROUP	Pakistan		26	0	0	0	0	0	0	0	26
Balti	OUTGROUP	Pakistan		18	0	0	0	0	0	0	0	18
BantuKenya	EAST_AFRICA	Kenya		13	0	0	0	0	0	0	0	13
BantuSA	OUTGROUP	Namibia		7	0	0	0	0	0	0	0	7
BantuSA_Ovambo	OUTGROUP	Angola		1	0	0	0	0	0	0	0	1
Bashkir	EUROPE_CONTROL	Russia		2	0	0	0	0	0	0	0	2
Bashkir-o	EUROPE_CONTROL	Russia		1	0	0	0	0	0	0	0	1
Basque	EUROPE_CONTROL	France		25	0	0	0	0	0	0	0	25
BedouinA	LEVANT	Israel		25	0	0	0	0	0	0	0	25
BedouinB	LEVANT	Israel		21	0	0	0	0	0	0	0	21
BedouinB_1	LEVANT	Israel		1	0	0	0	0	0	0	0	1
BedouinB_2	LEVANT	Israel		1	0	0	0	0	0	0	0	1
Belgium_Aurignacian	EUROPE_CONTROL	Belgium		0	0	0	0	1	0	0	0	1
Belgium_EarlyMedieval	EUROPE_CONTROL	Belgium		52	0	0	0	0	0	0	0	52
Belgium_EarlyMedieval_Merovingian	EUROPE_CONTROL	Belgium		4	0	0	0	0	0	0	0	4
Belgium_EarlyModern	EUROPE_CONTROL	Belgium		20	0	0	0	0	0	0	0	20
Belgium_Gravettian	EUROPE_CONTROL	Belgium		0	0	0	0	7	0	0	0	7
Belgium_HighMedieval	EUROPE_CONTROL	Belgium		183	0	0	0	0	0	0	0	183
Belgium_HighMedieval_LateMedieval	EUROPE_CONTROL	Belgium		40	0	0	0	0	0	0	0	40
Belgium_LN	EUROPE_CONTROL	Belgium		0	10	0	0	0	0	0	0	10
Belgium_LateMedieval	EUROPE_CONTROL	Belgium		11	0	0	0	0	0	0	0	11
Belgium_LateMedieval_EarlyModern	EUROPE_CONTROL	Belgium		48	0	0	0	0	0	0	0	48
Belgium_Magdalenian	EUROPE_CONTROL	Belgium		0	0	0	1	0	0	0	0	1
Belgium_Medieval	EUROPE_CONTROL	Belgium		42	0	0	0	0	0	0	0	42
Belgium_Merovingian	EUROPE_CONTROL	Belgium		2	0	0	0	0	0	0	0	2
Belgium_Mesolithic	EUROPE_CONTROL	Belgium		0	0	5	0	0	0	0	0	5
Belgium_Modern	EUROPE_CONTROL	Belgium		14	0	0	0	0	0	0	0	14
Belgium_N	EUROPE_CONTROL	Belgium		0	10	0	0	0	0	0	0	10
Belgium_N-o	EUROPE_CONTROL	Belgium		0	1	0	0	0	0	0	0	1
Belgium_N-oSteppe	EUROPE_CONTROL	Belgium		0	1	0	0	0	0	0	0	1
Belgium_Roman	EUROPE_CONTROL	Belgium		2	0	0	0	0	0	0	0	2
Belgium_UP	EUROPE_CONTROL	Belgium		0	0	0	0	1	0	0	0	1
Belize_5600BP_Archaic_Maya	OUTGROUP	Belize		0	3	0	0	0	0	0	0	3
Belize_7400BP_Archaic_Maya	OUTGROUP	Belize		0	0	2	0	0	0	0	0	2
Belize_8800BP_Archaic_Maya	OUTGROUP	Belize		0	0	1	0	0	0	0	0	1
Belize_9000BP_Archaic_Maya_possible	OUTGROUP	Belize		0	0	1	0	0	0	0	0	1
Belize_9400BP_Archaic_Maya	OUTGROUP	Belize		0	0	2	0	0	0	0	0	2
Belize_Archaic_4000BP_Maya	OUTGROUP	Belize		0	2	0	0	0	0	0	0	2
Belize_Archaic_4400BP_Maya	OUTGROUP	Belize		0	3	0	0	0	0	0	0	3
Belize_Archaic_4600BP_Maya	OUTGROUP	Belize		0	2	0	0	0	0	0	0	2
Belize_Archaic_5000BP_Maya	OUTGROUP	Belize		0	1	0	0	0	0	0	0	1
Belize_Archaic_5300BP_Maya	OUTGROUP	Belize		0	5	0	0	0	0	0	0	5
Biaka	OUTGROUP	Central African Republic		24	0	0	0	0	0	0	0	24
Bolivia_1050BP	OUTGROUP	Bolivia		1	0	0	0	0	0	0	0	1
Bolivia_Akapana_1000BP_Tiwanaku	OUTGROUP	Bolivia		4	0	0	0	0	0	0	0	4
Bolivia_Akapana_900BP_Tiwanaku	OUTGROUP	Bolivia		1	0	0	0	0	0	0	0	1
Bolivia_Lukurmata_1700BP_Tiwanaku	OUTGROUP	Bolivia		1	0	0	0	0	0	0	0	1
Bolivia_Lukurmata_500BP_Tiwanaku	OUTGROUP	Bolivia		1	0	0	0	0	0	0	0	1
Bolivia_Lukurmata_900BP_Tiwanaku	OUTGROUP	Bolivia		2	0	0	0	0	0	0	0	2
Bolivia_MHorizon	OUTGROUP	Bolivia		4	0	0	0	0	0	0	0	4
Bolivia_MirafloresTiticacaBasin_MHorizon_1100BP	OUTGROUP	Bolivia		3	0	0	0	0	0	0	0	3
Bolivia_MonolitoDescabezado_1000BP_Tiwanaku	OUTGROUP	Bolivia		1	0	0	0	0	0	0	0	1
Bolivia_Pumapunku_1200BP_Tiwanaku	OUTGROUP	Bolivia		1	0	0	0	0	0	0	0	1
Bolivia_Putuni_1200BP_Tiwanaku	OUTGROUP	Bolivia		1	0	0	0	0	0	0	0	1
Bolivia_Totocachi_500BP_Tiwanaku	OUTGROUP	Bolivia		1	0	0	0	0	0	0	0	1
BosniaHerzegovina_Medieval	OUTGROUP	Bosnia-Herzegovina		1	0	0	0	0	0	0	0	1
Botswana_EIA	OUTGROUP	Botswana		3	0	0	0	0	0	0	0	3
Brahmin	OUTGROUP	India		2	0	0	0	0	0	0	0	2
Brahui	OUTGROUP	Pakistan		28	0	0	0	0	0	0	0	28
Brazil_CentralMinasGerais_300BP_Botocudo	OUTGROUP	Brazil		1	0	0	0	0	0	0	0	1
Brazil_CentralMinasGerais_EarlyHolocene_10100BP_HG	OUTGROUP	Brazil		0	0	2	0	0	0	0	0	2
Brazil_CentralMinasGerais_EarlyHolocene_10200BP_HG	OUTGROUP	Brazil		0	0	1	0	0	0	0	0	1
Brazil_CentralMinasGerais_EarlyHolocene_10400BP_HG	OUTGROUP	Brazil		0	0	1	0	0	0	0	0	1
Brazil_CentralMinasGerais_EarlyHolocene_9200BP_HG	OUTGROUP	Brazil		0	0	1	0	0	0	0	0	1
Brazil_CentralMinasGerais_EarlyHolocene_9600BP_HG	OUTGROUP	Brazil		0	0	3	0	0	0	0	0	3
Brazil_CentralMinasGerais_EarlyHolocene_9800BP_HG	OUTGROUP	Brazil		0	0	1	0	0	0	0	0	1
Brazil_CentralMinasGerais_EarlyHolocene_9900BP_HG	OUTGROUP	Brazil		0	0	1	0	0	0	0	0	1
Brazil_CentralMinasGerais_EarlyHolocene_HG	OUTGROUP	Brazil		0	0	1	0	0	0	0	0	1
Brazil_EastEspiritoSanto_LateHolocene_1800BP_HG	OUTGROUP	Brazil		2	0	0	0	0	0	0	0	2
Brazil_EastEspiritoSanto_LateHolocene_1900BP_HG	OUTGROUP	Brazil		1	0	0	0	0	0	0	0	1
Brazil_EastEspiritoSanto_LateHolocene_2700BP_HG	OUTGROUP	Brazil		0	1	0	0	0	0	0	0	1
Brazil_EastEspiritoSanto_LateHolocene_500BP_TupiguaraniPottery	OUTGROUP	Brazil		1	0	0	0	0	0	0	0	1
Brazil_EastEspiritoSanto_LateHolocene_HG	OUTGROUP	Brazil		1	0	0	0	0	0	0	0	1
Brazil_NorthSantaCatarina_LateHolocene_2500BP_HG	OUTGROUP	Brazil		0	1	0	0	0	0	0	0	1
Brazil_NorthSantaCatarina_LateHolocene_2600BP_HG	OUTGROUP	Brazil		0	1	0	0	0	0	0	0	1
Brazil_Para_LateHolocene_500BP_TupiguaraniPottery_Koriabo	OUTGROUP	Brazil		1	0	0	0	0	0	0	0	1
Brazil_RioGrandeNorte_MiddleLateHolocene_HG	OUTGROUP	Brazil		0	1	0	0	0	0	0	0	1
Brazil_SouthMinasGerais_Pains_EarlyHolocene_9100BP	OUTGROUP	Brazil		0	0	1	0	0	0	0	0	1
Brazil_SouthPiaui_LateHolocene_3500BP_HG	OUTGROUP	Brazil		0	1	0	0	0	0	0	0	1
Brazil_SouthSantaCatarina_LateHolocene_1200BP	OUTGROUP	Brazil		1	0	0	0	0	0	0	0	1
Brazil_SouthSantaCatarina_LateHolocene_1300BP_HG	OUTGROUP	Brazil		1	0	0	0	0	0	0	0	1
Brazil_SouthSantaCatarina_LateHolocene_1400BP	OUTGROUP	Brazil		1	0	0	0	0	0	0	0	1
Brazil_SouthSantaCatarina_LateHolocene_1700BP_HG	OUTGROUP	Brazil		1	0	0	0	0	0	0	0	1
Brazil_SouthSantaCatarina_LateHolocene_2100BP_HG	OUTGROUP	Brazil		0	3	0	0	0	0	0	0	3
Brazil_SouthSantaCatarina_LateHolocene_2200BP	OUTGROUP	Brazil		0	3	0	0	0	0	0	0	3
Brazil_SouthSantaCatarina_LateHolocene_2300BP_HG	OUTGROUP	Brazil		0	2	0	0	0	0	0	0	2
Brazil_SouthSantaCatarina_LateHolocene_2400BP_HG	OUTGROUP	Brazil		0	5	0	0	0	0	0	0	5
Brazil_SouthSantaCatarina_LateHolocene_2500BP_HG	OUTGROUP	Brazil		0	1	0	0	0	0	0	0	1
Brazil_SouthSantaCatarina_LateHolocene_3200BP_HG	OUTGROUP	Brazil		0	2	0	0	0	0	0	0	2
Brazil_SouthSantaCatarina_LateHolocene_HG	OUTGROUP	Brazil		0	3	0	0	0	0	0	0	3
Brazil_SouthSaoPaulo_MiddleHolocene_5800BP_HG	OUTGROUP	Brazil		0	1	0	0	0	0	0	0	1
Brazil_SouthSaoPaulo_MiddleHolocene_6600BP_HG	OUTGROUP	Brazil		0	0	1	0	0	0	0	0	1
Brazil_SouthSaoPaulo_MiddleHolocene_6800BP_HG	OUTGROUP	Brazil		0	0	1	0	0	0	0	0	1
Brazil_SoutheastBahia_Vau_600BP_UnaPottery	OUTGROUP	Brazil		1	0	0	0	0	0	0	0	1
Brazil_SoutheastSaoPaulo_EarlyHolocene_10400BP	OUTGROUP	Brazil		0	0	1	0	0	0	0	0	1
Brazil_SoutheastSaoPaulo_LateHolocene_100BP_Kaingang	OUTGROUP	Brazil		1	0	0	0	0	0	0	0	1
Bulgaria_BachoKiroCave_IUP	EUROPE_CONTROL	Bulgaria	BALKANS	0	0	0	0	2	0	0	0	2
Bulgaria_BeliBreyag_EBA	EUROPE_CONTROL	Bulgaria	BALKANS	0	2	0	0	0	0	0	0	2
Bulgaria_Boyanovo_EBA	EUROPE_CONTROL	Bulgaria	BALKANS	0	3	0	0	0	0	0	0	3
Bulgaria_Boyanovo_EBA_Yamnaya	EUROPE_CONTROL	Bulgaria	BALKANS	0	1	0	0	0	0	0	0	1
Bulgaria_C	EUROPE_CONTROL	Bulgaria	BALKANS	0	0	1	0	0	0	0	0	1
Bulgaria_Diamandovo_EIA	EUROPE_CONTROL	Bulgaria	BALKANS	0	1	0	0	0	0	0	0	1
Bulgaria_Durankulak_C_ProtoYamnaya	EUROPE_CONTROL	Bulgaria	BALKANS	0	1	0	0	0	0	0	0	1
Bulgaria_Dzhulyunitsa_C	EUROPE_CONTROL	Bulgaria	BALKANS	0	0	1	0	0	0	0	0	1
Bulgaria_Dzhulyunitsa_EBA	EUROPE_CONTROL	Bulgaria	BALKANS	0	3	0	0	0	0	0	0	3
Bulgaria_Dzhulyunitsa_EBA-1	EUROPE_CONTROL	Bulgaria	BALKANS	0	3	0	0	0	0	0	0	3
Bulgaria_Dzhulyunitsa_IA	EUROPE_CONTROL	Bulgaria	BALKANS	0	2	0	0	0	0	0	0	2
Bulgaria_Dzhulyunitsa_N	EUROPE_CONTROL	Bulgaria	BALKANS	0	0	5	0	0	0	0	0	5
Bulgaria_Dzhulyunitsa_N-o	EUROPE_CONTROL	Bulgaria	BALKANS	0	0	2	0	0	0	0	0	2
Bulgaria_Dzhulyunitsa_N-oEEF	EUROPE_CONTROL	Bulgaria	BALKANS	0	0	1	0	0	0	0	0	1
Bulgaria_EBA_Yamnaya	EUROPE_CONTROL	Bulgaria	BALKANS	0	1	0	0	0	0	0	0	1
Bulgaria_GoljamataMogila_EBA_Yamnaya	EUROPE_CONTROL	Bulgaria	BALKANS	0	2	0	0	0	0	0	0	2
Bulgaria_Ivanovo_C	EUROPE_CONTROL	Bulgaria	BALKANS	0	0	2	0	0	0	0	0	2
Bulgaria_Kairyaka_EBA	EUROPE_CONTROL	Bulgaria	BALKANS	0	1	0	0	0	0	0	0	1
Bulgaria_Kairyaka_EBA-2	EUROPE_CONTROL	Bulgaria	BALKANS	0	1	0	0	0	0	0	0	1
Bulgaria_Kairyaka_MLBA	EUROPE_CONTROL	Bulgaria	BALKANS	0	1	0	0	0	0	0	0	1
Bulgaria_KapitanAndreevo_EBA_MBA	EUROPE_CONTROL	Bulgaria	BALKANS	0	1	0	0	0	0	0	0	1
Bulgaria_KapitanAndreevo_EIA	EUROPE_CONTROL	Bulgaria	BALKANS	0	11	0	0	0	0	0	0	11
Bulgaria_Kazanlak_LIA	EUROPE_CONTROL	Bulgaria	BALKANS	0	2	0	0	0	0	0	0	2
Bulgaria_Koriyata_at_Suvorovo_Medieval	EUROPE_CONTROL	Bulgaria	BALKANS	1	0	0	0	0	0	0	0	1
Bulgaria_Krepost_N	EUROPE_CONTROL	Bulgaria	BALKANS	0	0	3	0	0	0	0	0	3
Bulgaria_LozyankaMogila_EBA_Ezero	EUROPE_CONTROL	Bulgaria	BALKANS	0	1	0	0	0	0	0	0	1
Bulgaria_LozyankaMogila_Roman_LateAntiquity	EUROPE_CONTROL	Bulgaria	BALKANS	1	0	0	0	0	0	0	0	1
Bulgaria_MalakPreslavets_N	EUROPE_CONTROL	Bulgaria	BALKANS	0	0	4	0	0	0	0	0	4
Bulgaria_MalakPreslavets_N-oHighEEF	EUROPE_CONTROL	Bulgaria	BALKANS	0	0	3	0	0	0	0	0	3
Bulgaria_MalakPreslavets_N-oLowEEF	EUROPE_CONTROL	Bulgaria	BALKANS	0	0	3	0	0	0	0	0	3
Bulgaria_Mednikarovo_EBA_Yamnaya-o	EUROPE_CONTROL	Bulgaria	BALKANS	0	1	0	0	0	0	0	0	1
Bulgaria_Mogila_EBA_Yamnaya	EUROPE_CONTROL	Bulgaria	BALKANS	0	1	0	0	0	0	0	0	1
Bulgaria_NovaZagora_EBA	EUROPE_CONTROL	Bulgaria	BALKANS	0	1	0	0	0	0	0	0	1
Bulgaria_Ohoden_N	EUROPE_CONTROL	Bulgaria	BALKANS	0	0	1	0	0	0	0	0	1
Bulgaria_PetkoKaravelovo_C	EUROPE_CONTROL	Bulgaria	BALKANS	0	0	3	0	0	0	0	0	3
Bulgaria_Rozovo_LIA	EUROPE_CONTROL	Bulgaria	BALKANS	0	1	0	0	0	0	0	0	1
Bulgaria_Ryahovets_Medieval	EUROPE_CONTROL	Bulgaria	BALKANS	2	0	0	0	0	0	0	0	2
Bulgaria_Sabrano_EBA_Ezero	EUROPE_CONTROL	Bulgaria	BALKANS	0	2	0	0	0	0	0	0	2
Bulgaria_Samovodene_EarlyMedieval-oEastAsia	EUROPE_CONTROL	Bulgaria	BALKANS	1	0	0	0	0	0	0	0	1
Bulgaria_Samovodene_N	EUROPE_CONTROL	Bulgaria	BALKANS	0	0	1	0	0	0	0	0	1
Bulgaria_Smyadovo_C	EUROPE_CONTROL	Bulgaria	BALKANS	0	0	4	0	0	0	0	0	4
Bulgaria_Smyadovo_C-oSteppe	EUROPE_CONTROL	Bulgaria	BALKANS	0	0	1	0	0	0	0	0	1
Bulgaria_Smyadovo_EBA	EUROPE_CONTROL	Bulgaria	BALKANS	0	2	0	0	0	0	0	0	2
Bulgaria_Stambolovo_EIA	EUROPE_CONTROL	Bulgaria	BALKANS	0	2	0	0	0	0	0	0	2
Bulgaria_Sushina_C	EUROPE_CONTROL	Bulgaria	BALKANS	0	0	2	0	0	0	0	0	2
Bulgaria_Sushina_C-o	EUROPE_CONTROL	Bulgaria	BALKANS	0	0	1	0	0	0	0	0	1
Bulgaria_Svilengrad_EIA	EUROPE_CONTROL	Bulgaria	BALKANS	0	1	0	0	0	0	0	0	1
Bulgaria_Svilengrad_EIA-o	EUROPE_CONTROL	Bulgaria	BALKANS	0	1	0	0	0	0	0	0	1
Bulgaria_TellEzero_EBA	EUROPE_CONTROL	Bulgaria	BALKANS	0	2	0	0	0	0	0	0	2
Bulgaria_TellKran_EBA	EUROPE_CONTROL	Bulgaria	BALKANS	0	4	0	0	0	0	0	0	4
Bulgaria_Varna_C	EUROPE_CONTROL	Bulgaria	BALKANS	0	0	24	0	0	0	0	0	24
Bulgaria_Varna_C-2	EUROPE_CONTROL	Bulgaria	BALKANS	0	0	1	0	0	0	0	0	1
Bulgaria_Varna_C-o	EUROPE_CONTROL	Bulgaria	BALKANS	0	0	1	0	0	0	0	0	1
Bulgaria_Yabalkovo_N	EUROPE_CONTROL	Bulgaria	BALKANS	0	0	3	0	0	0	0	0	3
Bulgaria_Yunatsite_C	EUROPE_CONTROL	Bulgaria	BALKANS	0	0	16	0	0	0	0	0	16
Bulgaria_Yunatsite_C_Karanovo_Gumelnita	EUROPE_CONTROL	Bulgaria	BALKANS	0	0	1	0	0	0	0	0	1
Bulgaria_Yunatsite_EBA	EUROPE_CONTROL	Bulgaria	BALKANS	0	12	0	0	0	0	0	0	12
Bulgarian	EUROPE_CONTROL	Bulgaria	BALKANS	2	0	0	0	0	0	0	0	2
Burmese	OUTGROUP	Myanmar		2	0	0	0	0	0	0	0	2
Burusho	OUTGROUP	Pakistan		26	0	0	0	0	0	0	0	26
Buryat	EUROPE_CONTROL	Russia		4	0	0	0	0	0	0	0	4
CDX	OUTGROUP	China		98	0	0	0	0	0	0	0	98
CDX-o	OUTGROUP	China		1	0	0	0	0	0	0	0	1
CEU	OUTGROUP	USA		99	0	0	0	0	0	0	0	99
CHB	OUTGROUP	China		105	0	0	0	0	0	0	0	105
CHS	OUTGROUP	China		105	0	0	0	0	0	0	0	105
CHS-o	OUTGROUP	China		3	0	0	0	0	0	0	0	3
CLM	OUTGROUP	Colombia		94	0	0	0	0	0	0	0	94
Cambodia_IA	OUTGROUP	Cambodia		1	0	0	0	0	0	0	0	1
Cambodian	OUTGROUP	Cambodia		11	0	0	0	0	0	0	0	11
Cameroon_ShumLaka_SMA	WEST_AFRICA	Cameroon		0	3	4	0	0	0	0	0	7
Canada_6500BP	OUTGROUP	Canada		0	0	1	0	0	0	0	0	1
Canada_700BP	OUTGROUP	Canada		1	0	0	0	0	0	0	0	1
Canada_ASO_4800BP	OUTGROUP	Canada		0	1	0	0	0	0	0	0	1
Canada_ASO_600BP	OUTGROUP	Canada		3	0	0	0	0	0	0	0	3
Canada_ASO_600BP-1	OUTGROUP	Canada		1	0	0	0	0	0	0	0	1
Canada_ASO_600BP-2	OUTGROUP	Canada		1	0	0	0	0	0	0	0	1
Canada_ASO_600BP-o	OUTGROUP	Canada		1	0	0	0	0	0	0	0	1
Canada_BigBarLake_5600BP	OUTGROUP	Canada		0	1	0	0	0	0	0	0	1
Canada_LateDorset	OUTGROUP	Canada		1	0	0	0	0	0	0	0	1
Canada_MDorset	OUTGROUP	Canada		2	0	0	0	0	0	0	0	2
Canada_MDorset-o	OUTGROUP	Canada		1	0	0	0	0	0	0	0	1
Canada_Thule	OUTGROUP	Canada		1	0	0	0	0	0	0	0	1
Canary_Guanche	OUTGROUP	Canary Islands		3	0	0	0	0	0	0	0	3
ChagyrskayaCave_Neanderthal	EUROPE_CONTROL	Russia		0	0	0	0	0	2	0	0	2
ChannelIslands_C	OUTGROUP	Channel Islands		0	2	0	0	0	0	0	0	2
ChannelIslands_EIA_LaTene	OUTGROUP	Channel Islands		0	2	0	0	0	0	0	0	2
ChannelIslands_IA	OUTGROUP	Channel Islands		0	2	0	0	0	0	0	0	2
ChannelIslands_LIA_LaTene	OUTGROUP	Channel Islands		1	0	0	0	0	0	0	0	1
ChannelIslands_LN	OUTGROUP	Channel Islands		0	3	0	0	0	0	0	0	3
ChannelIslands_MN	OUTGROUP	Channel Islands		0	0	2	0	0	0	0	0	2
ChannelIslands_MN-o	OUTGROUP	Channel Islands		0	0	1	0	0	0	0	0	1
Chechen	EUROPE_CONTROL	Russia		1	0	0	0	0	0	0	0	1
Chile_CaletaHuelen_1100BP	OUTGROUP	Chile		2	0	0	0	0	0	0	0	2
Chile_CerroJohnny_400BP_Aonikenk	OUTGROUP	Chile		1	0	0	0	0	0	0	0	1
Chile_Conchali_700BP	OUTGROUP	Chile		2	0	0	0	0	0	0	0	2
Chile_FaroMendez_100BP_Selknam	OUTGROUP	Chile		1	0	0	0	0	0	0	0	1
Chile_HosteIsland_800BP	OUTGROUP	Chile		1	0	0	0	0	0	0	0	1
Chile_LosRieles_12000BP	OUTGROUP	Chile		0	0	2	0	0	0	0	0	2
Chile_LosRieles_5100BP	OUTGROUP	Chile		0	1	0	0	0	0	0	0	1
Chile_Patagonia_1200BP	OUTGROUP	Chile		1	0	0	0	0	0	0	0	1
Chile_Patagonia_5100BP	OUTGROUP	Chile		0	1	0	0	0	0	0	0	1
Chile_PicaOchoPica8_700BP	OUTGROUP	Chile		1	0	0	0	0	0	0	0	1
Chile_Precordillera_LIP_600BP_Pukara	OUTGROUP	Chile		1	0	0	0	0	0	0	0	1
Chile_Precordillera_LIP_700BP_Pukara	OUTGROUP	Chile		1	0	0	0	0	0	0	0	1
Chile_PuertoWilliams_800BP	OUTGROUP	Chile		1	0	0	0	0	0	0	0	1
Chile_PuntaSantaAna_7300BP	OUTGROUP	Chile		0	0	1	0	0	0	0	0	1
Chile_PuntaSantaMaria_800BP	OUTGROUP	Chile		1	0	0	0	0	0	0	0	1
Chimp	OUTGROUP			1	0	0	0	0	0	0	0	1
China_AmurRiverBasin_BA	OUTGROUP	China		0	1	0	0	0	0	0	0	1
China_AmurRiverBasin_LatePaleolithic	OUTGROUP	China		0	0	0	5	0	0	0	0	5
China_AmurRiverBasin_Mesolithic	OUTGROUP	China		0	0	5	0	0	0	0	0	5
China_AmurRiverBasin_N	OUTGROUP	China		0	0	13	0	0	0	0	0	13
China_AmurRiverBasin_UP	OUTGROUP	China		0	0	0	0	1	0	0	0	1
China_BA_Roman	OUTGROUP	China		0	10	0	0	0	0	0	0	10
China_Baligang_BA_EasternZhou	OUTGROUP	China		0	5	0	0	0	0	0	0	5
China_Baligang_LN_Longshan	OUTGROUP	China		0	6	0	0	0	0	0	0	6
China_Baligang_LN_Qujialing	OUTGROUP	China		0	2	0	0	0	0	0	0	2
China_Baligang_LN_Shijiahe	OUTGROUP	China		0	3	1	0	0	0	0	0	4
China_Baligang_LN_Yangshao	OUTGROUP	China		0	0	32	0	0	0	0	0	32
China_Baligang_N_Yangshao	OUTGROUP	China		0	7	2	0	0	0	0	0	9
China_BeiQian_Longshan	OUTGROUP	China		0	1	0	0	0	0	0	0	1
China_C	OUTGROUP	China		0	1	0	0	0	0	0	0	1
China_Dongying_FuJia_Dawenkou	OUTGROUP	China		0	3	0	0	0	0	0	0	3
China_EBA	OUTGROUP	China		0	8	0	0	0	0	0	0	8
China_EIA	OUTGROUP	China		0	5	0	0	0	0	0	0	5
China_EarlyModern_Modern	OUTGROUP	China		3	0	0	0	0	0	0	0	3
China_Fujian_Chuanyundong_Historic	OUTGROUP	China		1	0	0	0	0	0	0	0	1
China_Fujian_QiheCave_Epipaleolithic	OUTGROUP	China		0	0	1	0	0	0	0	0	1
China_Fujian_Qihedong_EN	OUTGROUP	China		0	0	1	0	0	0	0	0	1
China_Fujian_Tanshishan_LN	OUTGROUP	China		0	4	0	0	0	0	0	0	4
China_Fujian_Xitoucun_LN	OUTGROUP	China		0	7	0	0	0	0	0	0	7
China_Guangxi_BalongCave_NorthernAndSouthernDynasties	OUTGROUP	China		4	0	0	0	0	0	0	0	4
China_Guangxi_BandaCave_NorthernAndSouthernDynasties	OUTGROUP	China		2	0	0	0	0	0	0	0	2
China_Guangxi_BaojianshanCaveA_N	OUTGROUP	China		0	0	2	0	0	0	0	0	2
China_Guangxi_CenxunCave	OUTGROUP	China		3	0	0	0	0	0	0	0	3
China_Guangxi_Dushan_N	OUTGROUP	China		0	0	1	0	0	0	0	0	1
China_Guangxi_GaofengCave_MingDynasty_Qing	OUTGROUP	China		1	0	0	0	0	0	0	0	1
China_Guangxi_HuaqiaoCaves_MingDynasty	OUTGROUP	China		1	0	0	0	0	0	0	0	1
China_Guangxi_HuatuyanCave_MingDynasty	OUTGROUP	China		8	0	0	0	0	0	0	0	8
China_Guangxi_LadaCave_NorthernAndSouthernDynasties	OUTGROUP	China		1	0	0	0	0	0	0	0	1
China_Guangxi_LayiCave_NorthernAndSouthernDynasties	OUTGROUP	China		1	0	0	0	0	0	0	0	1
China_Guangxi_LonglinCave_Epipaleolithic	OUTGROUP	China		0	0	1	0	0	0	0	0	1
China_Guangxi_QinchangCave_NorthernAndSouthernDynasties	OUTGROUP	China		2	0	0	0	0	0	0	0	2
China_Guangxi_ShenxianCave	OUTGROUP	China		1	0	0	0	0	0	0	0	1
China_Guangxi_YinwangCave_MingDynasty	OUTGROUP	China		1	0	0	0	0	0	0	0	1
China_Guangxi_YiyangCave_NorthernAndSouthernDynasties	OUTGROUP	China		1	0	0	0	0	0	0	0	1
China_Guizhou_Dasongshan_MingDynasty	OUTGROUP	China		6	0	0	0	0	0	0	0	6
China_Henan_Haojiatai_IA	OUTGROUP	China		0	1	0	0	0	0	0	0	1
China_Henan_Haojiatai_LBA_IA-o	OUTGROUP	China		0	1	0	0	0	0	0	0	1
China_Henan_Haojiatai_LN	OUTGROUP	China		0	2	0	0	0	0	0	0	2
China_Henan_Jiaozuoniecunsite_LBA_IA	OUTGROUP	China		0	4	0	0	0	0	0	0	4
China_Henan_Pingliangtaisite_LN	OUTGROUP	China		0	4	0	0	0	0	0	0	4
China_Henan_Wadian_LN	OUTGROUP	China		0	1	0	0	0	0	0	0	1
China_Henan_Wadiansite_LN	OUTGROUP	China		0	2	0	0	0	0	0	0	2
China_Henan_Wanggousite_MN	OUTGROUP	China		0	6	0	0	0	0	0	0	6
China_Henan_Wanggousite_MN-o	OUTGROUP	China		0	1	0	0	0	0	0	0	1
China_Henan_Xiaowusite_MN	OUTGROUP	China		0	0	1	0	0	0	0	0	1
China_Henan_Xisima_LShang	OUTGROUP	China		0	11	0	0	0	0	0	0	11
China_IA	OUTGROUP	China		0	15	0	0	0	0	0	0	15
China_IA_Hellenistic	OUTGROUP	China		0	19	0	0	0	0	0	0	19
China_InnerMongolia_Erdaojingzi_LN	OUTGROUP	China		0	2	0	0	0	0	0	0	2
China_InnerMongolia_Erdaojingzi_LN-o	OUTGROUP	China		0	1	0	0	0	0	0	0	1
China_InnerMongolia_Haminmanghasite_MN	OUTGROUP	China		0	1	0	0	0	0	0	0	1
China_InnerMongolia_LongtouMountain_BA	OUTGROUP	China		0	2	0	0	0	0	0	0	2
China_InnerMongolia_LongtouMountain_BA-o	OUTGROUP	China		0	1	0	0	0	0	0	0	1
China_InnerMongolia_Miaozigousite_MN	OUTGROUP	China		0	3	0	0	0	0	0	0	3
China_InnerMongolia_MogushanXianbeisite_IA_Xianbei	OUTGROUP	China		3	0	0	0	0	0	0	0	3
China_InnerMongolia_Wuqifarmsite_EN	OUTGROUP	China		0	0	1	0	0	0	0	0	1
China_InnerMongolia_Yumin_EN	OUTGROUP	China		0	0	1	0	0	0	0	0	1
China_InnerMongolia_ZhalainuoerMiningSite_EN	OUTGROUP	China		0	0	1	0	0	0	0	0	1
China_InnerMongolia_ZhalainuoerMiningSite_IA	OUTGROUP	China		1	0	0	0	0	0	0	0	1
China_Jinan_LiuJiaZhuang_Shang	OUTGROUP	China		1	14	0	0	0	0	0	0	15
China_Jinan_Xiaojingshan_EBA	OUTGROUP	China		0	1	0	0	0	0	0	0	1
China_Jinan_Xiaojingshan_EN	OUTGROUP	China		0	0	2	0	0	0	0	0	2
China_Jinan_Xiaojingshan_EN-o	OUTGROUP	China		0	0	1	0	0	0	0	0	1
China_Jinan_Xiaojingshan_EarlyEneolithic	OUTGROUP	China		0	0	2	0	0	0	0	0	2
China_Jining_XiChen_EBA	OUTGROUP	China		0	1	0	0	0	0	0	0	1
China_Jining_XiChen_Shang	OUTGROUP	China		0	1	0	0	0	0	0	0	1
China_Jining_YinJiaCheng_Longshan	OUTGROUP	China		0	5	0	0	0	0	0	0	5
China_LBA	OUTGROUP	China		0	9	0	0	0	0	0	0	9
China_LBA_EIA	OUTGROUP	China		0	12	0	0	0	0	0	0	12
China_LN_Xiaoheyan	OUTGROUP	China		0	34	0	0	0	0	0	0	34
China_Lahu	OUTGROUP	China		10	0	0	0	0	0	0	0	10
China_LateAntiquity	OUTGROUP	China		1	0	0	0	0	0	0	0	1
China_Liaoning_Banlamountain_MN	OUTGROUP	China		0	2	0	0	0	0	0	0	2
China_Liaoning_Banlamountain_MN-o	OUTGROUP	China		0	1	0	0	0	0	0	0	1
China_MBA	OUTGROUP	China		5	4	0	0	0	0	0	0	9
China_MLBA	OUTGROUP	China		1	18	0	0	0	0	0	0	19
China_N	OUTGROUP	China		0	0	3	0	0	0	0	0	3
China_Nagqu_Ousui	OUTGROUP	China		0	1	0	0	0	0	0	0	1
China_NorthernChina_Xingfulindai	OUTGROUP	China		7	0	0	0	0	0	0	0	7
China_NorthwestXinjiang_Shirenzigou_IA	OUTGROUP	China		0	6	0	0	0	0	0	0	6
China_NorthwestXinjiang_Shirenzigou_IA-1	OUTGROUP	China		0	4	0	0	0	0	0	0	4
China_NorthwestXinjiang_Shirenzigou_IA-2	OUTGROUP	China		0	1	0	0	0	0	0	0	1
China_Penghu_Suogang_LN	OUTGROUP	China		0	2	0	0	0	0	0	0	2
China_Qingdao_BeiQian_Dawenkou	OUTGROUP	China		0	28	0	0	0	0	0	0	28
China_Qinghai_Dacaozisite_IA	OUTGROUP	China		3	0	0	0	0	0	0	0	3
China_Qinghai_Dacaozisite_IA-o	OUTGROUP	China		1	0	0	0	0	0	0	0	1
China_Qinghai_DulanWayanReservoirSite_Classical	OUTGROUP	China		9	0	0	0	0	0	0	0	9
China_Qinghai_DulanWayanReservoirSite_Classical-oWestEurasia	OUTGROUP	China		1	0	0	0	0	0	0	0	1
China_Qinghai_Jinchankousite_LN	OUTGROUP	China		0	1	0	0	0	0	0	0	1
China_Qinghai_Lajiasite_LN	OUTGROUP	China		0	3	0	0	0	0	0	0	3
China_Qinghai_Lajiasite_LN-o	OUTGROUP	China		0	2	0	0	0	0	0	0	2
China_Qinghai_Pukagongma	OUTGROUP	China		0	6	0	0	0	0	0	0	6
China_Qinghai_Yushu	OUTGROUP	China		1	0	0	0	0	0	0	0	1
China_Qinghai_Zongri	OUTGROUP	China		0	19	0	0	0	0	0	0	19
China_Roman	OUTGROUP	China		12	1	0	0	0	0	0	0	13
China_Roman_LateAntiquity	OUTGROUP	China		29	0	0	0	0	0	0	0	29
China_Shaanxi_Wuzhuangguoliang_LN	OUTGROUP	China		0	14	0	0	0	0	0	0	14
China_Shandong_Bianbian_EN	OUTGROUP	China		0	0	1	0	0	0	0	0	1
China_Shandong_BoshanMountain_EN	OUTGROUP	China		0	0	1	0	0	0	0	0	1
China_Shandong_Chengziya_EBA	OUTGROUP	China		0	1	0	0	0	0	0	0	1
China_Shandong_Chengziya_LN	OUTGROUP	China		0	1	0	0	0	0	0	0	1
China_Shandong_Chengziya_Longshan	OUTGROUP	China		0	3	0	0	0	0	0	0	3
China_Shandong_Chengziya_Yueshi	OUTGROUP	China		0	2	0	0	0	0	0	0	2
China_Shandong_Dinggong_LN	OUTGROUP	China		0	10	0	0	0	0	0	0	10
China_Shandong_Dinggong_LateAntiquity	OUTGROUP	China		1	0	0	0	0	0	0	0	1
China_Shandong_GangShang_Dawenkou	OUTGROUP	China		0	3	0	0	0	0	0	0	3
China_Shandong_Xiaogao_EN-o	OUTGROUP	China		0	0	1	0	0	0	0	0	1
China_Shanxi_Shengedaliang_LN	OUTGROUP	China		0	3	0	0	0	0	0	0	3
China_Sichuan_Gaoshan_LN	OUTGROUP	China		0	5	0	0	0	0	0	0	5
China_Sitaimengguying_EN	OUTGROUP	China		0	0	11	0	0	0	0	0	11
China_TianyuanCave_UP	OUTGROUP	China		0	0	0	0	1	0	0	0	1
China_Tibet_Agangrong	OUTGROUP	China		3	0	0	0	0	0	0	0	3
China_Tibet_Butaxiongqu	OUTGROUP	China		0	2	0	0	0	0	0	0	2
China_Tibet_Chaxiutang	OUTGROUP	China		2	0	0	0	0	0	0	0	2
China_Tibet_Dama	OUTGROUP	China		2	0	0	0	0	0	0	0	2
China_Tibet_Gachong	OUTGROUP	China		1	0	0	0	0	0	0	0	1
China_Tibet_Gangre	OUTGROUP	China		1	0	0	0	0	0	0	0	1
China_Tibet_Gebusailu_IA	OUTGROUP	China		0	12	0	0	0	0	0	0	12
China_Tibet_Gelintang	OUTGROUP	China		1	0	0	0	0	0	0	0	1
China_Tibet_Guge_Historic	OUTGROUP	China		1	0	0	0	0	0	0	0	1
China_Tibet_Gutong	OUTGROUP	China		1	0	0	0	0	0	0	0	1
China_Tibet_Jiesang	OUTGROUP	China		0	2	0	0	0	0	0	0	2
China_Tibet_Kangyu	OUTGROUP	China		1	0	0	0	0	0	0	0	1
China_Tibet_Laga_IA	OUTGROUP	China		0	1	0	0	0	0	0	0	1
China_Tibet_Lajue	OUTGROUP	China		1	0	0	0	0	0	0	0	1
China_Tibet_Latuotanggu	OUTGROUP	China		6	0	0	0	0	0	0	0	6
China_Tibet_Longsangquduo	OUTGROUP	China		14	0	0	0	0	0	0	0	14
China_Tibet_Nudagang	OUTGROUP	China		0	3	0	0	0	0	0	0	3
China_Tibet_Ounie	OUTGROUP	China		3	0	0	0	0	0	0	0	3
China_Tibet_Piyangjiweng	OUTGROUP	China		0	4	0	0	0	0	0	0	4
China_Tibet_Pulanduowa_IA	OUTGROUP	China		7	0	0	0	0	0	0	0	7
China_Tibet_Qulongsazha_IA	OUTGROUP	China		3	7	0	0	0	0	0	0	10
China_Tibet_Rangjun	OUTGROUP	China		1	0	0	0	0	0	0	0	1
China_Tibet_Redilong_IA	OUTGROUP	China		0	2	0	0	0	0	0	0	2
China_Tibet_Sangdalongguo_IA	OUTGROUP	China		0	17	0	0	0	0	0	0	17
China_Tibet_SdingChung	OUTGROUP	China		1	0	0	0	0	0	0	0	1
China_Tibet_Shigou	OUTGROUP	China		1	0	0	0	0	0	0	0	1
China_Tibet_Sila	OUTGROUP	China		0	1	0	0	0	0	0	0	1
China_Tibet_Tingcun	OUTGROUP	China		0	1	0	0	0	0	0	0	1
China_Tibet_Xiaoenda_IA	OUTGROUP	China		0	2	0	0	0	0	0	0	2
China_Tibet_Yusa	OUTGROUP	China		0	1	0	0	0	0	0	0	1
China_Tibet_Zhangcun	OUTGROUP	China		2	0	0	0	0	0	0	0	2
China_UnknownXinjiang_IA_Unknown	OUTGROUP	China		0	1	0	0	0	0	0	0	1
China_Weifang_XinZhi_Zhou	OUTGROUP	China		0	5	0	0	0	0	0	0	5
China_Xinjiang_Abusanteer_Antiquity	OUTGROUP	China		1	0	0	0	0	0	0	0	1
China_Xinjiang_Abusanteer_IA	OUTGROUP	China		0	4	0	0	0	0	0	0	4
China_Xinjiang_Abusanteer_IA-oEastAsia	OUTGROUP	China		0	1	0	0	0	0	0	0	1
China_Xinjiang_Abusanteer_IA-oWestEurasia	OUTGROUP	China		0	1	0	0	0	0	0	0	1
China_Xinjiang_Axile_IA	OUTGROUP	China		0	1	0	0	0	0	0	0	1
China_Xinjiang_Ayituohan_BA_Afanasievo	OUTGROUP	China		0	2	0	0	0	0	0	0	2
China_Xinjiang_Ayousaigoukou_Historical	OUTGROUP	China		1	0	0	0	0	0	0	0	1
China_Xinjiang_Ayousaigoukou_IA	OUTGROUP	China		0	1	0	0	0	0	0	0	1
China_Xinjiang_BA_Afanasievo	OUTGROUP	China		0	1	0	0	0	0	0	0	1
China_Xinjiang_Baiyanghe_Historical	OUTGROUP	China		1	0	0	0	0	0	0	0	1
China_Xinjiang_Baiyanghe_IA-1	OUTGROUP	China		0	1	0	0	0	0	0	0	1
China_Xinjiang_Baiyanghe_IA-2	OUTGROUP	China		0	1	0	0	0	0	0	0	1
China_Xinjiang_Beifang_BA	OUTGROUP	China		0	1	0	0	0	0	0	0	1
China_Xinjiang_Bolati_BA_Chemurcheck	OUTGROUP	China		0	1	0	0	0	0	0	0	1
China_Xinjiang_Bolati_IA	OUTGROUP	China		0	1	0	0	0	0	0	0	1
China_Xinjiang_Caishichang_IA	OUTGROUP	China		0	6	0	0	0	0	0	0	6
China_Xinjiang_Caishichang_IA-oWestEurasia	OUTGROUP	China		0	1	0	0	0	0	0	0	1
China_Xinjiang_ChaganguoleChagangole_BA_Chemurcheck	OUTGROUP	China		0	9	0	0	0	0	0	0	9
China_Xinjiang_ChaganguoleChagangole_IA	OUTGROUP	China		0	1	0	0	0	0	0	0	1
China_Xinjiang_Dongmaili_IA	OUTGROUP	China		0	2	0	0	0	0	0	0	2
China_Xinjiang_Dongtalede_IA-oEastAsia	OUTGROUP	China		0	1	0	0	0	0	0	0	1
China_Xinjiang_Eminhuojierte_IA	OUTGROUP	China		0	1	0	0	0	0	0	0	1
China_Xinjiang_G218_Historic	OUTGROUP	China		1	0	0	0	0	0	0	0	1
China_Xinjiang_G218_IA_Yuezhi_Scythian_Wusun_possible	OUTGROUP	China		0	1	0	0	0	0	0	0	1
China_Xinjiang_Hetian_Antiquity	OUTGROUP	China		8	0	0	0	0	0	0	0	8
China_Xinjiang_IA_Yuezhi_Scythian	OUTGROUP	China		0	1	0	0	0	0	0	0	1
China_Xinjiang_IA_Yuezhi_Scythian_Wusun_possible	OUTGROUP	China		0	3	0	0	0	0	0	0	3
China_Xinjiang_JierzankaleJirzankal_IA	OUTGROUP	China		0	8	0	0	0	0	0	0	8
China_Xinjiang_Jirentaigoukou_Antiquity	OUTGROUP	China		1	0	0	0	0	0	0	0	1
China_Xinjiang_Jirentaigoukou_EIA	OUTGROUP	China		0	3	0	0	0	0	0	0	3
China_Xinjiang_Jirentaigoukou_EIA-o	OUTGROUP	China		0	1	0	0	0	0	0	0	1
China_Xinjiang_Jirentaigoukou_EIA-oWestEurasia	OUTGROUP	China		0	1	0	0	0	0	0	0	1
China_Xinjiang_Jirentaigoukou_IA	OUTGROUP	China		0	1	0	0	0	0	0	0	1
China_Xinjiang_Jirentaigoukou_LBA	OUTGROUP	China		0	1	0	0	0	0	0	0	1
China_Xinjiang_Jirentaigoukou_LBA_Andronovo_Karasuk_possible	OUTGROUP	China		0	1	0	0	0	0	0	0	1
China_Xinjiang_Junmachanyilian_Historical	OUTGROUP	China		2	0	0	0	0	0	0	0	2
China_Xinjiang_Junmachanyilian_Historical-oEastAsia	OUTGROUP	China		1	0	0	0	0	0	0	0	1
China_Xinjiang_Junmachanyilian_IA	OUTGROUP	China		0	2	0	0	0	0	0	0	2
China_Xinjiang_Kafulang_Historical	OUTGROUP	China		1	0	0	0	0	0	0	0	1
China_Xinjiang_Kalatasi_IA	OUTGROUP	China		0	2	0	0	0	0	0	0	2
China_Xinjiang_Keqikesubutai_Historical	OUTGROUP	China		1	0	0	0	0	0	0	0	1
China_Xinjiang_Kuokesuxi_EIA	OUTGROUP	China		0	3	0	0	0	0	0	0	3
China_Xinjiang_Kuokesuxi_EIA-oWestEurasia	OUTGROUP	China		0	1	0	0	0	0	0	0	1
China_Xinjiang_Kuokesuxi_LBA_Andronovo	OUTGROUP	China		0	1	0	0	0	0	0	0	1
China_Xinjiang_Liushui_IA	OUTGROUP	China		0	3	0	0	0	0	0	0	3
China_Xinjiang_Qiafuqihaishuiku_IA_Wusun_possible	OUTGROUP	China		0	1	0	0	0	0	0	0	1
China_Xinjiang_Sahaxibei_IA	OUTGROUP	China		0	1	0	0	0	0	0	0	1
China_Xinjiang_ShanpulaSampula_Antiquity	OUTGROUP	China		4	0	0	0	0	0	0	0	4
China_Xinjiang_ShanpulaSampula_Antiquity-oWestEurasia	OUTGROUP	China		1	0	0	0	0	0	0	0	1
China_Xinjiang_Simutasi_IA	OUTGROUP	China		0	2	0	0	0	0	0	0	2
China_Xinjiang_Songshugou_BA	OUTGROUP	China		0	3	0	0	0	0	0	0	3
China_Xinjiang_Songshugou_BA_Afanasievo	OUTGROUP	China		0	1	0	0	0	0	0	0	1
China_Xinjiang_Songshugou_EIA	OUTGROUP	China		0	5	0	0	0	0	0	0	5
China_Xinjiang_Songshugou_EIA-oWestEurasia	OUTGROUP	China		0	1	0	0	0	0	0	0	1
China_Xinjiang_Songshugou_LBA	OUTGROUP	China		0	1	0	0	0	0	0	0	1
China_Xinjiang_Tangbalesayi_Historical_Nomad	OUTGROUP	China		1	0	0	0	0	0	0	0	1
China_Xinjiang_Tangbalesayi_IA	OUTGROUP	China		0	1	0	0	0	0	0	0	1
China_Xinjiang_Tangbalesayi_IA_Wusun_possible	OUTGROUP	China		0	5	0	0	0	0	0	0	5
China_Xinjiang_Tangbalesayi_LBA_Andronovo	OUTGROUP	China		0	1	0	0	0	0	0	0	1
China_Xinjiang_Tielieketesai_IA	OUTGROUP	China		0	1	0	0	0	0	0	0	1
China_Xinjiang_Tielieketesai_IA-1	OUTGROUP	China		0	1	0	0	0	0	0	0	1
China_Xinjiang_Tielieketesai_IA-2	OUTGROUP	China		0	1	0	0	0	0	0	0	1
China_Xinjiang_Tuoganbai_BA	OUTGROUP	China		0	1	0	0	0	0	0	0	1
China_Xinjiang_Tuoganbai_BA_Chemurcheck	OUTGROUP	China		0	2	0	0	0	0	0	0	2
China_Xinjiang_Tuwaxingcun_IA_Pazyryk_possible	OUTGROUP	China		0	1	0	0	0	0	0	0	1
China_Xinjiang_Wulanbuluke_IA	OUTGROUP	China		0	3	0	0	0	0	0	0	3
China_Xinjiang_Wutulan_IA	OUTGROUP	China		0	5	0	0	0	0	0	0	5
China_Xinjiang_Wutulan_IA_possible	OUTGROUP	China		0	4	0	0	0	0	0	0	4
China_Xinjiang_Wutulan_LBA_Andronovo	OUTGROUP	China		0	1	0	0	0	0	0	0	1
China_Xinjiang_Wutulan_LBA_Andronovo-oSiberia	OUTGROUP	China		0	1	0	0	0	0	0	0	1
China_Xinjiang_Wuzan_IA	OUTGROUP	China		0	3	0	0	0	0	0	0	3
China_Xinjiang_Wuzan_IA-oEastAsia	OUTGROUP	China		0	2	0	0	0	0	0	0	2
China_Xinjiang_Xianshuiquangucheng_Antiquity	OUTGROUP	China		2	0	0	0	0	0	0	0	2
China_Xinjiang_Xiaohe_BA	OUTGROUP	China		0	11	0	0	0	0	0	0	11
China_Xinjiang_Xikakandasayi_Historical	OUTGROUP	China		1	0	0	0	0	0	0	0	1
China_Xinjiang_Zeketai_IA	OUTGROUP	China		0	1	0	0	0	0	0	0	1
China_Xinjiang_ZhagunlukeZaghunluq_IA	OUTGROUP	China		1	11	0	0	0	0	0	0	12
China_Xinjiang_ZhagunlukeZaghunluq_IA-o	OUTGROUP	China		0	1	0	0	0	0	0	0	1
China_Yunnan_Haimenkou_BA	OUTGROUP	China		0	6	0	0	0	0	0	0	6
China_Yunnan_Jicha_BA	OUTGROUP	China		0	1	0	0	0	0	0	0	1
China_Zibo_HouLi_Shang	OUTGROUP	China		0	3	0	0	0	0	0	0	3
China_Zibo_TongLin_Jin	OUTGROUP	China		1	7	0	0	0	0	0	0	8
China_Zibo_YiXi	OUTGROUP	China		0	4	0	0	0	0	0	0	4
Chukchi	EUROPE_CONTROL	Russia		1	0	0	0	0	0	0	0	1
Colombia_Checua	OUTGROUP	Colombia		0	6	1	0	0	0	0	0	7
Colombia_LagunadeLaHerrera_Formative	OUTGROUP	Colombia		1	8	0	0	0	0	0	0	9
Colombia_LasDelicias_Early_Muisca	OUTGROUP	Colombia		2	0	0	0	0	0	0	0	2
Colombia_Portalegre_Muisca	OUTGROUP	Colombia		1	0	0	0	0	0	0	0	1
Colombia_Purnia_Guane	OUTGROUP	Colombia		2	0	0	0	0	0	0	0	2
Crimea_BuranKayaIII_EarlyUP	OUTGROUP	Crimea		0	0	0	0	2	0	0	0	2
Crimea_Chersonesus_City_IA	OUTGROUP	Crimea		0	6	0	0	0	0	0	0	6
Crimea_MithridatesHill	OUTGROUP	Crimea		1	0	0	0	0	0	0	0	1
Crimea_SuvluKhaye_MigrationPeriod_Goth	OUTGROUP	Crimea		2	0	0	0	0	0	0	0	2
Crimea_SuvluKhaye_MigrationPeriod_Sarmatian	OUTGROUP	Crimea		1	0	0	0	0	0	0	0	1
Croatia_BA	EUROPE_CONTROL	Croatia	BALKANS	0	2	0	0	0	0	0	0	2
Croatia_C	EUROPE_CONTROL	Croatia	BALKANS	0	1	0	0	0	0	0	0	1
Croatia_C_Lasinja	EUROPE_CONTROL	Croatia	BALKANS	0	0	35	0	0	0	0	0	35
Croatia_Dalmatia_ImperialRoman	EUROPE_CONTROL	Croatia	BALKANS	7	0	0	0	0	0	0	0	7
Croatia_Dalmatia_ImperialRoman-oLevant	EUROPE_CONTROL	Croatia	BALKANS	1	0	0	0	0	0	0	0	1
Croatia_Dalmatia_LateAntiquity_Roman	EUROPE_CONTROL	Croatia	BALKANS	6	0	0	0	0	0	0	0	6
Croatia_Dalmatia_LateAntiquity_Roman-oCaucasus	EUROPE_CONTROL	Croatia	BALKANS	1	0	0	0	0	0	0	0	1
Croatia_EIA	EUROPE_CONTROL	Croatia	BALKANS	1	23	0	0	0	0	0	0	24
Croatia_EN_Impressa	EUROPE_CONTROL	Croatia	BALKANS	0	0	2	0	0	0	0	0	2
Croatia_EN_Starcevo	EUROPE_CONTROL	Croatia	BALKANS	0	0	3	0	0	0	0	0	3
Croatia_EarlyMedieval	EUROPE_CONTROL	Croatia	BALKANS	8	0	0	0	0	0	0	0	8
Croatia_EarlyMedieval-oAegean	EUROPE_CONTROL	Croatia	BALKANS	1	0	0	0	0	0	0	0	1
Croatia_EarlyMedieval_Avar	EUROPE_CONTROL	Croatia	BALKANS	12	0	0	0	0	0	0	0	12
Croatia_EarlyMedieval_Avar-oNorthEurope	EUROPE_CONTROL	Croatia	BALKANS	1	0	0	0	0	0	0	0	1
Croatia_EarlyMedieval_EarlySlav	EUROPE_CONTROL	Croatia	BALKANS	2	0	0	0	0	0	0	0	2
Croatia_EarlyMedieval_EarlySlav-oAegean	EUROPE_CONTROL	Croatia	BALKANS	1	0	0	0	0	0	0	0	1
Croatia_ImperialRoman	EUROPE_CONTROL	Croatia	BALKANS	8	0	0	0	0	0	0	0	8
Croatia_ImperialRoman-1	EUROPE_CONTROL	Croatia	BALKANS	1	0	0	0	0	0	0	0	1
Croatia_ImperialRoman-3	EUROPE_CONTROL	Croatia	BALKANS	1	0	0	0	0	0	0	0	1
Croatia_ImperialRoman-oAfrica	EUROPE_CONTROL	Croatia	BALKANS	1	0	0	0	0	0	0	0	1
Croatia_ImperialRoman-oLevant	EUROPE_CONTROL	Croatia	BALKANS	1	0	0	0	0	0	0	0	1
Croatia_ImperialRoman_Roman	EUROPE_CONTROL	Croatia	BALKANS	1	0	0	0	0	0	0	0	1
Croatia_LBA_EIA	EUROPE_CONTROL	Croatia	BALKANS	0	3	0	0	0	0	0	0	3
Croatia_LIA	EUROPE_CONTROL	Croatia	BALKANS	0	2	0	0	0	0	0	0	2
Croatia_LateAntiquity	EUROPE_CONTROL	Croatia	BALKANS	9	0	0	0	0	0	0	0	9
Croatia_LateAntiquity-oAegean	EUROPE_CONTROL	Croatia	BALKANS	1	0	0	0	0	0	0	0	1
Croatia_LateAntiquity-oAfrica	EUROPE_CONTROL	Croatia	BALKANS	1	0	0	0	0	0	0	0	1
Croatia_LateAntiquity-oEurope	EUROPE_CONTROL	Croatia	BALKANS	3	0	0	0	0	0	0	0	3
Croatia_LateAntiquity_ImperialRoman	EUROPE_CONTROL	Croatia	BALKANS	3	0	0	0	0	0	0	0	3
Croatia_LateAntiquity_ImperialRoman-oEurope	EUROPE_CONTROL	Croatia	BALKANS	1	0	0	0	0	0	0	0	1
Croatia_LateAntiquity_ImperialRoman_Roman	EUROPE_CONTROL	Croatia	BALKANS	8	0	0	0	0	0	0	0	8
Croatia_LateAntiquity_Roman-oNorthEurope	EUROPE_CONTROL	Croatia	BALKANS	1	0	0	0	0	0	0	0	1
Croatia_LateC_EBA_Vucedol	EUROPE_CONTROL	Croatia	BALKANS	0	1	0	0	0	0	0	0	1
Croatia_LateC_EBA_Vucedol-oSteppe	EUROPE_CONTROL	Croatia	BALKANS	0	1	0	0	0	0	0	0	1
Croatia_MBA	EUROPE_CONTROL	Croatia	BALKANS	0	16	0	0	0	0	0	0	16
Croatia_MBA_Cetina	EUROPE_CONTROL	Croatia	BALKANS	0	11	0	0	0	0	0	0	11
Croatia_MBA_Cetina-Dup	EUROPE_CONTROL	Croatia	BALKANS	0	3	0	0	0	0	0	0	3
Croatia_MBA_Cetina-o	EUROPE_CONTROL	Croatia	BALKANS	0	2	0	0	0	0	0	0	2
Croatia_MLBA	EUROPE_CONTROL	Croatia	BALKANS	0	30	0	0	0	0	0	0	30
Croatia_MN	EUROPE_CONTROL	Croatia	BALKANS	0	0	15	0	0	0	0	0	15
Croatia_MN_LaTene	EUROPE_CONTROL	Croatia	BALKANS	0	0	1	0	0	0	0	0	1
Croatia_MN_Sopot	EUROPE_CONTROL	Croatia	BALKANS	0	0	13	0	0	0	0	0	13
Croatia_MN_Starcevo	EUROPE_CONTROL	Croatia	BALKANS	0	0	2	0	0	0	0	0	2
Croatia_Medieval	EUROPE_CONTROL	Croatia	BALKANS	1	0	0	0	0	0	0	0	1
Croatia_Medieval_Modern	EUROPE_CONTROL	Croatia	BALKANS	2	0	0	0	0	0	0	0	2
Croatia_Mesolithic_HG	EUROPE_CONTROL	Croatia	BALKANS	0	0	1	0	0	0	0	0	1
Croatia_Modern	EUROPE_CONTROL	Croatia	BALKANS	1	0	0	0	0	0	0	0	1
Croatia_N_Cardial	EUROPE_CONTROL	Croatia	BALKANS	0	0	4	0	0	0	0	0	4
Croatia_N_Lasinja	EUROPE_CONTROL	Croatia	BALKANS	0	0	1	0	0	0	0	0	1
Croatia_N_Starcevo	EUROPE_CONTROL	Croatia	BALKANS	0	2	0	0	0	0	0	0	2
Croatia_Popova_CA	EUROPE_CONTROL	Croatia	BALKANS	0	1	0	0	0	0	0	0	1
Croatia_Roman_LateAntiquity	EUROPE_CONTROL	Croatia	BALKANS	19	0	0	0	0	0	0	0	19
Croatia_Roman_LateAntiquity-o	EUROPE_CONTROL	Croatia	BALKANS	1	0	0	0	0	0	0	0	1
Croatia_Roman_LateAntiquity-oAegean	EUROPE_CONTROL	Croatia	BALKANS	1	0	0	0	0	0	0	0	1
Croatia_Roman_LateAntiquity-oEurope	EUROPE_CONTROL	Croatia	BALKANS	1	0	0	0	0	0	0	0	1
Croatia_Roman_LateAntiquity-oLevant	EUROPE_CONTROL	Croatia	BALKANS	3	0	0	0	0	0	0	0	3
Croatia_Roman_LateAntiquity-oNorthEurope	EUROPE_CONTROL	Croatia	BALKANS	1	0	0	0	0	0	0	0	1
Croatia_VenetiaHistria_LateAntiquity_Roman	EUROPE_CONTROL	Croatia	BALKANS	5	0	0	0	0	0	0	0	5
Croatia_Vucedol-o	EUROPE_CONTROL	Croatia	BALKANS	0	1	0	0	0	0	0	0	1
Cuba_Ceramic	OUTGROUP	Cuba		3	0	0	0	0	0	0	0	3
Cuba_PreCeramic	OUTGROUP	Cuba		27	17	0	0	0	0	0	0	44
Cuba_PreCeramic-2	OUTGROUP	Cuba		1	0	0	0	0	0	0	0	1
Curacao_Ceramic	OUTGROUP	Curacao		5	0	0	0	0	0	0	0	5
Cyprus_C	LEVANT	Cyprus	CYPRUS	0	1	0	0	0	0	0	0	1
Cyprus_PPNB	LEVANT	Cyprus	CYPRUS	0	0	1	0	0	0	0	0	1
Czech	EUROPE_CONTROL	Czechia		1	0	0	0	0	0	0	0	1
Czechia_BA_BellBeaker	EUROPE_CONTROL	Czechia		0	10	0	0	0	0	0	0	10
Czechia_BA_Veterov1-2	EUROPE_CONTROL	Czechia		0	1	0	0	0	0	0	0	1
Czechia_BellBeaker	EUROPE_CONTROL	Czechia		0	61	0	0	0	0	0	0	61
Czechia_BellBeaker-oAnatolia1	EUROPE_CONTROL	Czechia		0	1	0	0	0	0	0	0	1
Czechia_BellBeaker-oAnatolia2	EUROPE_CONTROL	Czechia		0	3	0	0	0	0	0	0	3
Czechia_BellBeaker-oSteppe	EUROPE_CONTROL	Czechia		0	2	0	0	0	0	0	0	2
Czechia_C	EUROPE_CONTROL	Czechia		0	3	0	0	0	0	0	0	3
Czechia_C_Baalberge	EUROPE_CONTROL	Czechia		0	22	2	0	0	0	0	0	24
Czechia_C_Baalberge-1	EUROPE_CONTROL	Czechia		0	2	0	0	0	0	0	0	2
Czechia_C_Baalberge-2	EUROPE_CONTROL	Czechia		0	1	0	0	0	0	0	0	1
Czechia_EBA	EUROPE_CONTROL	Czechia		0	15	0	0	0	0	0	0	15
Czechia_EBA-1	EUROPE_CONTROL	Czechia		0	1	0	0	0	0	0	0	1
Czechia_EBA_CordedWare	EUROPE_CONTROL	Czechia		0	47	0	0	0	0	0	0	47
Czechia_EBA_CordedWare-1	EUROPE_CONTROL	Czechia		0	1	0	0	0	0	0	0	1
Czechia_EBA_CordedWare-2	EUROPE_CONTROL	Czechia		0	2	0	0	0	0	0	0	2
Czechia_EBA_CordedWare-3	EUROPE_CONTROL	Czechia		0	1	0	0	0	0	0	0	1
Czechia_EBA_Protounetice	EUROPE_CONTROL	Czechia		0	1	0	0	0	0	0	0	1
Czechia_EBA_Starounetice	EUROPE_CONTROL	Czechia		0	2	0	0	0	0	0	0	2
Czechia_EBA_Unetice	EUROPE_CONTROL	Czechia		0	111	0	0	0	0	0	0	111
Czechia_EBA_Unetice-o	EUROPE_CONTROL	Czechia		0	2	0	0	0	0	0	0	2
Czechia_EMBA	EUROPE_CONTROL	Czechia		0	1	0	0	0	0	0	0	1
Czechia_EN	EUROPE_CONTROL	Czechia		0	0	1	0	0	0	0	0	1
Czechia_EN_LBK	EUROPE_CONTROL	Czechia		0	0	2	0	0	0	0	0	2
Czechia_EarlyMedieval_EarlySlav	EUROPE_CONTROL	Czechia		3	0	0	0	0	0	0	0	3
Czechia_Eneolithic	EUROPE_CONTROL	Czechia		0	2	0	0	0	0	0	0	2
Czechia_Gravettian	EUROPE_CONTROL	Czechia		0	0	0	0	6	0	0	0	6
Czechia_Holubice_MigrationPeriod_Lombards	EUROPE_CONTROL	Czechia		4	0	0	0	0	0	0	0	4
Czechia_IA	EUROPE_CONTROL	Czechia		0	1	0	0	0	0	0	0	1
Czechia_IA_Hallstatt	EUROPE_CONTROL	Czechia		0	15	0	0	0	0	0	0	15
Czechia_IA_Hallstatt-o	EUROPE_CONTROL	Czechia		0	1	0	0	0	0	0	0	1
Czechia_IA_Hallstatt_LaTene	EUROPE_CONTROL	Czechia		0	1	0	0	0	0	0	0	1
Czechia_IA_LaTene	EUROPE_CONTROL	Czechia		0	55	0	0	0	0	0	0	55
Czechia_LBA	EUROPE_CONTROL	Czechia		0	29	0	0	0	0	0	0	29
Czechia_LBA-3	EUROPE_CONTROL	Czechia		0	3	0	0	0	0	0	0	3
Czechia_LN	EUROPE_CONTROL	Czechia		0	1	0	0	0	0	0	0	1
Czechia_Lovosice_IA_Hallstatt	EUROPE_CONTROL	Czechia		0	1	0	0	0	0	0	0	1
Czechia_Luzice_MigrationPeriod_Lombards	EUROPE_CONTROL	Czechia		3	0	0	0	0	0	0	0	3
Czechia_MBA_Tumulus	EUROPE_CONTROL	Czechia		0	4	0	0	0	0	0	0	4
Czechia_MN	EUROPE_CONTROL	Czechia		0	0	4	0	0	0	0	0	4
Czechia_Medieval	EUROPE_CONTROL	Czechia		3	0	0	0	0	0	0	0	3
Czechia_Modern_LaTene	EUROPE_CONTROL	Czechia		1	0	0	0	0	0	0	0	1
Czechia_N	EUROPE_CONTROL	Czechia		0	16	7	0	0	0	0	0	23
Czechia_N-oAnatolia	EUROPE_CONTROL	Czechia		0	1	0	0	0	0	0	0	1
Czechia_N-oWHG	EUROPE_CONTROL	Czechia		0	2	1	0	0	0	0	0	3
Czechia_N_Baden	EUROPE_CONTROL	Czechia		0	2	0	0	0	0	0	0	2
Czechia_N_GlobularAmphora	EUROPE_CONTROL	Czechia		0	6	0	0	0	0	0	0	6
Czechia_N_Hallstatt	EUROPE_CONTROL	Czechia		0	1	0	0	0	0	0	0	1
Czechia_N_Jordanow	EUROPE_CONTROL	Czechia		0	0	3	0	0	0	0	0	3
Czechia_N_Jordanow_Michelsberg	EUROPE_CONTROL	Czechia		0	1	0	0	0	0	0	0	1
Czechia_N_TRB	EUROPE_CONTROL	Czechia		0	2	0	0	0	0	0	0	2
Czechia_Radovesice_II_IA_LaTene	EUROPE_CONTROL	Czechia		0	7	0	0	0	0	0	0	7
Czechia_Zlatykun_IUP	EUROPE_CONTROL	Czechia		0	0	0	0	1	0	0	0	1
Dai	OUTGROUP	China		13	0	0	0	0	0	0	0	13
Daur	OUTGROUP	China		10	0	0	0	0	0	0	0	10
DemocraticRepublicoftheCongo_MatangaiTuruNorthwest_IA	WEST_AFRICA	Democratic Republic of the Congo		1	0	0	0	0	0	0	0	1
DemocraticRepublicoftheCongo_Protohistoric	WEST_AFRICA	Democratic Republic of the Congo		3	0	0	0	0	0	0	0	3
DemocraticRepublicoftheCongo_Protohistoric-o	WEST_AFRICA	Democratic Republic of the Congo		1	0	0	0	0	0	0	0	1
Denmark_AalstrupMellergaard_EIA	EUROPE_CONTROL	Denmark		0	1	0	0	0	0	0	0	1
Denmark_AamosenGammelvind_IA_BogSkeleton_LateGermanic	EUROPE_CONTROL	Denmark		1	0	0	0	0	0	0	0	1
Denmark_Aastofte_Roman	EUROPE_CONTROL	Denmark		1	0	0	0	0	0	0	0	1
Denmark_Alken_Enge_EarlyRomanBogWar	EUROPE_CONTROL	Denmark		13	1	0	0	0	0	0	0	14
Denmark_Allerslev_IA_EarlyGermanic	EUROPE_CONTROL	Denmark		1	0	0	0	0	0	0	0	1
Denmark_Almager_EarlyRoman	EUROPE_CONTROL	Denmark		1	0	0	0	0	0	0	0	1
Denmark_Alpegard_LateRoman	EUROPE_CONTROL	Denmark		1	0	0	0	0	0	0	0	1
Denmark_Alsted_LateRoman	EUROPE_CONTROL	Denmark		1	0	0	0	0	0	0	0	1
Denmark_Asnaes_EarlyRoman	EUROPE_CONTROL	Denmark		10	0	0	0	0	0	0	0	10
Denmark_Asnaes_Roman	EUROPE_CONTROL	Denmark		1	0	0	0	0	0	0	0	1
Denmark_AssistensKirkegard_Modern	EUROPE_CONTROL	Denmark		2	0	0	0	0	0	0	0	2
Denmark_BA	EUROPE_CONTROL	Denmark		0	3	0	0	0	0	0	0	3
Denmark_Bakkendrup_Viking	EUROPE_CONTROL	Denmark		1	0	0	0	0	0	0	0	1
Denmark_Bakkendrup_Viking_Viking	EUROPE_CONTROL	Denmark		3	0	0	0	0	0	0	0	3
Denmark_Barse_Roman	EUROPE_CONTROL	Denmark		1	0	0	0	0	0	0	0	1
Denmark_BarupSandgrav_LateRoman	EUROPE_CONTROL	Denmark		1	0	0	0	0	0	0	0	1
Denmark_Baunehoj_LateRoman	EUROPE_CONTROL	Denmark		1	0	0	0	0	0	0	0	1
Denmark_Bilidt_IA	EUROPE_CONTROL	Denmark		1	0	0	0	0	0	0	0	1
Denmark_Bjoernstrupgaard_PreImperialRoman	EUROPE_CONTROL	Denmark		0	1	0	0	0	0	0	0	1
Denmark_Blaesenborgvej_IA_EarlyGermanic	EUROPE_CONTROL	Denmark		1	0	0	0	0	0	0	0	1
Denmark_Bodkergardsmark_Viking	EUROPE_CONTROL	Denmark		2	0	0	0	0	0	0	0	2
Denmark_Bogebjerg_EarlyRoman	EUROPE_CONTROL	Denmark		1	0	0	0	0	0	0	0	1
Denmark_BogebjerggardRostofte_Roman	EUROPE_CONTROL	Denmark		2	0	0	0	0	0	0	0	2
Denmark_Bogovej_Viking	EUROPE_CONTROL	Denmark		9	0	0	0	0	0	0	0	9
Denmark_Borre_Enge_IA_LateGermanic_WetlandSkeleton	EUROPE_CONTROL	Denmark		1	0	0	0	0	0	0	0	1
Denmark_Borremose_EN	EUROPE_CONTROL	Denmark		0	0	1	0	0	0	0	0	1
Denmark_Borritshoved_EarlyRoman	EUROPE_CONTROL	Denmark		1	1	0	0	0	0	0	0	2
Denmark_Bredebjerggard8_LateRoman	EUROPE_CONTROL	Denmark		1	0	0	0	0	0	0	0	1
Denmark_Broskov_LateRoman	EUROPE_CONTROL	Denmark		2	0	0	0	0	0	0	0	2
Denmark_Bulbjerg_EarlyRoman	EUROPE_CONTROL	Denmark		1	0	0	0	0	0	0	0	1
Denmark_Bulbjerg_Roman	EUROPE_CONTROL	Denmark		4	1	0	0	0	0	0	0	5
Denmark_Dagsmose_PreImperialRoman_BogSkeleton	EUROPE_CONTROL	Denmark		0	1	0	0	0	0	0	0	1
Denmark_Djursland_SingleGraveCulture	EUROPE_CONTROL	Denmark		0	1	0	0	0	0	0	0	1
Denmark_EBA	EUROPE_CONTROL	Denmark		0	4	0	0	0	0	0	0	4
Denmark_EN	EUROPE_CONTROL	Denmark		0	28	0	0	0	0	0	0	28
Denmark_EN-oWHG	EUROPE_CONTROL	Denmark		0	1	1	0	0	0	0	0	2
Denmark_EN_LateMesolithic	EUROPE_CONTROL	Denmark		0	1	0	0	0	0	0	0	1
Denmark_EN_N_TRB	EUROPE_CONTROL	Denmark		0	2	1	0	0	0	0	0	3
Denmark_EarlyMesolithic_Maglemose	EUROPE_CONTROL	Denmark		0	0	5	0	0	0	0	0	5
Denmark_EarlyModern	EUROPE_CONTROL	Denmark		17	0	0	0	0	0	0	0	17
Denmark_EarlyViking	EUROPE_CONTROL	Denmark		6	0	0	0	0	0	0	0	6
Denmark_Egebjerg_LateRoman	EUROPE_CONTROL	Denmark		2	0	0	0	0	0	0	0	2
Denmark_EgedalMose_PreImperialRoman_EarlyRoman	EUROPE_CONTROL	Denmark		1	0	0	0	0	0	0	0	1
Denmark_Eksercerpladsen_EarlyRoman	EUROPE_CONTROL	Denmark		1	0	0	0	0	0	0	0	1
Denmark_Elkenoere_PreImperialRoman_BogSkeleton	EUROPE_CONTROL	Denmark		1	0	0	0	0	0	0	0	1
Denmark_Endegaarde_LateRoman	EUROPE_CONTROL	Denmark		1	0	0	0	0	0	0	0	1
Denmark_Engbjerg_Roman	EUROPE_CONTROL	Denmark		1	0	0	0	0	0	0	0	1
Denmark_EngeldrupBroMelbySb19_PreImperialRoman	EUROPE_CONTROL	Denmark		0	1	0	0	0	0	0	0	1
Denmark_Espe_IA_LateGermanic	EUROPE_CONTROL	Denmark		2	0	0	0	0	0	0	0	2
Denmark_Farevejlegard_EarlyRoman	EUROPE_CONTROL	Denmark		2	0	0	0	0	0	0	0	2
Denmark_ForlevForlevI_Viking_Viking	EUROPE_CONTROL	Denmark		1	0	0	0	0	0	0	0	1
Denmark_Fraugde_LateRoman	EUROPE_CONTROL	Denmark		2	0	0	0	0	0	0	0	2
Denmark_GadevangMose_PreImperialRoman	EUROPE_CONTROL	Denmark		0	1	0	0	0	0	0	0	1
Denmark_GammelHasserisGrusgrav_LateRoman	EUROPE_CONTROL	Denmark		1	0	0	0	0	0	0	0	1
Denmark_Gedebjerg_EarlyRoman	EUROPE_CONTROL	Denmark		1	0	0	0	0	0	0	0	1
Denmark_GerlevSTRVej10Indiv1MFG11497_LN	EUROPE_CONTROL	Denmark		0	1	0	0	0	0	0	0	1
Denmark_GerlevSTRVej10Indiv2MFG11497_LN	EUROPE_CONTROL	Denmark		0	1	0	0	0	0	0	0	1
Denmark_GevningeOverdrev_PreImperialRoman	EUROPE_CONTROL	Denmark		1	0	0	0	0	0	0	0	1
Denmark_Glerup_EarlyRoman	EUROPE_CONTROL	Denmark		1	0	0	0	0	0	0	0	1
Denmark_Glerup_Modern	EUROPE_CONTROL	Denmark		1	0	0	0	0	0	0	0	1
Denmark_Graesbjerg_Roman	EUROPE_CONTROL	Denmark		1	0	0	0	0	0	0	0	1
Denmark_GronhojgardVaarst_LateRoman	EUROPE_CONTROL	Denmark		1	0	0	0	0	0	0	0	1
Denmark_Hamahus_Roman	EUROPE_CONTROL	Denmark		0	1	0	0	0	0	0	0	1
Denmark_HammerStrandhuse_Roman	EUROPE_CONTROL	Denmark		1	0	0	0	0	0	0	0	1
Denmark_Haraldsted_EarlyRoman	EUROPE_CONTROL	Denmark		1	0	0	0	0	0	0	0	1
Denmark_Hastrup_Roman	EUROPE_CONTROL	Denmark		1	0	0	0	0	0	0	0	1
Denmark_Havnegard_IA	EUROPE_CONTROL	Denmark		1	0	0	0	0	0	0	0	1
Denmark_Hejringe_LBA	EUROPE_CONTROL	Denmark		0	1	0	0	0	0	0	0	1
Denmark_Hellevad_IA_Germanic	EUROPE_CONTROL	Denmark		1	0	0	0	0	0	0	0	1
Denmark_Hemmeshoj_Roman	EUROPE_CONTROL	Denmark		2	0	0	0	0	0	0	0	2
Denmark_HestbekIII_PreImperialRoman	EUROPE_CONTROL	Denmark		0	1	0	0	0	0	0	0	1
Denmark_Hestehavensmose_PreImperialRoman	EUROPE_CONTROL	Denmark		0	1	0	0	0	0	0	0	1
Denmark_Hoby_EarlyRoman	EUROPE_CONTROL	Denmark		1	0	0	0	0	0	0	0	1
Denmark_Hojgard_LateRoman	EUROPE_CONTROL	Denmark		1	0	0	0	0	0	0	0	1
Denmark_Hojstrupvej_Viking_Viking	EUROPE_CONTROL	Denmark		1	0	0	0	0	0	0	0	1
Denmark_HorbySkov_EarlyRoman	EUROPE_CONTROL	Denmark		1	0	0	0	0	0	0	0	1
Denmark_Humble_Viking	EUROPE_CONTROL	Denmark		1	0	0	0	0	0	0	0	1
Denmark_HundstrupMose_IA	EUROPE_CONTROL	Denmark		1	0	0	0	0	0	0	0	1
Denmark_Hvidovre_EarlyRoman	EUROPE_CONTROL	Denmark		2	0	0	0	0	0	0	0	2
Denmark_HyldebjergVaarst_IA	EUROPE_CONTROL	Denmark		2	0	0	0	0	0	0	0	2
Denmark_HyllebjergX_EBA	EUROPE_CONTROL	Denmark		0	1	0	0	0	0	0	0	1
Denmark_IA	EUROPE_CONTROL	Denmark		4	0	0	0	0	0	0	0	4
Denmark_Illemose_PreImperialRoman	EUROPE_CONTROL	Denmark		0	2	0	0	0	0	0	0	2
Denmark_Illerup_weapon_sacrifice_site_EarlyRomanBogWar	EUROPE_CONTROL	Denmark		1	1	0	0	0	0	0	0	2
Denmark_Juellinge_EarlyRoman	EUROPE_CONTROL	Denmark		1	0	0	0	0	0	0	0	1
Denmark_Kaagarden_Viking	EUROPE_CONTROL	Denmark		6	0	0	0	0	0	0	0	6
Denmark_KaarebjergAgreTorslevHageGerlevSogn_LN	EUROPE_CONTROL	Denmark		0	2	0	0	0	0	0	0	2
Denmark_Kalmargarden_EarlyMedieval	EUROPE_CONTROL	Denmark		2	0	0	0	0	0	0	0	2
Denmark_Kalvehavegaard_EBA	EUROPE_CONTROL	Denmark		0	3	0	0	0	0	0	0	3
Denmark_Kalvehavegaard_LN	EUROPE_CONTROL	Denmark		0	1	0	0	0	0	0	0	1
Denmark_Karlstrup_BA	EUROPE_CONTROL	Denmark		0	3	0	0	0	0	0	0	3
Denmark_Karlstrup_LN	EUROPE_CONTROL	Denmark		0	2	0	0	0	0	0	0	2
Denmark_KavslundeEng_EBA	EUROPE_CONTROL	Denmark		0	1	0	0	0	0	0	0	1
Denmark_Keldeklinte_Mose_PreImperialRoman	EUROPE_CONTROL	Denmark		0	1	0	0	0	0	0	0	1
Denmark_Kildehus_EarlyRoman	EUROPE_CONTROL	Denmark		1	0	0	0	0	0	0	0	1
Denmark_Kirkebakkegard_LateRoman	EUROPE_CONTROL	Denmark		1	0	0	0	0	0	0	0	1
Denmark_Kirkebjerggaard_LateRoman	EUROPE_CONTROL	Denmark		1	0	0	0	0	0	0	0	1
Denmark_KongensNytorv_EarlyModern	EUROPE_CONTROL	Denmark		1	0	0	0	0	0	0	0	1
Denmark_Kongsted_Lyng_Store_Lyng_Viking_LateGermanic	EUROPE_CONTROL	Denmark		1	0	0	0	0	0	0	0	1
Denmark_KornumBro_Viking	EUROPE_CONTROL	Denmark		1	0	0	0	0	0	0	0	1
Denmark_KumleHoje_Viking	EUROPE_CONTROL	Denmark		2	0	0	0	0	0	0	0	2
Denmark_Kyndby_IA_LateGermanic	EUROPE_CONTROL	Denmark		1	0	0	0	0	0	0	0	1
Denmark_LBA	EUROPE_CONTROL	Denmark		0	1	0	0	0	0	0	0	1
Denmark_LN	EUROPE_CONTROL	Denmark		0	15	0	0	0	0	0	0	15
Denmark_LN-o	EUROPE_CONTROL	Denmark		0	1	0	0	0	0	0	0	1
Denmark_LN_BA	EUROPE_CONTROL	Denmark		0	1	0	0	0	0	0	0	1
Denmark_Laebrogard_LateRoman	EUROPE_CONTROL	Denmark		1	0	0	0	0	0	0	0	1
Denmark_Landledgard_EarlyRoman	EUROPE_CONTROL	Denmark		3	0	0	0	0	0	0	0	3
Denmark_Landlystvej_EarlyRoman	EUROPE_CONTROL	Denmark		1	0	0	0	0	0	0	0	1
Denmark_Langdyssegard_PreImperialRoman	EUROPE_CONTROL	Denmark		1	0	0	0	0	0	0	0	1
Denmark_LateMesolithic_Ertebolle	EUROPE_CONTROL	Denmark		0	0	22	0	0	0	0	0	22
Denmark_Lauritshoej_PreImperialRoman	EUROPE_CONTROL	Denmark		0	1	0	0	0	0	0	0	1
Denmark_Lejre_Viking_Viking	EUROPE_CONTROL	Denmark		1	0	0	0	0	0	0	0	1
Denmark_Lejrhoje_LateRoman	EUROPE_CONTROL	Denmark		1	1	0	0	0	0	0	0	2
Denmark_Lekkende_LateRoman	EUROPE_CONTROL	Denmark		1	0	0	0	0	0	0	0	1
Denmark_LilleBjerggardSonderholm_IA	EUROPE_CONTROL	Denmark		1	0	0	0	0	0	0	0	1
Denmark_LillestrandBogensesb21_PreImperialRoman	EUROPE_CONTROL	Denmark		0	1	0	0	0	0	0	0	1
Denmark_Lillevasby_EarlyRoman	EUROPE_CONTROL	Denmark		10	0	0	0	0	0	0	0	10
Denmark_Lillevasby_LN	EUROPE_CONTROL	Denmark		0	4	0	0	0	0	0	0	4
Denmark_Lundbjerggard_Roman	EUROPE_CONTROL	Denmark		5	0	0	0	0	0	0	0	5
Denmark_Lygtebaek_EIA	EUROPE_CONTROL	Denmark		0	1	0	0	0	0	0	0	1
Denmark_MM_Kongemose	EUROPE_CONTROL	Denmark		0	0	8	0	0	0	0	0	8
Denmark_MN	EUROPE_CONTROL	Denmark		0	3	0	0	0	0	0	0	3
Denmark_MN-2	EUROPE_CONTROL	Denmark		0	1	0	0	0	0	0	0	1
Denmark_MN-oWHG	EUROPE_CONTROL	Denmark		0	2	0	0	0	0	0	0	2
Denmark_MN_possible	EUROPE_CONTROL	Denmark		0	1	0	0	0	0	0	0	1
Denmark_Maderne_LBA	EUROPE_CONTROL	Denmark		0	1	0	0	0	0	0	0	1
Denmark_MaerkebaekgardSyd_Viking	EUROPE_CONTROL	Denmark		1	0	0	0	0	0	0	0	1
Denmark_Maglebjerghoj_IA_EarlyGermanic	EUROPE_CONTROL	Denmark		1	0	0	0	0	0	0	0	1
Denmark_MandemarkeBakker_EarlyRoman	EUROPE_CONTROL	Denmark		1	0	0	0	0	0	0	0	1
Denmark_Medieval	EUROPE_CONTROL	Denmark		82	0	0	0	0	0	0	0	82
Denmark_Mellemholm_LateRoman	EUROPE_CONTROL	Denmark		1	0	0	0	0	0	0	0	1
Denmark_Mellemholm_Roman	EUROPE_CONTROL	Denmark		2	0	0	0	0	0	0	0	2
Denmark_Mesolithic	EUROPE_CONTROL	Denmark		0	0	2	0	0	0	0	0	2
Denmark_Mors_EarlyModern	EUROPE_CONTROL	Denmark		1	0	0	0	0	0	0	0	1
Denmark_MosedeFort_EarlyRoman	EUROPE_CONTROL	Denmark		12	0	0	0	0	0	0	0	12
Denmark_Museumsgarden_PreImperialRoman	EUROPE_CONTROL	Denmark		0	1	0	0	0	0	0	0	1
Denmark_N	EUROPE_CONTROL	Denmark		0	1	0	0	0	0	0	0	1
Denmark_N_MN_TRB	EUROPE_CONTROL	Denmark		0	2	0	0	0	0	0	0	2
Denmark_N_TRB	EUROPE_CONTROL	Denmark		0	3	0	0	0	0	0	0	3
Denmark_NaestvedMark_LateRoman	EUROPE_CONTROL	Denmark		2	0	0	0	0	0	0	0	2
Denmark_NederVindinge_LateRoman	EUROPE_CONTROL	Denmark		1	0	0	0	0	0	0	0	1
Denmark_NeverkaerMoseHogholm_PreImperialRoman	EUROPE_CONTROL	Denmark		0	1	0	0	0	0	0	0	1
Denmark_NordenbrogardHesselbjerg_EarlyRoman	EUROPE_CONTROL	Denmark		1	0	0	0	0	0	0	0	1
Denmark_NorreVedby_EN	EUROPE_CONTROL	Denmark		0	0	1	0	0	0	0	0	1
Denmark_Norrebjerg_Viking_Viking	EUROPE_CONTROL	Denmark		1	0	0	0	0	0	0	0	1
Denmark_NrHedegard_LateRoman	EUROPE_CONTROL	Denmark		0	1	0	0	0	0	0	0	1
Denmark_Nygaard_Mose_PreImperialRoman	EUROPE_CONTROL	Denmark		0	1	0	0	0	0	0	0	1
Denmark_Nymarksgaard_IA	EUROPE_CONTROL	Denmark		1	0	0	0	0	0	0	0	1
Denmark_Objergaard_EarlyRoman	EUROPE_CONTROL	Denmark		2	0	0	0	0	0	0	0	2
Denmark_Objergaard_Roman	EUROPE_CONTROL	Denmark		2	0	0	0	0	0	0	0	2
Denmark_Olby_LateRoman	EUROPE_CONTROL	Denmark		1	0	0	0	0	0	0	0	1
Denmark_Osjergaard_EarlyRoman	EUROPE_CONTROL	Denmark		1	0	0	0	0	0	0	0	1
Denmark_Osjergaard_LateRoman	EUROPE_CONTROL	Denmark		2	0	0	0	0	0	0	0	2
Denmark_OustrupTaderupmose_PreImperialRoman	EUROPE_CONTROL	Denmark		0	1	0	0	0	0	0	0	1
Denmark_OverVindinge_BA	EUROPE_CONTROL	Denmark		0	2	0	0	0	0	0	0	2
Denmark_OverVindinge_LN	EUROPE_CONTROL	Denmark		0	2	0	0	0	0	0	0	2
Denmark_Regnemark_LateRoman	EUROPE_CONTROL	Denmark		4	0	0	0	0	0	0	0	4
Denmark_Regstrup_EarlyRoman	EUROPE_CONTROL	Denmark		1	0	0	0	0	0	0	0	1
Denmark_Rislev_PreImperialRoman	EUROPE_CONTROL	Denmark		0	2	0	0	0	0	0	0	2
Denmark_Rolund_EarlyRoman	EUROPE_CONTROL	Denmark		1	0	0	0	0	0	0	0	1
Denmark_RomdrupChristianshoj_Roman	EUROPE_CONTROL	Denmark		1	0	0	0	0	0	0	0	1
Denmark_Romdrupgard_EarlyRoman	EUROPE_CONTROL	Denmark		1	0	0	0	0	0	0	0	1
Denmark_RorslokkeMoseTryggelev_EBA	EUROPE_CONTROL	Denmark		0	1	0	0	0	0	0	0	1
Denmark_Rosenaeen_IA	EUROPE_CONTROL	Denmark		1	0	0	0	0	0	0	0	1
Denmark_RudsVedby_EN	EUROPE_CONTROL	Denmark		0	0	1	0	0	0	0	0	1
Denmark_SOEL_964_Engbjerg_LateRoman	EUROPE_CONTROL	Denmark		3	0	0	0	0	0	0	0	3
Denmark_Saesing_PreImperialRoman	EUROPE_CONTROL	Denmark		0	1	0	0	0	0	0	0	1
Denmark_Sanddal_LateRoman	EUROPE_CONTROL	Denmark		1	0	0	0	0	0	0	0	1
Denmark_Sanddal_Roman	EUROPE_CONTROL	Denmark		3	0	0	0	0	0	0	0	3
Denmark_Sandlyngmose_IA_Germanic	EUROPE_CONTROL	Denmark		1	0	0	0	0	0	0	0	1
Denmark_Scheelsminde_EarlyRoman	EUROPE_CONTROL	Denmark		1	0	0	0	0	0	0	0	1
Denmark_SdrTostrupSonderTastrup	EUROPE_CONTROL	Denmark		0	0	1	0	0	0	0	0	1
Denmark_SdrTostrupSonderTastrup_PreImperialRoman	EUROPE_CONTROL	Denmark		0	1	0	0	0	0	0	0	1
Denmark_SdrTranderAalborg_PreImperialRoman	EUROPE_CONTROL	Denmark		2	0	0	0	0	0	0	0	2
Denmark_SdrTranders_LateRoman	EUROPE_CONTROL	Denmark		1	0	0	0	0	0	0	0	1
Denmark_SdrTranders_PreImperialRoman	EUROPE_CONTROL	Denmark		1	0	0	0	0	0	0	0	1
Denmark_SdrTranders_Roman	EUROPE_CONTROL	Denmark		1	0	0	0	0	0	0	0	1
Denmark_Sejlsbjerg_EarlyRoman	EUROPE_CONTROL	Denmark		1	0	0	0	0	0	0	0	1
Denmark_Simonsborg_EarlyRoman	EUROPE_CONTROL	Denmark		20	0	0	0	0	0	0	0	20
Denmark_Simonsborg_Roman	EUROPE_CONTROL	Denmark		1	0	0	0	0	0	0	0	1
Denmark_SingleGraveCulture	EUROPE_CONTROL	Denmark		0	1	0	0	0	0	0	0	1
Denmark_SkafterupMark_EarlyRoman	EUROPE_CONTROL	Denmark		1	0	0	0	0	0	0	0	1
Denmark_SkivumVI_PreImperialRoman	EUROPE_CONTROL	Denmark		0	1	0	0	0	0	0	0	1
Denmark_SkoleSamling_PreImperialRoman	EUROPE_CONTROL	Denmark		0	1	0	0	0	0	0	0	1
Denmark_Skovgarde_LateRoman	EUROPE_CONTROL	Denmark		4	0	0	0	0	0	0	0	4
Denmark_Skregeskov_PreImperialRoman	EUROPE_CONTROL	Denmark		0	1	0	0	0	0	0	0	1
Denmark_Skyttemarksvej_LateRoman	EUROPE_CONTROL	Denmark		1	0	0	0	0	0	0	0	1
Denmark_SludegaardSomose_EN	EUROPE_CONTROL	Denmark		0	0	1	0	0	0	0	0	1
Denmark_Slusegard_EarlyRoman	EUROPE_CONTROL	Denmark		2	0	0	0	0	0	0	0	2
Denmark_Slusegard_LateRoman	EUROPE_CONTROL	Denmark		2	0	0	0	0	0	0	0	2
Denmark_Slusegard_Roman	EUROPE_CONTROL	Denmark		2	0	0	0	0	0	0	0	2
Denmark_Smidie_EarlyRoman	EUROPE_CONTROL	Denmark		1	0	0	0	0	0	0	0	1
Denmark_SonderupXI_PreImperialRoman	EUROPE_CONTROL	Denmark		0	1	0	0	0	0	0	0	1
Denmark_SondrupOstergaardUlstrupsogn_PreImperialRoman	EUROPE_CONTROL	Denmark		0	1	0	0	0	0	0	0	1
Denmark_SondrupOstergaardUlstrupsogn_Roman	EUROPE_CONTROL	Denmark		1	0	0	0	0	0	0	0	1
Denmark_SorupSoSorupMose_PreImperialRoman	EUROPE_CONTROL	Denmark		0	1	0	0	0	0	0	0	1
Denmark_Sperrestrup_Roman	EUROPE_CONTROL	Denmark		1	0	0	0	0	0	0	0	1
Denmark_Stalmosegard_EarlyRoman	EUROPE_CONTROL	Denmark		2	0	0	0	0	0	0	0	2
Denmark_Stalmosegard_LateRoman	EUROPE_CONTROL	Denmark		2	0	0	0	0	0	0	0	2
Denmark_Stenlille_EarlyRoman	EUROPE_CONTROL	Denmark		1	0	0	0	0	0	0	0	1
Denmark_Stenum_PreImperialRoman	EUROPE_CONTROL	Denmark		0	1	0	0	0	0	0	0	1
Denmark_StistrupkaerVII_MN	EUROPE_CONTROL	Denmark		0	1	0	0	0	0	0	0	1
Denmark_StoreGrandlose_EarlyRoman	EUROPE_CONTROL	Denmark		1	0	0	0	0	0	0	0	1
Denmark_Strandby_EarlyRoman	EUROPE_CONTROL	Denmark		1	0	0	0	0	0	0	0	1
Denmark_StrandlundenIIGerlevMFG19102_EBA	EUROPE_CONTROL	Denmark		0	1	0	0	0	0	0	0	1
Denmark_StubberupOuesogn_PreImperialRoman	EUROPE_CONTROL	Denmark		0	1	0	0	0	0	0	0	1
Denmark_Tanderup_EBA	EUROPE_CONTROL	Denmark		0	1	0	0	0	0	0	0	1
Denmark_ToksvaerdBy_EarlyRoman	EUROPE_CONTROL	Denmark		1	0	0	0	0	0	0	0	1
Denmark_Tollestrup_Mose_LBA	EUROPE_CONTROL	Denmark		0	2	0	0	0	0	0	0	2
Denmark_Tollestrup_Mose_PreImperialRoman	EUROPE_CONTROL	Denmark		0	1	0	0	0	0	0	0	1
Denmark_TrekronerGrydehoj_IA_LateGermanic	EUROPE_CONTROL	Denmark		1	0	0	0	0	0	0	0	1
Denmark_Trelleborg_Viking	EUROPE_CONTROL	Denmark		3	0	0	0	0	0	0	0	3
Denmark_Trelleborg_Viking_Viking	EUROPE_CONTROL	Denmark		4	0	0	0	0	0	0	0	4
Denmark_TrundholmMose_PreImperialRoman	EUROPE_CONTROL	Denmark		0	1	0	0	0	0	0	0	1
Denmark_TvaervejenetapeIIIAsperupsognsbnr56BagHerredOdenseAmt_PreImperialRoman	EUROPE_CONTROL	Denmark		1	0	0	0	0	0	0	0	1
Denmark_TvejeMerlose_LateRoman	EUROPE_CONTROL	Denmark		1	0	0	0	0	0	0	0	1
Denmark_TybjergMose_PreImperialRoman	EUROPE_CONTROL	Denmark		0	1	0	0	0	0	0	0	1
Denmark_Ubby_EarlyRoman	EUROPE_CONTROL	Denmark		1	0	0	0	0	0	0	0	1
Denmark_Uglemose_LN	EUROPE_CONTROL	Denmark		0	1	0	0	0	0	0	0	1
Denmark_VaerebroASnydebro_LN	EUROPE_CONTROL	Denmark		0	1	0	0	0	0	0	0	1
Denmark_VaerebroASnydebro_MN	EUROPE_CONTROL	Denmark		0	1	0	0	0	0	0	0	1
Denmark_VaerloseAlugod_Roman	EUROPE_CONTROL	Denmark		1	0	0	0	0	0	0	0	1
Denmark_VarpelevVest_LateRoman	EUROPE_CONTROL	Denmark		1	0	0	0	0	0	0	0	1
Denmark_Varpelev_EarlyRoman	EUROPE_CONTROL	Denmark		2	0	0	0	0	0	0	0	2
Denmark_VemmetofteSkovridergard_LateRoman	EUROPE_CONTROL	Denmark		1	0	0	0	0	0	0	0	1
Denmark_Vendsyssel_EIA	EUROPE_CONTROL	Denmark		0	1	0	0	0	0	0	0	1
Denmark_Vendsyssel_Holger_Friis_kaelder_PreImperialRoman	EUROPE_CONTROL	Denmark		1	0	0	0	0	0	0	0	1
Denmark_Vendsyssel_Svennum_IA	EUROPE_CONTROL	Denmark		1	0	0	0	0	0	0	0	1
Denmark_VesterEgesborg_EarlyRoman	EUROPE_CONTROL	Denmark		2	0	0	0	0	0	0	0	2
Denmark_VesterKlodske_Roman	EUROPE_CONTROL	Denmark		1	0	0	0	0	0	0	0	1
Denmark_VibsigMose_PreImperialRoman	EUROPE_CONTROL	Denmark		0	1	0	0	0	0	0	0	1
Denmark_Vigsnaes_PreImperialRoman	EUROPE_CONTROL	Denmark		0	1	0	0	0	0	0	0	1
Denmark_Viking	EUROPE_CONTROL	Denmark		74	0	0	0	0	0	0	0	74
Denmark_Viking-1	EUROPE_CONTROL	Denmark		1	0	0	0	0	0	0	0	1
Denmark_Viking-2	EUROPE_CONTROL	Denmark		1	0	0	0	0	0	0	0	1
Denmark_Viking-o	EUROPE_CONTROL	Denmark		1	0	0	0	0	0	0	0	1
Denmark_VilstedSognIX_PreImperialRoman	EUROPE_CONTROL	Denmark		1	0	0	0	0	0	0	0	1
Denmark_VindingeVestIII_EarlyRoman	EUROPE_CONTROL	Denmark		1	0	0	0	0	0	0	0	1
Denmark_VindingeVestIII_LateRoman	EUROPE_CONTROL	Denmark		1	0	0	0	0	0	0	0	1
Denmark_VindingeVestIII_Roman	EUROPE_CONTROL	Denmark		3	0	0	0	0	0	0	0	3
Dinka	EAST_AFRICA	South Sudan		1	0	0	0	0	0	0	0	1
DominicanRepublic_Ceramic	OUTGROUP	Dominican Republic		90	0	0	0	0	0	0	0	90
DominicanRepublic_Ceramic-oEurope	OUTGROUP	Dominican Republic		1	0	0	0	0	0	0	0	1
DominicanRepublic_DynastyII_LateCeramic	OUTGROUP	Dominican Republic		1	0	0	0	0	0	0	0	1
DominicanRepublic_LateCeramic	OUTGROUP	Dominican Republic		24	0	0	0	0	0	0	0	24
DominicanRepublic_PreCeramic	OUTGROUP	Dominican Republic		1	1	0	0	0	0	0	0	2
DominicanRepublic_PreCeramic-o	OUTGROUP	Dominican Republic		0	1	0	0	0	0	0	0	1
DominicanRepublic_PreCeramic-oEurope	OUTGROUP	Dominican Republic		1	0	0	0	0	0	0	0	1
DominicanRepublic_Samana_Ceramic	OUTGROUP	Dominican Republic		7	0	0	0	0	0	0	0	7
Druze	LEVANT	Israel		44	0	0	0	0	0	0	0	44
Dungan	OUTGROUP	Kyrgyzstan		2	0	0	0	0	0	0	0	2
Dusun	OUTGROUP	Brunei		2	0	0	0	0	0	0	0	2
ESN	WEST_AFRICA	Nigeria		99	0	0	0	0	0	0	0	99
Egypt_AbusirelMeleq_ThirdIntermediatePeriod	NORTH_AFRICA_EAST	Egypt		0	1	0	0	0	0	0	0	1
Egypt_Nuwayrat_EDynastic	NORTH_AFRICA_EAST	Egypt		0	1	0	0	0	0	0	0	1
England_Anglian	EUROPE_CONTROL	United Kingdom		6	0	0	0	0	0	0	0	6
England_BellBeaker	EUROPE_CONTROL	United Kingdom		0	27	0	0	0	0	0	0	27
England_BellBeaker-o	EUROPE_CONTROL	United Kingdom		0	2	0	0	0	0	0	0	2
England_BellBeaker-ohighEEF	EUROPE_CONTROL	United Kingdom		0	3	0	0	0	0	0	0	3
England_BellBeaker-ohighWHG	EUROPE_CONTROL	United Kingdom		0	3	0	0	0	0	0	0	3
England_BellBeaker-olowEEF	EUROPE_CONTROL	United Kingdom		0	7	0	0	0	0	0	0	7
England_BellBeaker_mediumEEF-omediumEEF	EUROPE_CONTROL	United Kingdom		0	2	0	0	0	0	0	0	2
England_Britannia_ImperialRoman	EUROPE_CONTROL	United Kingdom		6	0	0	0	0	0	0	0	6
England_Britannia_ImperialRoman-oLevant	EUROPE_CONTROL	United Kingdom		1	0	0	0	0	0	0	0	1
England_Cambridgeshire_EarlyModern	EUROPE_CONTROL	United Kingdom		9	0	0	0	0	0	0	0	9
England_Cambridgeshire_Medieval	EUROPE_CONTROL	United Kingdom		135	0	0	0	0	0	0	0	135
England_Cambridgeshire_Medieval_EarlyModern	EUROPE_CONTROL	United Kingdom		85	0	0	0	0	0	0	0	85
England_EBA-ohighEEF	EUROPE_CONTROL	United Kingdom		0	1	0	0	0	0	0	0	1
England_EBA_BellBeaker	EUROPE_CONTROL	United Kingdom		0	1	0	0	0	0	0	0	1
England_EBA_C	EUROPE_CONTROL	United Kingdom		0	35	0	0	0	0	0	0	35
England_EBA_C-ohighEEF	EUROPE_CONTROL	United Kingdom		0	1	0	0	0	0	0	0	1
England_EBA_C-olowEEF	EUROPE_CONTROL	United Kingdom		0	1	0	0	0	0	0	0	1
England_EBA_C_highEEF	EUROPE_CONTROL	United Kingdom		0	1	0	0	0	0	0	0	1
England_EIA	EUROPE_CONTROL	United Kingdom		0	31	0	0	0	0	0	0	31
England_EIA-ohighEEF	EUROPE_CONTROL	United Kingdom		0	1	0	0	0	0	0	0	1
England_EIA_LIA_MIA_Arras	EUROPE_CONTROL	United Kingdom		0	1	0	0	0	0	0	0	1
England_EN	EUROPE_CONTROL	United Kingdom		0	9	0	0	0	0	0	0	9
England_EN-o	EUROPE_CONTROL	United Kingdom		0	1	0	0	0	0	0	0	1
England_EN_Megalithic	EUROPE_CONTROL	United Kingdom		0	53	0	0	0	0	0	0	53
England_EarlyMedieval	EUROPE_CONTROL	United Kingdom		40	0	0	0	0	0	0	0	40
England_EarlyMedieval-o	EUROPE_CONTROL	United Kingdom		2	0	0	0	0	0	0	0	2
England_EarlyMedieval_Saxon	EUROPE_CONTROL	United Kingdom		74	0	0	0	0	0	0	0	74
England_EarlyMedieval_Saxon-oSteppe	EUROPE_CONTROL	United Kingdom		1	0	0	0	0	0	0	0	1
England_EastYorkshire_LIA_MIA_Arras	EUROPE_CONTROL	United Kingdom		0	4	0	0	0	0	0	0	4
England_EastYorkshire_MIA	EUROPE_CONTROL	United Kingdom		0	2	0	0	0	0	0	0	2
England_IA	EUROPE_CONTROL	United Kingdom		31	35	0	0	0	0	0	0	66
England_IA-o	EUROPE_CONTROL	United Kingdom		0	1	0	0	0	0	0	0	1
England_IA-ohighEEF	EUROPE_CONTROL	United Kingdom		0	1	0	0	0	0	0	0	1
England_ImperialRoman	EUROPE_CONTROL	United Kingdom		1	0	0	0	0	0	0	0	1
England_Kent_EarlyMedieval_AngloSaxon	EUROPE_CONTROL	United Kingdom		1	0	0	0	0	0	0	0	1
England_LBA	EUROPE_CONTROL	United Kingdom		0	20	0	0	0	0	0	0	20
England_LBA-ohighEEF	EUROPE_CONTROL	United Kingdom		0	3	0	0	0	0	0	0	3
England_LBA-olowEEF	EUROPE_CONTROL	United Kingdom		0	2	0	0	0	0	0	0	2
England_LIA	EUROPE_CONTROL	United Kingdom		17	13	0	0	0	0	0	0	30
England_LIA-o	EUROPE_CONTROL	United Kingdom		1	0	0	0	0	0	0	0	1
England_LIA_MIA	EUROPE_CONTROL	United Kingdom		0	71	0	0	0	0	0	0	71
England_LIA_MIA-1	EUROPE_CONTROL	United Kingdom		0	1	0	0	0	0	0	0	1
England_LIA_MIA-o	EUROPE_CONTROL	United Kingdom		0	1	0	0	0	0	0	0	1
England_LIA_MIA-ohighEEF	EUROPE_CONTROL	United Kingdom		0	1	0	0	0	0	0	0	1
England_LIA_MIA_Arras	EUROPE_CONTROL	United Kingdom		0	25	0	0	0	0	0	0	25
England_LateAntiquity_ImperialRoman	EUROPE_CONTROL	United Kingdom		1	0	0	0	0	0	0	0	1
England_MBA	EUROPE_CONTROL	United Kingdom		0	30	0	0	0	0	0	0	30
England_MBA-ohighEEF	EUROPE_CONTROL	United Kingdom		0	2	0	0	0	0	0	0	2
England_MBA-olowEEF	EUROPE_CONTROL	United Kingdom		0	2	0	0	0	0	0	0	2
England_MIA	EUROPE_CONTROL	United Kingdom		1	92	0	0	0	0	0	0	93
England_MIA-ohighEEF	EUROPE_CONTROL	United Kingdom		0	2	0	0	0	0	0	0	2
England_MIA-olowEEF	EUROPE_CONTROL	United Kingdom		0	2	0	0	0	0	0	0	2
England_Medieval	EUROPE_CONTROL	United Kingdom		5	0	0	0	0	0	0	0	5
England_Mesolithic	EUROPE_CONTROL	United Kingdom		0	0	4	0	0	0	0	0	4
England_N	EUROPE_CONTROL	United Kingdom		0	39	0	0	0	0	0	0	39
England_NorthYorkshire_EBA	EUROPE_CONTROL	United Kingdom		0	3	0	0	0	0	0	0	3
England_Northumberland_EBA	EUROPE_CONTROL	United Kingdom		0	1	0	0	0	0	0	0	1
England_Randwick_Long_Barrow_Roman	EUROPE_CONTROL	United Kingdom		2	0	0	0	0	0	0	0	2
England_Roman	EUROPE_CONTROL	United Kingdom		7	0	0	0	0	0	0	0	7
England_Saxon	EUROPE_CONTROL	United Kingdom		80	0	0	0	0	0	0	0	80
England_Saxon-oAfrica	EUROPE_CONTROL	United Kingdom		1	0	0	0	0	0	0	0	1
England_Saxon-oIran	EUROPE_CONTROL	United Kingdom		1	0	0	0	0	0	0	0	1
England_Thanet_EBA_C	EUROPE_CONTROL	United Kingdom		0	3	0	0	0	0	0	0	3
England_Thanet_EBA_C-ohighEEF	EUROPE_CONTROL	United Kingdom		0	1	0	0	0	0	0	0	1
England_Viking	EUROPE_CONTROL	United Kingdom		26	0	0	0	0	0	0	0	26
England_Viking-o	EUROPE_CONTROL	United Kingdom		2	0	0	0	0	0	0	0	2
English	EUROPE_CONTROL	United Kingdom		10	0	0	0	0	0	0	0	10
Eskimo_ChaplinSireniki	EUROPE_CONTROL	Russia		3	0	0	0	0	0	0	0	3
Eskimo_Naukan	EUROPE_CONTROL	Russia		2	0	0	0	0	0	0	0	2
Estonia_EIA_StoneCistGraves	EUROPE_CONTROL	Estonia		0	1	0	0	0	0	0	0	1
Estonia_EIA_TarandGraves	EUROPE_CONTROL	Estonia		0	9	0	0	0	0	0	0	9
Estonia_EMN_Narva	EUROPE_CONTROL	Estonia		0	0	2	0	0	0	0	0	2
Estonia_EarlyMedieval_EarlyViking	EUROPE_CONTROL	Estonia		34	0	0	0	0	0	0	0	34
Estonia_LBA_StoneCistGraves	EUROPE_CONTROL	Estonia		0	19	0	0	0	0	0	0	19
Estonia_LBA_TarandGraves-o	EUROPE_CONTROL	Estonia		0	1	0	0	0	0	0	0	1
Estonia_LN	EUROPE_CONTROL	Estonia		0	5	0	0	0	0	0	0	5
Estonia_LN-2	EUROPE_CONTROL	Estonia		0	1	0	0	0	0	0	0	1
Estonia_LN_CordedWare	EUROPE_CONTROL	Estonia		0	1	0	0	0	0	0	0	1
Estonia_LN_CordedWare-1	EUROPE_CONTROL	Estonia		0	1	0	0	0	0	0	0	1
Estonia_MN-1	EUROPE_CONTROL	Estonia		0	1	0	0	0	0	0	0	1
Estonia_MN-2	EUROPE_CONTROL	Estonia		0	1	0	0	0	0	0	0	1
Estonia_Medieval	EUROPE_CONTROL	Estonia		7	0	0	0	0	0	0	0	7
Estonia_N	EUROPE_CONTROL	Estonia		0	2	0	0	0	0	0	0	2
Estonia_Sope_LN_CordedWare	EUROPE_CONTROL	Estonia		0	1	0	0	0	0	0	0	1
Estonian	EUROPE_CONTROL	Estonia		2	0	0	0	0	0	0	0	2
Ethiopia_MotaCave_4500BP	EAST_AFRICA	Ethiopia		0	2	0	0	0	0	0	0	2
Even	EUROPE_CONTROL	Russia		3	0	0	0	0	0	0	0	3
FIN	EUROPE_CONTROL	Finland		89	0	0	0	0	0	0	0	89
FIN-o	EUROPE_CONTROL	Finland		2	0	0	0	0	0	0	0	2
FaroeIslands_EarlyModern	OUTGROUP	Faroe Islands		14	0	0	0	0	0	0	0	14
FaroeIslands_EarlyModern-1	OUTGROUP	Faroe Islands		1	0	0	0	0	0	0	0	1
FaroeIslands_EarlyModern-2	OUTGROUP	Faroe Islands		1	0	0	0	0	0	0	0	1
FaroeIslands_Viking	OUTGROUP	Faroe Islands		1	0	0	0	0	0	0	0	1
FederatedStatesofMicronesia_400BP	OUTGROUP	Federated States of Micronesia		3	0	0	0	0	0	0	0	3
FederatedStatesofMicronesia_SaudeleurDynasty	OUTGROUP	Federated States of Micronesia		8	0	0	0	0	0	0	0	8
Finland_IA_Saami	EUROPE_CONTROL	Finland		1	0	0	0	0	0	0	0	1
Finland_Kaldamaki_IA	EUROPE_CONTROL	Finland		1	0	0	0	0	0	0	0	1
Finland_Levanluhta	EUROPE_CONTROL	Finland		4	0	0	0	0	0	0	0	4
Finland_Levanluhta-2	EUROPE_CONTROL	Finland		2	0	0	0	0	0	0	0	2
Finland_Levanluhta_IA	EUROPE_CONTROL	Finland		1	0	0	0	0	0	0	0	1
Finnish	EUROPE_CONTROL	Finland		8	0	0	0	0	0	0	0	8
France_BA	EUROPE_CONTROL	France		0	1	0	0	0	0	0	0	1
France_BA_Protohistoric	EUROPE_CONTROL	France		0	1	0	0	0	0	0	0	1
France_BA_Protohistoric_BellBeaker	EUROPE_CONTROL	France		0	2	0	0	0	0	0	0	2
France_BellBeaker	EUROPE_CONTROL	France		0	1	0	0	0	0	0	0	1
France_BellBeaker_LowSteppe-oLowSteppe	EUROPE_CONTROL	France		0	1	0	0	0	0	0	0	1
France_Bois_de_Serry_EBA	EUROPE_CONTROL	France		0	1	0	0	0	0	0	0	1
France_Bucy_le_Long_IA_LaTene	EUROPE_CONTROL	France		1	40	0	0	0	0	0	0	41
France_C	EUROPE_CONTROL	France		0	2	0	0	0	0	0	0	2
France_Calvados_MN	EUROPE_CONTROL	France		0	1	6	0	0	0	0	0	7
France_Calvados_N_Norman	EUROPE_CONTROL	France		0	2	1	0	0	0	0	0	3
France_Camp_du_Chateau_IA_Hallstatt	EUROPE_CONTROL	France		0	1	0	0	0	0	0	0	1
France_Camp_du_Chateau_LateAntiquity	EUROPE_CONTROL	France		7	0	0	0	0	0	0	0	7
France_ChausseSaintPierre_Medieval	EUROPE_CONTROL	France		1	0	0	0	0	0	0	0	1
France_EBA	EUROPE_CONTROL	France		0	6	0	0	0	0	0	0	6
France_EBA-oEEF	EUROPE_CONTROL	France		0	1	0	0	0	0	0	0	1
France_EBA_BellBeaker	EUROPE_CONTROL	France		0	2	0	0	0	0	0	0	2
France_EN	EUROPE_CONTROL	France		0	0	1	0	0	0	0	0	1
France_EN-o	EUROPE_CONTROL	France		0	0	1	0	0	0	0	0	1
France_EN_MN	EUROPE_CONTROL	France		0	0	4	0	0	0	0	0	4
France_EN_MN-o	EUROPE_CONTROL	France		0	0	1	0	0	0	0	0	1
France_FrenchAlps	EUROPE_CONTROL	France		10	0	0	0	0	0	0	0	10
France_GrandEst_Aube_BA	EUROPE_CONTROL	France		0	2	0	0	0	0	0	0	2
France_GrandEst_Aube_EBA	EUROPE_CONTROL	France		0	1	0	0	0	0	0	0	1
France_GrandEst_Aube_IA	EUROPE_CONTROL	France		0	7	0	0	0	0	0	0	7
France_GrandEst_Aube_LN	EUROPE_CONTROL	France		0	2	0	0	0	0	0	0	2
France_GrandEst_Aube_LesPointesetlesGrevottes_LN	EUROPE_CONTROL	France		0	3	0	0	0	0	0	0	3
France_GrandEst_Aube_MN	EUROPE_CONTROL	France		0	1	1	0	0	0	0	0	2
France_GrandEst_BA_GalloRoman	EUROPE_CONTROL	France		0	1	0	0	0	0	0	0	1
France_GrandEst_BasRhin_EBA	EUROPE_CONTROL	France		0	3	0	0	0	0	0	0	3
France_GrandEst_BasRhin_EN	EUROPE_CONTROL	France		0	0	2	0	0	0	0	0	2
France_GrandEst_BasRhin_EN-o	EUROPE_CONTROL	France		0	0	1	0	0	0	0	0	1
France_GrandEst_BasRhin_IA	EUROPE_CONTROL	France		0	2	0	0	0	0	0	0	2
France_GrandEst_BasRhin_IA1	EUROPE_CONTROL	France		0	4	0	0	0	0	0	0	4
France_GrandEst_BasRhin_IA2	EUROPE_CONTROL	France		0	3	0	0	0	0	0	0	3
France_GrandEst_BasRhin_MN	EUROPE_CONTROL	France		0	0	15	0	0	0	0	0	15
France_GrandEst_BasRhin_MN-o	EUROPE_CONTROL	France		0	0	3	0	0	0	0	0	3
France_GrandEst_BellBeaker	EUROPE_CONTROL	France		0	2	0	0	0	0	0	0	2
France_GrandEst_BellBeaker_Bury-oNoSteppe	EUROPE_CONTROL	France		0	1	0	0	0	0	0	0	1
France_GrandEst_EBA	EUROPE_CONTROL	France		0	1	0	0	0	0	0	0	1
France_GrandEst_HautRhin_BellBeaker	EUROPE_CONTROL	France		0	3	0	0	0	0	0	0	3
France_GrandEst_HautRhin_EBA	EUROPE_CONTROL	France		0	4	0	0	0	0	0	0	4
France_GrandEst_HautRhin_EBA-o	EUROPE_CONTROL	France		0	1	0	0	0	0	0	0	1
France_GrandEst_HautRhin_IA	EUROPE_CONTROL	France		0	5	0	0	0	0	0	0	5
France_GrandEst_HautRhin_IA1	EUROPE_CONTROL	France		0	1	0	0	0	0	0	0	1
France_GrandEst_HautRhin_IA2	EUROPE_CONTROL	France		0	3	0	0	0	0	0	0	3
France_GrandEst_HautRhin_LBA	EUROPE_CONTROL	France		0	1	0	0	0	0	0	0	1
France_GrandEst_HautRhin_MN	EUROPE_CONTROL	France		0	1	0	0	0	0	0	0	1
France_GrandEst_IA	EUROPE_CONTROL	France		0	1	0	0	0	0	0	0	1
France_GrandEst_IA2	EUROPE_CONTROL	France		0	18	0	0	0	0	0	0	18
France_GrandEst_IA2-2	EUROPE_CONTROL	France		0	1	0	0	0	0	0	0	1
France_GrandEst_ImperialRoman_Roman-oLevant	EUROPE_CONTROL	France		1	0	0	0	0	0	0	0	1
France_GrandEst_LateAntiquity_ImperialRoman_Roman	EUROPE_CONTROL	France		5	0	0	0	0	0	0	0	5
France_GrandEst_LateAntiquity_ImperialRoman_Roman-oLevant	EUROPE_CONTROL	France		4	0	0	0	0	0	0	0	4
France_GrandEst_LateAntiquity_Roman	EUROPE_CONTROL	France		3	0	0	0	0	0	0	0	3
France_GrandEst_MLN	EUROPE_CONTROL	France		0	9	0	0	0	0	0	0	9
France_GrandEst_MLN-oHG1	EUROPE_CONTROL	France		0	1	0	0	0	0	0	0	1
France_GrandEst_Medieval	EUROPE_CONTROL	France		2	0	0	0	0	0	0	0	2
France_GrandEst_Mesolithic	EUROPE_CONTROL	France		0	0	2	0	0	0	0	0	2
France_Gravettian	EUROPE_CONTROL	France		0	0	0	0	2	0	0	0	2
France_GrotteMandrin_Neanderthal	EUROPE_CONTROL	France		0	0	0	0	0	1	0	0	1
France_HautsdeFrance_EN	EUROPE_CONTROL	France		0	0	1	0	0	0	0	0	1
France_HautsdeFrance_IA	EUROPE_CONTROL	France		0	3	0	0	0	0	0	0	3
France_HautsdeFrance_IA2	EUROPE_CONTROL	France		0	1	0	0	0	0	0	0	1
France_HautsdeFrance_LN	EUROPE_CONTROL	France		0	1	0	0	0	0	0	0	1
France_HautsdeFrance_MN	EUROPE_CONTROL	France		0	0	1	0	0	0	0	0	1
France_HautsdeFrance_Mesolithic	EUROPE_CONTROL	France		0	0	1	0	0	0	0	0	1
France_HautsdeFrance_Oise_IA	EUROPE_CONTROL	France		0	3	0	0	0	0	0	0	3
France_HautsdeFrance_Oise_IA2	EUROPE_CONTROL	France		0	1	0	0	0	0	0	0	1
France_HautsdeFrance_Oise_LateAntiquity_ImperialRoman_Roman_possible	EUROPE_CONTROL	France		1	0	0	0	0	0	0	0	1
France_HautsdeFrance_PasdeCalais_IA	EUROPE_CONTROL	France		0	1	0	0	0	0	0	0	1
France_HautsdeFrance_PasdeCalais_MN	EUROPE_CONTROL	France		0	0	1	0	0	0	0	0	1
France_Laignes_tumulus_de_Toucheboeuf_IA_LaTene	EUROPE_CONTROL	France		0	1	0	0	0	0	0	0	1
France_LeCres_C	EUROPE_CONTROL	France		0	0	1	0	0	0	0	0	1
France_Le_Mesnay_les_Ecomboles_IA_Hallstatt	EUROPE_CONTROL	France		0	1	0	0	0	0	0	0	1
France_LesPointesetlesGrevottes_LN	EUROPE_CONTROL	France		0	4	0	0	0	0	0	0	4
France_Les_Moidons_BA	EUROPE_CONTROL	France		0	1	0	0	0	0	0	0	1
France_Les_Moidons_IA_Hallstatt	EUROPE_CONTROL	France		0	21	0	0	0	0	0	0	21
France_Les_Moidons_IA_LaTene	EUROPE_CONTROL	France		0	2	0	0	0	0	0	0	2
France_Les_Moidons_N	EUROPE_CONTROL	France		0	0	1	0	0	0	0	0	1
France_MBA	EUROPE_CONTROL	France		0	1	0	0	0	0	0	0	1
France_MN	EUROPE_CONTROL	France		0	0	2	0	0	0	0	0	2
France_MN-1	EUROPE_CONTROL	France		0	1	3	0	0	0	0	0	4
France_Magdalenian	EUROPE_CONTROL	France		0	0	0	3	0	0	0	0	3
France_MaiseyleDuc_tumulus_de_la_Tete_de_Maise_IA_Hallstatt	EUROPE_CONTROL	France		0	1	0	0	0	0	0	0	1
France_MaiseyleDuc_tumulus_de_la_Tete_de_Maisey_IA_Hallstatt	EUROPE_CONTROL	France		0	1	0	0	0	0	0	0	1
France_MaiseyleDuc_tumulus_du_Puits_de_Nod_IA_Hallstatt	EUROPE_CONTROL	France		0	1	0	0	0	0	0	0	1
France_Manche_IA	EUROPE_CONTROL	France		0	4	0	0	0	0	0	0	4
France_Medieval	EUROPE_CONTROL	France		3	0	0	0	0	0	0	0	3
France_Medieval-o	EUROPE_CONTROL	France		1	0	0	0	0	0	0	0	1
France_Megalithic_MN	EUROPE_CONTROL	France		0	1	3	0	0	0	0	0	4
France_Mesolithic	EUROPE_CONTROL	France		0	0	14	1	0	0	0	0	15
France_N	EUROPE_CONTROL	France		0	5	2	0	0	0	0	0	7
France_N_BA	EUROPE_CONTROL	France		0	1	0	0	0	0	0	0	1
France_Occitanie_Aude_EBA	EUROPE_CONTROL	France		0	1	0	0	0	0	0	0	1
France_Occitanie_Aude_EMBA	EUROPE_CONTROL	France		0	2	0	0	0	0	0	0	2
France_Occitanie_Aude_IA	EUROPE_CONTROL	France		0	2	0	0	0	0	0	0	2
France_Occitanie_Aude_IA2	EUROPE_CONTROL	France		0	2	0	0	0	0	0	0	2
France_Occitanie_Aude_LN	EUROPE_CONTROL	France		0	3	0	0	0	0	0	0	3
France_Occitanie_Aude_LN_EBA_Veraza	EUROPE_CONTROL	France		0	3	0	0	0	0	0	0	3
France_Occitanie_Aude_LN_EBA_Veraza-oSteppe	EUROPE_CONTROL	France		0	1	0	0	0	0	0	0	1
France_Occitanie_Aude_LN_EMBA	EUROPE_CONTROL	France		0	8	0	0	0	0	0	0	8
France_Occitanie_Aude_LN_EMBA-oEEF	EUROPE_CONTROL	France		0	1	0	0	0	0	0	0	1
France_Occitanie_Aude_MN	EUROPE_CONTROL	France		0	1	2	0	0	0	0	0	3
France_Occitanie_EBA	EUROPE_CONTROL	France		0	2	0	0	0	0	0	0	2
France_Occitanie_Gard_AvendelaBoucle_N	EUROPE_CONTROL	France		0	29	0	0	0	0	0	0	29
France_Occitanie_Gard_IA	EUROPE_CONTROL	France		0	3	0	0	0	0	0	0	3
France_Occitanie_Gard_IA2	EUROPE_CONTROL	France		0	1	0	0	0	0	0	0	1
France_Occitanie_Gard_Mesolithic	EUROPE_CONTROL	France		0	0	3	0	0	0	0	0	3
France_Occitanie_Gravettian	EUROPE_CONTROL	France		0	0	0	0	1	0	0	0	1
France_Occitanie_IA	EUROPE_CONTROL	France		0	2	0	0	0	0	0	0	2
France_Occitanie_IA2	EUROPE_CONTROL	France		0	3	0	0	0	0	0	0	3
France_Occitanie_MBA	EUROPE_CONTROL	France		0	1	0	0	0	0	0	0	1
France_Occitanie_MN	EUROPE_CONTROL	France		0	0	1	0	0	0	0	0	1
France_Occitanie_Solutrean	EUROPE_CONTROL	France		0	0	0	0	1	0	0	0	1
France_Parancot_BA	EUROPE_CONTROL	France		0	1	0	0	0	0	0	0	1
France_Parancot_IA_Hallstatt	EUROPE_CONTROL	France		0	19	0	0	0	0	0	0	19
France_Parancot_Medieval	EUROPE_CONTROL	France		1	0	0	0	0	0	0	0	1
France_SaintLupienReze_Medieval	EUROPE_CONTROL	France		2	0	0	0	0	0	0	0	2
France_SaintMartinlaGarenne_LN	EUROPE_CONTROL	France		0	1	0	0	0	0	0	0	1
France_Sainte_ColombesurSeine_Tumulus_3_IA_LaTene	EUROPE_CONTROL	France		0	1	0	0	0	0	0	0	1
France_SouthEast_IA2	EUROPE_CONTROL	France		0	6	0	0	0	0	0	0	6
France_Tumulus_de_La_Foret_de_Chatillon_IA_Hallstatt	EUROPE_CONTROL	France		0	1	0	0	0	0	0	0	1
France_Vix_Les_Mousselots_IA_Hallstatt	EUROPE_CONTROL	France		0	1	0	0	0	0	0	0	1
France_Vix_Les_Tillies_IA_LaTene	EUROPE_CONTROL	France		0	3	0	0	0	0	0	0	3
France_Vix_les_Locheres_IA_Hallstatt	EUROPE_CONTROL	France		0	1	0	0	0	0	0	0	1
France_Vix_mont_Saint_Marcel_Medieval	EUROPE_CONTROL	France		1	0	0	0	0	0	0	0	1
France_Vix_tumulus_3_Medieval	EUROPE_CONTROL	France		1	0	0	0	0	0	0	0	1
France_Yonne_IA	EUROPE_CONTROL	France		0	3	0	0	0	0	0	0	3
France_Yonne_MN	EUROPE_CONTROL	France		0	0	15	0	0	0	0	0	15
France_Yonne_N	EUROPE_CONTROL	France		0	0	99	0	0	0	0	0	99
French	EUROPE_CONTROL	France		31	0	0	0	0	0	0	0	31
FrenchPolynesia_200BP	OUTGROUP	French Polynesia		2	0	0	0	0	0	0	0	2
FrenchPolynesia_400BP	OUTGROUP	French Polynesia		1	0	0	0	0	0	0	0	1
GBR	EUROPE_CONTROL	United Kingdom		79	0	0	0	0	0	0	0	79
GIH	OUTGROUP	USA		88	0	0	0	0	0	0	0	88
GIH-o	OUTGROUP	USA		1	0	0	0	0	0	0	0	1
GWD	WEST_AFRICA	Gambia		106	0	0	0	0	0	0	0	106
GWD-oEurope	WEST_AFRICA	Gambia		1	0	0	0	0	0	0	0	1
Gambian	WEST_AFRICA	Gambia		6	0	0	0	0	0	0	0	6
Georgia_Arukhlo2_N_Caucasus	OUTGROUP	Georgia		0	0	5	0	0	0	0	0	5
Georgia_Didnauri_LBA	OUTGROUP	Georgia		0	2	0	0	0	0	0	0	2
Georgia_Digomi_IA	OUTGROUP	Georgia		0	1	0	0	0	0	0	0	1
Georgia_Doghlauri_EBA_KuraAraxes	OUTGROUP	Georgia		0	1	0	0	0	0	0	0	1
Georgia_Doghlauri_LBA	OUTGROUP	Georgia		0	1	0	0	0	0	0	0	1
Georgia_DzudzuanaCave_UP	OUTGROUP	Georgia		0	0	0	0	1	0	0	0	1
Georgia_KotiasKlde_Mesolithic	OUTGROUP	Georgia		0	0	2	0	0	0	0	0	2
Georgia_KotiasKlde_UP	OUTGROUP	Georgia		0	0	0	0	1	0	0	0	1
Georgia_Nazarlebi_LBA	OUTGROUP	Georgia		0	3	0	0	0	0	0	0	3
Georgia_Satsurblia_LateUP	OUTGROUP	Georgia		0	0	0	1	0	0	0	0	1
Georgia_Tkhina_19thCentury-oAfrican	OUTGROUP	Georgia		1	0	0	0	0	0	0	0	1
Georgia_Tkhina_20thCentury	OUTGROUP	Georgia		1	0	0	0	0	0	0	0	1
Georgian	OUTGROUP	Georgia		2	0	0	0	0	0	0	0	2
Germany_Alberstedt_LN	EUROPE_CONTROL	Germany		0	2	0	0	0	0	0	0	2
Germany_AltInden_EarlyMedieval	EUROPE_CONTROL	Germany		13	0	0	0	0	0	0	0	13
Germany_AltInden_EarlyMedieval-oLevant	EUROPE_CONTROL	Germany		1	0	0	0	0	0	0	0	1
Germany_Alteglofsheim_EarlyMedieval-1	EUROPE_CONTROL	Germany		1	0	0	0	0	0	0	0	1
Germany_AltenerdingKlettham_EarlyMedieval	EUROPE_CONTROL	Germany		5	0	0	0	0	0	0	0	5
Germany_AltenerdingKlettham_EarlyMedieval-2	EUROPE_CONTROL	Germany		1	0	0	0	0	0	0	0	1
Germany_AltenerdingKlettham_EarlyMedieval-3	EUROPE_CONTROL	Germany		3	0	0	0	0	0	0	0	3
Germany_AltenerdingKlettham_EarlyMedieval-o	EUROPE_CONTROL	Germany		1	0	0	0	0	0	0	0	1
Germany_Althausen_CordedWare	EUROPE_CONTROL	Germany		0	2	0	0	0	0	0	0	2
Germany_Altheim_EarlyMedieval	EUROPE_CONTROL	Germany		3	0	0	0	0	0	0	0	3
Germany_Anderten_Medieval_Saxon	EUROPE_CONTROL	Germany		12	0	0	0	0	0	0	0	12
Germany_Anselfingen_EBA	EUROPE_CONTROL	Germany		0	1	0	0	0	0	0	0	1
Germany_AspergGrafenbuehl_IA_Hallstatt	EUROPE_CONTROL	Germany		0	3	0	0	0	0	0	0	3
Germany_AugsburgHugoEckenerStrasse	EUROPE_CONTROL	Germany		0	3	0	0	0	0	0	0	3
Germany_AugsburgHugoEckenerStrasse_BellBeaker	EUROPE_CONTROL	Germany		0	10	0	0	0	0	0	0	10
Germany_AugsburgHugoEckenerStrasse_BellBeaker-oEEF	EUROPE_CONTROL	Germany		0	2	0	0	0	0	0	0	2
Germany_BadDurrenberg_Mesolithic	EUROPE_CONTROL	Germany		0	0	1	0	0	0	0	0	1
Germany_Baltrum_MN	EUROPE_CONTROL	Germany		0	1	0	0	0	0	0	0	1
Germany_BarbingIrlmauth_EarlyMedieval	EUROPE_CONTROL	Germany		2	0	0	0	0	0	0	0	2
Germany_BenzingerodeHeimburg_BellBeaker	EUROPE_CONTROL	Germany		0	2	0	0	0	0	0	0	2
Germany_BenzingerodeHeimburg_LN	EUROPE_CONTROL	Germany		0	2	0	0	0	0	0	0	2
Germany_Bergrheinfeld_CordedWare	EUROPE_CONTROL	Germany		0	1	0	0	0	0	0	0	1
Germany_BlatterhohleCave_MN	EUROPE_CONTROL	Germany		0	4	0	0	0	0	0	0	4
Germany_BlatterhohleCave_MN-oWHG	EUROPE_CONTROL	Germany		0	1	0	0	0	0	0	0	1
Germany_Bockstein_Mesolithic	EUROPE_CONTROL	Germany		0	0	1	0	0	0	0	0	1
Germany_Bonn	EUROPE_CONTROL	Germany		1	0	0	0	0	0	0	0	1
Germany_Bottendorf_Mesolithic	EUROPE_CONTROL	Germany		0	0	2	0	0	0	0	0	2
Germany_BrillenhohleAchValley_Magdalenian	EUROPE_CONTROL	Germany		0	0	0	1	0	0	0	0	1
Germany_BurgweintingNordWest2_EarlyMedieval-1	EUROPE_CONTROL	Germany		1	0	0	0	0	0	0	0	1
Germany_BurgweintingNordWest2_EarlyMedieval-oSteppe	EUROPE_CONTROL	Germany		1	0	0	0	0	0	0	0	1
Germany_Criewen_Mesolithic	EUROPE_CONTROL	Germany		0	0	1	0	0	0	0	0	1
Germany_DGFLan_BellBeaker	EUROPE_CONTROL	Germany		0	4	0	0	0	0	0	0	4
Germany_DerenburgMeerenstieg2_N_LBK	EUROPE_CONTROL	Germany		0	0	34	0	0	0	0	0	34
Germany_DillingenSteinheim_EN_LBK	EUROPE_CONTROL	Germany		0	0	1	0	0	0	0	0	1
Germany_DingolfingLandau_BellBeaker	EUROPE_CONTROL	Germany		0	2	0	0	0	0	0	0	2
Germany_DitzingenSchockingen_IA	EUROPE_CONTROL	Germany		0	1	0	0	0	0	0	0	1
Germany_Drantum_Medieval_Saxon	EUROPE_CONTROL	Germany		12	0	0	0	0	0	0	0	12
Germany_Drigge_Mesolithic	EUROPE_CONTROL	Germany		0	0	1	0	0	0	0	0	1
Germany_Dunum_Medieval_Saxon	EUROPE_CONTROL	Germany		4	0	0	0	0	0	0	0	4
Germany_EBA_Afanasievo	EUROPE_CONTROL	Germany		0	1	0	0	0	0	0	0	1
Germany_EberdingenHochdorfBiegel_IA_Hallstatt	EUROPE_CONTROL	Germany		0	4	0	0	0	0	0	0	4
Germany_ErwitteSchmerlecke_MN	EUROPE_CONTROL	Germany		0	1	0	0	0	0	0	0	1
Germany_Esperstedt_CordedWare	EUROPE_CONTROL	Germany		0	13	0	0	0	0	0	0	13
Germany_Esperstedt_CordedWare-o	EUROPE_CONTROL	Germany		0	1	0	0	0	0	0	0	1
Germany_Esperstedt_EBA_Unetice	EUROPE_CONTROL	Germany		0	4	0	0	0	0	0	0	4
Germany_Esperstedt_MN	EUROPE_CONTROL	Germany		0	2	0	0	0	0	0	0	2
Germany_Esperstedt_MN_Baalberge	EUROPE_CONTROL	Germany		0	1	0	0	0	0	0	0	1
Germany_EssenbachAmmerbreite_EN_LBK	EUROPE_CONTROL	Germany		0	0	1	0	0	0	0	0	1
Germany_Eulau_EBA_Unetice	EUROPE_CONTROL	Germany		0	2	0	0	0	0	0	0	2
Germany_FalkensteinHohle_Mesolithic	EUROPE_CONTROL	Germany		0	0	1	0	0	0	0	0	1
Germany_GrossFredenwalde_Mesolithic	EUROPE_CONTROL	Germany		0	0	7	0	0	0	0	0	7
Germany_HalberstadtSonntagsfeld_EN	EUROPE_CONTROL	Germany		0	0	7	0	0	0	0	0	7
Germany_HalberstadtSonntagsfeld_EN_LBK	EUROPE_CONTROL	Germany		0	0	19	0	0	0	0	0	19
Germany_HalberstadtSonntagsfeld_LBA	EUROPE_CONTROL	Germany		0	1	0	0	0	0	0	0	1
Germany_HalberstadtSonntagsfeld_N	EUROPE_CONTROL	Germany		0	0	1	0	0	0	0	0	1
Germany_Hassleben	EUROPE_CONTROL	Germany		4	0	0	0	0	0	0	0	4
Germany_Hassleben-oNorthEurope	EUROPE_CONTROL	Germany		1	0	0	0	0	0	0	0	1
Germany_Hassleben_Elite-1	EUROPE_CONTROL	Germany		1	0	0	0	0	0	0	0	1
Germany_Hassleben_Elite-2	EUROPE_CONTROL	Germany		1	0	0	0	0	0	0	0	1
Germany_HaunstettenPostillionstrasse_EBA	EUROPE_CONTROL	Germany		0	7	0	0	0	0	0	0	7
Germany_HaunstettenPostillionstrasse_MBA	EUROPE_CONTROL	Germany		0	1	0	0	0	0	0	0	1
Germany_HaunstettenUntererTalweg121_CordedWare	EUROPE_CONTROL	Germany		0	1	0	0	0	0	0	0	1
Germany_HaunstettenUntererTalweg5862_BellBeaker	EUROPE_CONTROL	Germany		0	1	0	0	0	0	0	0	1
Germany_HaunstettenUntererTalweg5862_BellBeaker-oEEF	EUROPE_CONTROL	Germany		0	1	0	0	0	0	0	0	1
Germany_HaunstettenUntererTalweg5862_EBA	EUROPE_CONTROL	Germany		0	3	0	0	0	0	0	0	3
Germany_HaunstettenUntererTalweg851_BellBeaker	EUROPE_CONTROL	Germany		0	1	0	0	0	0	0	0	1
Germany_HaunstettenUntererTalweg89_CordedWare	EUROPE_CONTROL	Germany		0	1	0	0	0	0	0	0	1
Germany_Herxheim_N_LBK	EUROPE_CONTROL	Germany		0	0	1	0	0	0	0	0	1
Germany_Heuneburg_IA_Hallstatt	EUROPE_CONTROL	Germany		0	2	0	0	0	0	0	0	2
Germany_Hiddestorf_EarlyMedieval_Saxon	EUROPE_CONTROL	Germany		4	0	0	0	0	0	0	0	4
Germany_HohleFelsAchValley_Magdalenian	EUROPE_CONTROL	Germany		0	0	0	2	0	0	0	0	2
Germany_IrlbachLKR_BellBeaker	EUROPE_CONTROL	Germany		0	15	0	0	0	0	0	0	15
Germany_Issendorf_EarlyMedieval	EUROPE_CONTROL	Germany		1	0	0	0	0	0	0	0	1
Germany_Karsdorf_EN_LBK	EUROPE_CONTROL	Germany		0	0	2	0	0	0	0	0	2
Germany_Karsdorf_LN_Karsdorf	EUROPE_CONTROL	Germany		0	1	0	0	0	0	0	0	1
Germany_KleinaitingenGewerbegebietNord_EBA	EUROPE_CONTROL	Germany		0	25	0	0	0	0	0	0	25
Germany_KonigsbrunnAmpack_BellBeaker	EUROPE_CONTROL	Germany		0	1	0	0	0	0	0	0	1
Germany_KonigsbrunnObereKreuzstrasseBaugebiet110_EBA	EUROPE_CONTROL	Germany		0	13	0	0	0	0	0	0	13
Germany_KunzingBruck_BellBeaker	EUROPE_CONTROL	Germany		0	2	0	0	0	0	0	0	2
Germany_LangenenslingenAlteBurg_IA_Hallstatt	EUROPE_CONTROL	Germany		0	1	0	0	0	0	0	0	1
Germany_Leubingen1_EBA_Unetice	EUROPE_CONTROL	Germany		0	41	0	0	0	0	0	0	41
Germany_Leubingen2_EBA_Unetice	EUROPE_CONTROL	Germany		0	5	0	0	0	0	0	0	5
Germany_Liebenau_EarlyMedieval_Saxon	EUROPE_CONTROL	Germany		2	0	0	0	0	0	0	0	2
Germany_LudwigsburgRomerhugel_IA_Hallstatt	EUROPE_CONTROL	Germany		0	2	0	0	0	0	0	0	2
Germany_Magdalenenberg_IA_Hallstatt	EUROPE_CONTROL	Germany		0	16	0	0	0	0	0	0	16
Germany_ManchingOberstimm_BellBeaker	EUROPE_CONTROL	Germany		0	2	0	0	0	0	0	0	2
Germany_Medieval_Jewish	EUROPE_CONTROL	Germany		8	0	0	0	0	0	0	0	8
Germany_Medieval_Jewish-highEastEU	EUROPE_CONTROL	Germany		16	0	0	0	0	0	0	0	16
Germany_Medieval_Jewish-lowEastEU	EUROPE_CONTROL	Germany		17	0	0	0	0	0	0	0	17
Germany_Niederstotzingen_EarlyMedieval	EUROPE_CONTROL	Germany		9	0	0	0	0	0	0	0	9
Germany_Niederstotzingen_EarlyMedieval_Nomad	EUROPE_CONTROL	Germany		1	0	0	0	0	0	0	0	1
Germany_Niedertiefenbach_LN_Wartberg	EUROPE_CONTROL	Germany		0	37	0	0	0	0	0	0	37
Germany_Oberkassel_Federmesser_LMagdalenian	EUROPE_CONTROL	Germany		0	0	0	2	0	0	0	0	2
Germany_OberottmarshausenKiesgrubeLauter_MBA	EUROPE_CONTROL	Germany		0	9	0	0	0	0	0	0	9
Germany_OberottmarshausenKiesgrubeLauter_MBA-o	EUROPE_CONTROL	Germany		0	1	0	0	0	0	0	0	1
Germany_OsterhofenAltenmarkt_BellBeaker	EUROPE_CONTROL	Germany		0	6	0	0	0	0	0	0	6
Germany_Ostorf_LN	EUROPE_CONTROL	Germany		0	1	0	0	0	0	0	0	1
Germany_Ostorf_LN-oOberkassel1	EUROPE_CONTROL	Germany		0	2	0	0	0	0	0	0	2
Germany_Quedlinburg12_BellBeaker	EUROPE_CONTROL	Germany		0	3	0	0	0	0	0	0	3
Germany_Quedlinburg7_BellBeaker	EUROPE_CONTROL	Germany		0	1	0	0	0	0	0	0	1
Germany_Quedlinburg8_EBA_Unetice	EUROPE_CONTROL	Germany		0	2	0	0	0	0	0	0	2
Germany_Quedlinburg9_MN_Baalberge	EUROPE_CONTROL	Germany		0	2	0	0	0	0	0	0	2
Germany_Ranis_IUP	EUROPE_CONTROL	Germany		0	0	0	0	8	0	0	0	8
Germany_Rothenschirmbach_BellBeaker	EUROPE_CONTROL	Germany		0	5	0	0	0	0	0	0	5
Germany_Rubenheim_IA_Hallstatt	EUROPE_CONTROL	Germany		0	2	0	0	0	0	0	0	2
Germany_SalzmundeSchiepzig_MN_IA_c_Salzmuende	EUROPE_CONTROL	Germany		0	3	0	0	0	0	0	0	3
Germany_Schleswig_LateMedieval	EUROPE_CONTROL	Germany		14	0	0	0	0	0	0	0	14
Germany_Schortens_EarlyMedieval	EUROPE_CONTROL	Germany		1	0	0	0	0	0	0	0	1
Germany_Schwetzingen_EN	EUROPE_CONTROL	Germany		0	0	10	0	0	0	0	0	10
Germany_Singen_EBA	EUROPE_CONTROL	Germany		0	11	0	0	0	0	0	0	11
Germany_Singen_EBA-o	EUROPE_CONTROL	Germany		0	1	0	0	0	0	0	0	1
Germany_Spiekeroog_Mesolithic	EUROPE_CONTROL	Germany		0	0	1	0	0	0	0	0	1
Germany_StkrStraubing_BellBeaker	EUROPE_CONTROL	Germany		0	11	0	0	0	0	0	0	11
Germany_Straubing_EarlyMedieval	EUROPE_CONTROL	Germany		9	0	0	0	0	0	0	0	9
Germany_Straubing_EarlyMedieval-1	EUROPE_CONTROL	Germany		4	0	0	0	0	0	0	0	4
Germany_Straubing_EarlyMedieval-2	EUROPE_CONTROL	Germany		1	0	0	0	0	0	0	0	1
Germany_Straubing_EarlyMedieval-3	EUROPE_CONTROL	Germany		2	0	0	0	0	0	0	0	2
Germany_Straubing_EarlyMedieval-4	EUROPE_CONTROL	Germany		1	0	0	0	0	0	0	0	1
Germany_StuttgartMuhlhausen1_EN	EUROPE_CONTROL	Germany		0	0	13	0	0	0	0	0	13
Germany_StuttgartMuhlhausen2_EN	EUROPE_CONTROL	Germany		0	0	7	0	0	0	0	0	7
Germany_StuttgartMuhlhausen2_EN_LBK	EUROPE_CONTROL	Germany		0	0	1	0	0	0	0	0	1
Germany_Tangermunde_LN	EUROPE_CONTROL	Germany		0	1	0	0	0	0	0	0	1
Germany_Tangermunde_LN-oWHG	EUROPE_CONTROL	Germany		0	1	0	0	0	0	0	0	1
Germany_Tiefbrunn_CordedWare	EUROPE_CONTROL	Germany		0	1	0	0	0	0	0	0	1
Germany_Tiefbrunn_CordedWare-1	EUROPE_CONTROL	Germany		0	2	0	0	0	0	0	0	2
Germany_Tollensebattlefield_BA	EUROPE_CONTROL	Germany		0	17	0	0	0	0	0	0	17
Germany_Tollensebattlefield_BA-1	EUROPE_CONTROL	Germany		0	1	0	0	0	0	0	0	1
Germany_Tollensebattlefield_BA-2	EUROPE_CONTROL	Germany		0	1	0	0	0	0	0	0	1
Germany_Untermeitingen_BA	EUROPE_CONTROL	Germany		0	1	0	0	0	0	0	0	1
Germany_Unterwiederstedt_EN_LBK	EUROPE_CONTROL	Germany		0	0	2	0	0	0	0	0	2
Germany_Urdhohle_Mesolithic	EUROPE_CONTROL	Germany		0	0	1	0	0	0	0	0	1
Germany_ViesenhaeuserHof_EN	EUROPE_CONTROL	Germany		0	0	3	0	0	0	0	0	3
Germany_ViesenhaeuserHof_EN_LBK	EUROPE_CONTROL	Germany		0	0	2	0	0	0	0	0	2
Germany_WehringenHochfeld_BellBeaker	EUROPE_CONTROL	Germany		0	1	0	0	0	0	0	0	1
Germany_WehringenHochfeld_EBA	EUROPE_CONTROL	Germany		0	4	0	0	0	0	0	0	4
Germany_Weichering_BellBeaker	EUROPE_CONTROL	Germany		0	3	0	0	0	0	0	0	3
Germany_Westerheim_Magdalenian-oWHG	EUROPE_CONTROL	Germany		0	0	0	1	0	0	0	0	1
Germany_WeyheDreye_LN-oOberkassel2	EUROPE_CONTROL	Germany		0	1	0	0	0	0	0	0	1
Germany_WormsHerrnsheim_BellBeaker	EUROPE_CONTROL	Germany		0	1	0	0	0	0	0	0	1
Germany_Zetel_EarlyMedieval_Saxon	EUROPE_CONTROL	Germany		1	0	0	0	0	0	0	0	1
Gibraltar_EBA	IBERIA	Gibraltar		0	3	0	0	0	0	0	0	3
Gibraltar_EN	IBERIA	Gibraltar		0	0	1	0	0	0	0	0	1
Gorilla	OUTGROUP			1	0	0	0	0	0	0	0	1
Greece_Achaea_LBA	EUROPE_CONTROL	Greece	GREECE	0	7	0	0	0	0	0	0	7
Greece_Achaia_LateAntiquity_ImperialRoman	EUROPE_CONTROL	Greece	GREECE	1	0	0	0	0	0	0	0	1
Greece_Apatheia_BA	EUROPE_CONTROL	Greece	GREECE	0	2	0	0	0	0	0	0	2
Greece_Argolid_Eleutherna_IA	EUROPE_CONTROL	Greece	GREECE	0	1	0	0	0	0	0	0	1
Greece_Argolid_LBA	EUROPE_CONTROL	Greece	GREECE	0	3	0	0	0	0	0	0	3
Greece_Attica_KolikrepiSpata_BA	EUROPE_CONTROL	Greece	GREECE	0	4	0	0	0	0	0	0	4
Greece_Attica_KolikrepiSpata_LBA	EUROPE_CONTROL	Greece	GREECE	0	1	0	0	0	0	0	0	1
Greece_Attica_LBA	EUROPE_CONTROL	Greece	GREECE	0	2	0	0	0	0	0	0	2
Greece_BA	EUROPE_CONTROL	Greece	GREECE	0	1	0	0	0	0	0	0	1
Greece_Chios_StIsidorCathedral_Byzantine	EUROPE_CONTROL	Greece	GREECE	1	0	0	0	0	0	0	0	1
Greece_Crete_Aposelemis_LBA	EUROPE_CONTROL	Greece	CRETE	0	1	0	0	0	0	0	0	1
Greece_Crete_Aposelemis_N	EUROPE_CONTROL	Greece	CRETE	0	0	5	0	0	0	0	0	5
Greece_Crete_HgCharalambos_EMBA	EUROPE_CONTROL	Greece	CRETE	0	31	0	0	0	0	0	0	31
Greece_Crete_KephalaPetrasSiteias	EUROPE_CONTROL	Greece	CRETE	0	1	0	0	0	0	0	0	1
Greece_Crete_LBA	EUROPE_CONTROL	Greece	CRETE	0	25	0	0	0	0	0	0	25
Greece_Crete_MoniOdigitria_BA	EUROPE_CONTROL	Greece	CRETE	0	5	0	0	0	0	0	0	5
Greece_Crete_NecropolisofArmenoi_BA	EUROPE_CONTROL	Greece	CRETE	0	1	0	0	0	0	0	0	1
Greece_Crete_Zakros_Karaviadaina_BA	EUROPE_CONTROL	Greece	CRETE	0	1	0	0	0	0	0	0	1
Greece_EBA	EUROPE_CONTROL	Greece	GREECE	0	1	0	0	0	0	0	0	1
Greece_ElatiLogkassite_MBA	EUROPE_CONTROL	Greece	GREECE	0	2	0	0	0	0	0	0	2
Greece_EpanoKoufonisi_EBA_Cycladic	EUROPE_CONTROL	Greece	GREECE	0	2	0	0	0	0	0	0	2
Greece_Kastrouli_BA	EUROPE_CONTROL	Greece	GREECE	0	9	0	0	0	0	0	0	9
Greece_Kastrouli_IA	EUROPE_CONTROL	Greece	GREECE	0	2	0	0	0	0	0	0	2
Greece_LBA	EUROPE_CONTROL	Greece	GREECE	0	8	0	0	0	0	0	0	8
Greece_Manika_EBA	EUROPE_CONTROL	Greece	GREECE	0	1	0	0	0	0	0	0	1
Greece_N	EUROPE_CONTROL	Greece	GREECE	0	0	1	0	0	0	0	0	1
Greece_NeaNikomedeia_EN	EUROPE_CONTROL	Greece	GREECE	0	0	3	0	0	0	0	0	3
Greece_NeaStyra_EBA	EUROPE_CONTROL	Greece	GREECE	0	5	0	0	0	0	0	0	5
Greece_North_N	EUROPE_CONTROL	Greece	GREECE	0	0	2	0	0	0	0	0	2
Greece_PalaceofNestor_BA	EUROPE_CONTROL	Greece	GREECE	0	9	0	0	0	0	0	0	9
Greece_PalaceofNestor_EIA	EUROPE_CONTROL	Greece	GREECE	0	2	0	0	0	0	0	0	2
Greece_Peloponnese_LBA	EUROPE_CONTROL	Greece	GREECE	0	9	0	0	0	0	0	0	9
Greece_Peloponnese_N	EUROPE_CONTROL	Greece	GREECE	0	2	3	0	0	0	0	0	5
Greece_PerachoraCave_EBA	EUROPE_CONTROL	Greece	GREECE	0	5	0	0	0	0	0	0	5
Greece_Peristeria_BA	EUROPE_CONTROL	Greece	GREECE	0	1	0	0	0	0	0	0	1
Greece_Salamis_BA	EUROPE_CONTROL	Greece	GREECE	0	1	0	0	0	0	0	0	1
Greece_Sarakenos_EBA	EUROPE_CONTROL	Greece	GREECE	0	1	0	0	0	0	0	0	1
Greece_TheopetraCave_EBA	EUROPE_CONTROL	Greece	GREECE	0	1	0	0	0	0	0	0	1
Greek	EUROPE_CONTROL	Greece	GREECE	1	0	0	0	0	0	0	0	1
Greek_1	EUROPE_CONTROL	Greece	GREECE	1	0	0	0	0	0	0	0	1
Greek_Crete	EUROPE_CONTROL	Greece	CRETE	2	0	0	0	0	0	0	0	2
Greenland_EarlyNorse	OUTGROUP	Greenland		12	0	0	0	0	0	0	0	12
Greenland_EarlyNorse-1	OUTGROUP	Greenland		2	0	0	0	0	0	0	0	2
Greenland_LateNorse	OUTGROUP	Greenland		5	0	0	0	0	0	0	0	5
Greenland_Saqqaq	OUTGROUP	Greenland		0	1	0	0	0	0	0	0	1
Guadeloupe_Ceramic	OUTGROUP	Guadeloupe		3	0	0	0	0	0	0	0	3
Guam_LateLattePeriod	OUTGROUP	Guam		4	0	0	0	0	0	0	0	4
Guam_LateUnai	OUTGROUP	Guam		0	17	0	0	0	0	0	0	17
Guam_LateUnai_PreLatte	OUTGROUP	Guam		0	1	0	0	0	0	0	0	1
Guam_Latte	OUTGROUP	Guam		71	0	0	0	0	0	0	0	71
Guam_PreLattePeriod	OUTGROUP	Guam		1	0	0	0	0	0	0	0	1
Guam_PreLattePeriod_LateUnai	OUTGROUP	Guam		0	2	0	0	0	0	0	0	2
GujaratiA	OUTGROUP	USA		4	0	0	0	0	0	0	0	4
GujaratiB	OUTGROUP	USA		4	0	0	0	0	0	0	0	4
GujaratiC	OUTGROUP	USA		4	0	0	0	0	0	0	0	4
GujaratiD	OUTGROUP	USA		5	0	0	0	0	0	0	0	5
Haiti_Ceramic	OUTGROUP	Haiti		2	0	0	0	0	0	0	0	2
Han	OUTGROUP	China		46	0	0	0	0	0	0	0	46
Hawaiian	OUTGROUP	USA		1	0	0	0	0	0	0	0	1
Hazara	OUTGROUP	Pakistan		18	0	0	0	0	0	0	0	18
Hazara_1	OUTGROUP	Pakistan		5	0	0	0	0	0	0	0	5
Hazara_2	OUTGROUP	Pakistan		1	0	0	0	0	0	0	0	1
Henan_Wadian	OUTGROUP	China		0	7	0	0	0	0	0	0	7
Henan_Wangchenggang	OUTGROUP	China		0	7	0	0	0	0	0	0	7
Henan_Yuzhuang	OUTGROUP	China		0	3	0	0	0	0	0	0	3
Hezhen	OUTGROUP	China		11	0	0	0	0	0	0	0	11
Honduras_Copan_Classic_Maya	OUTGROUP	Honduras		7	0	0	0	0	0	0	0	7
Huichol	OUTGROUP	Mexico		1	0	0	0	0	0	0	0	1
Hungarian	EUROPE_CONTROL	Hungary		2	0	0	0	0	0	0	0	2
Hungary_AbasarBoltteto_Medieval	EUROPE_CONTROL	Hungary		19	0	0	0	0	0	0	0	19
Hungary_Avar	EUROPE_CONTROL	Hungary		71	0	0	0	0	0	0	0	71
Hungary_Avar-1	EUROPE_CONTROL	Hungary		1	0	0	0	0	0	0	0	1
Hungary_Avar-2	EUROPE_CONTROL	Hungary		1	0	0	0	0	0	0	0	1
Hungary_Avar-5	EUROPE_CONTROL	Hungary		2	0	0	0	0	0	0	0	2
Hungary_Avar-oHighEastAsia	EUROPE_CONTROL	Hungary		4	0	0	0	0	0	0	0	4
Hungary_Avar-oLowEastAsia	EUROPE_CONTROL	Hungary		29	0	0	0	0	0	0	0	29
Hungary_BA	EUROPE_CONTROL	Hungary		0	1	0	0	0	0	0	0	1
Hungary_BalatonkereszturRetidulo_EBA_II_EncrustedPottery	EUROPE_CONTROL	Hungary		0	8	0	0	0	0	0	0	8
Hungary_BalatonkereszturRetidulo_EBA_I_Kisapostag	EUROPE_CONTROL	Hungary		0	11	0	0	0	0	0	0	11
Hungary_BalatonkereszturRetidulo_LateC_SomogyvarVinkovci	EUROPE_CONTROL	Hungary		0	1	0	0	0	0	0	0	1
Hungary_BalatonlelleFelsoGamasz_LateC_Baden	EUROPE_CONTROL	Hungary		0	1	0	0	0	0	0	0	1
Hungary_BudapestXIIINepfurdoSt_Hunnic	EUROPE_CONTROL	Hungary		2	0	0	0	0	0	0	0	2
Hungary_C_Balaton_Lasinja	EUROPE_CONTROL	Hungary		0	0	5	0	0	0	0	0	5
Hungary_C_Bodrogkeresztur	EUROPE_CONTROL	Hungary		0	0	36	0	0	0	0	0	36
Hungary_C_Bodrogkeresztur-1	EUROPE_CONTROL	Hungary		0	0	2	0	0	0	0	0	2
Hungary_C_Bodrogkeresztur-2	EUROPE_CONTROL	Hungary		0	0	1	0	0	0	0	0	1
Hungary_Commoner	EUROPE_CONTROL	Hungary		16	0	0	0	0	0	0	0	16
Hungary_Commoner-oEastAsia	EUROPE_CONTROL	Hungary		1	0	0	0	0	0	0	0	1
Hungary_Conqueror	EUROPE_CONTROL	Hungary		8	0	0	0	0	0	0	0	8
Hungary_Conqueror-1	EUROPE_CONTROL	Hungary		1	0	0	0	0	0	0	0	1
Hungary_Conqueror-oEurope	EUROPE_CONTROL	Hungary		2	0	0	0	0	0	0	0	2
Hungary_Conqueror_Commoner	EUROPE_CONTROL	Hungary		17	0	0	0	0	0	0	0	17
Hungary_DanubeTisza-oHighEastAsia	EUROPE_CONTROL	Hungary		1	0	0	0	0	0	0	0	1
Hungary_EBA_BellBeaker	EUROPE_CONTROL	Hungary		0	12	0	0	0	0	0	0	12
Hungary_EBA_Mako	EUROPE_CONTROL	Hungary		0	2	0	0	0	0	0	0	2
Hungary_EBA_Maros	EUROPE_CONTROL	Hungary		0	3	0	0	0	0	0	0	3
Hungary_EBA_Protonagyrev	EUROPE_CONTROL	Hungary		0	4	0	0	0	0	0	0	4
Hungary_EHun	EUROPE_CONTROL	Hungary		7	0	0	0	0	0	0	0	7
Hungary_EHun-oWest	EUROPE_CONTROL	Hungary		1	0	0	0	0	0	0	0	1
Hungary_EIA	EUROPE_CONTROL	Hungary		0	2	0	0	0	0	0	0	2
Hungary_EIA-3	EUROPE_CONTROL	Hungary		0	1	0	0	0	0	0	0	1
Hungary_EIA_Hallstatt	EUROPE_CONTROL	Hungary		0	1	0	0	0	0	0	0	1
Hungary_EIA_Mezocsat	EUROPE_CONTROL	Hungary		0	1	0	0	0	0	0	0	1
Hungary_EIA_Mezocsat_Prescythian	EUROPE_CONTROL	Hungary		0	3	0	0	0	0	0	0	3
Hungary_EIA_Mezocsat_Prescythian-1	EUROPE_CONTROL	Hungary		0	1	0	0	0	0	0	0	1
Hungary_EIA_Mezocsat_Prescythian-3	EUROPE_CONTROL	Hungary		0	1	0	0	0	0	0	0	1
Hungary_EIA_Prescythian	EUROPE_CONTROL	Hungary		0	1	0	0	0	0	0	0	1
Hungary_EN_HG_Koros-oWHG	EUROPE_CONTROL	Hungary		0	0	1	0	0	0	0	0	1
Hungary_EN_Koros	EUROPE_CONTROL	Hungary		0	0	7	0	0	0	0	0	7
Hungary_EN_Koros-o	EUROPE_CONTROL	Hungary		0	0	2	0	0	0	0	0	2
Hungary_EN_Koros-oWHG	EUROPE_CONTROL	Hungary		0	0	3	0	0	0	0	0	3
Hungary_EN_LBK_DVK	EUROPE_CONTROL	Hungary		0	0	1	0	0	0	0	0	1
Hungary_EN_SeredniiStihMigrant-oKhvalynsk	EUROPE_CONTROL	Hungary		0	0	1	0	0	0	0	0	1
Hungary_EN_Starcevo	EUROPE_CONTROL	Hungary		0	0	2	0	0	0	0	0	2
Hungary_EN_Starcevo-1	EUROPE_CONTROL	Hungary		0	0	4	0	0	0	0	0	4
Hungary_EN_Starcevo-2	EUROPE_CONTROL	Hungary		0	0	2	0	0	0	0	0	2
Hungary_EarlyArpadian	EUROPE_CONTROL	Hungary		11	0	0	0	0	0	0	0	11
Hungary_EarlyAvar	EUROPE_CONTROL	Hungary		32	0	0	0	0	0	0	0	32
Hungary_EarlyAvar-2	EUROPE_CONTROL	Hungary		1	0	0	0	0	0	0	0	1
Hungary_EarlyAvar-oHighEastAsia	EUROPE_CONTROL	Hungary		37	0	0	0	0	0	0	0	37
Hungary_EarlyAvar-oLowEastAsia	EUROPE_CONTROL	Hungary		50	0	0	0	0	0	0	0	50
Hungary_EarlyAvar-olowEastAsia	EUROPE_CONTROL	Hungary		1	0	0	0	0	0	0	0	1
Hungary_EarlyC_Bodrogkeresztur_Tiszapolgar	EUROPE_CONTROL	Hungary		0	0	1	0	0	0	0	0	1
Hungary_EarlyC_Tiszapolgar	EUROPE_CONTROL	Hungary		0	0	5	0	0	0	0	0	5
Hungary_EarlyMedieval_EarlyAvar-oHighEastAsia	EUROPE_CONTROL	Hungary		1	0	0	0	0	0	0	0	1
Hungary_EarlyMedieval_LateAvar-oHighEastAsia	EUROPE_CONTROL	Hungary		2	0	0	0	0	0	0	0	2
Hungary_EarlyMedieval_LateAvar_MiddleAvar-oHighEastAsia	EUROPE_CONTROL	Hungary		2	0	0	0	0	0	0	0	2
Hungary_EarlyMedieval_LateAvar_MiddleAvar-oLowEastAsia	EUROPE_CONTROL	Hungary		1	0	0	0	0	0	0	0	1
Hungary_EarlyMiddleAvar	EUROPE_CONTROL	Hungary		10	0	0	0	0	0	0	0	10
Hungary_EarlyMiddleAvar-oHighEastAsia	EUROPE_CONTROL	Hungary		5	0	0	0	0	0	0	0	5
Hungary_EarlyMiddleAvar-oLowEastAsia	EUROPE_CONTROL	Hungary		13	0	0	0	0	0	0	0	13
Hungary_Elite	EUROPE_CONTROL	Hungary		18	0	0	0	0	0	0	0	18
Hungary_Elite-oEurope	EUROPE_CONTROL	Hungary		1	0	0	0	0	0	0	0	1
Hungary_Elite-oHighEastAsia	EUROPE_CONTROL	Hungary		2	0	0	0	0	0	0	0	2
Hungary_Elite_Conqueror	EUROPE_CONTROL	Hungary		10	0	0	0	0	0	0	0	10
Hungary_Elite_EarlyAvar-oHighEastAsia	EUROPE_CONTROL	Hungary		3	0	0	0	0	0	0	0	3
Hungary_Elite_EarlyAvar-oLowEastAsia	EUROPE_CONTROL	Hungary		1	0	0	0	0	0	0	0	1
Hungary_Elite_LateAvar-oHighEastAsia	EUROPE_CONTROL	Hungary		1	0	0	0	0	0	0	0	1
Hungary_Elite_LateAvar-oLowEastAsia	EUROPE_CONTROL	Hungary		1	0	0	0	0	0	0	0	1
Hungary_HajduBihar_Transtisza_EarlyAvar	EUROPE_CONTROL	Hungary		1	0	0	0	0	0	0	0	1
Hungary_HajduBihar_Transtisza_EarlyAvar-oLowEastAsia	EUROPE_CONTROL	Hungary		1	0	0	0	0	0	0	0	1
Hungary_HajduBihar_Transtisza_LateAvar	EUROPE_CONTROL	Hungary		1	0	0	0	0	0	0	0	1
Hungary_HajduBihar_Transtisza_LateAvar-oLowEastAsia	EUROPE_CONTROL	Hungary		1	0	0	0	0	0	0	0	1
Hungary_HajduboszormenyVidizug_Hunnic	EUROPE_CONTROL	Hungary		1	0	0	0	0	0	0	0	1
Hungary_HajdunanasFurjhalomdulo2M340A_Hunnic	EUROPE_CONTROL	Hungary		5	0	0	0	0	0	0	0	5
Hungary_Heves_LateAvar	EUROPE_CONTROL	Hungary		1	0	0	0	0	0	0	0	1
Hungary_Hun	EUROPE_CONTROL	Hungary		6	0	0	0	0	0	0	0	6
Hungary_Hun-oEastAsia	EUROPE_CONTROL	Hungary		1	0	0	0	0	0	0	0	1
Hungary_IA_Celt	EUROPE_CONTROL	Hungary		0	1	0	0	0	0	0	0	1
Hungary_IA_LaTene	EUROPE_CONTROL	Hungary		0	29	0	0	0	0	0	0	29
Hungary_IA_LaTene-3	EUROPE_CONTROL	Hungary		0	2	0	0	0	0	0	0	2
Hungary_IA_LaTene-o	EUROPE_CONTROL	Hungary		0	4	0	0	0	0	0	0	4
Hungary_IA_LaTene-oEast	EUROPE_CONTROL	Hungary		0	1	0	0	0	0	0	0	1
Hungary_IA_LaTene-oWest	EUROPE_CONTROL	Hungary		0	2	0	0	0	0	0	0	2
Hungary_IA_Scythian	EUROPE_CONTROL	Hungary		0	18	0	0	0	0	0	0	18
Hungary_IA_Scythian-2	EUROPE_CONTROL	Hungary		0	1	0	0	0	0	0	0	1
Hungary_IA_Scythian-o	EUROPE_CONTROL	Hungary		0	1	0	0	0	0	0	0	1
Hungary_IA_Scythian-oAegean	EUROPE_CONTROL	Hungary		0	2	0	0	0	0	0	0	2
Hungary_IA_SremGroup	EUROPE_CONTROL	Hungary		0	1	0	0	0	0	0	0	1
Hungary_Kiskundorozsma_MigrationPeriod_Sarmatian	EUROPE_CONTROL	Hungary		4	0	0	0	0	0	0	0	4
Hungary_LBA	EUROPE_CONTROL	Hungary		0	5	0	0	0	0	0	0	5
Hungary_LBA_EIA_Kyjatice_Piliny	EUROPE_CONTROL	Hungary		0	2	0	0	0	0	0	0	2
Hungary_LBA_EIA_Kyjatice_Piliny-o	EUROPE_CONTROL	Hungary		0	1	0	0	0	0	0	0	1
Hungary_LBA_Halva	EUROPE_CONTROL	Hungary		0	1	0	0	0	0	0	0	1
Hungary_LBA_IA	EUROPE_CONTROL	Hungary		0	1	0	0	0	0	0	0	1
Hungary_LBA_IA_PreGava	EUROPE_CONTROL	Hungary		0	3	0	0	0	0	0	0	3
Hungary_LN_Csoszhalom_Herpaly_Tisza	EUROPE_CONTROL	Hungary		0	0	3	0	0	0	0	0	3
Hungary_LN_Lengyel	EUROPE_CONTROL	Hungary		0	0	34	0	0	0	0	0	34
Hungary_LN_Lengyel-Dup	EUROPE_CONTROL	Hungary		0	0	1	0	0	0	0	0	1
Hungary_LN_Sopot	EUROPE_CONTROL	Hungary		0	0	6	0	0	0	0	0	6
Hungary_LN_Tisza	EUROPE_CONTROL	Hungary		0	0	47	0	0	0	0	0	47
Hungary_LateAvar	EUROPE_CONTROL	Hungary		50	0	0	0	0	0	0	0	50
Hungary_LateAvar-oHighEastAsia	EUROPE_CONTROL	Hungary		43	0	0	0	0	0	0	0	43
Hungary_LateAvar-oLowEastAsia	EUROPE_CONTROL	Hungary		95	0	0	0	0	0	0	0	95
Hungary_LateC_Baden	EUROPE_CONTROL	Hungary		0	17	0	0	0	0	0	0	17
Hungary_LateC_Baden-o	EUROPE_CONTROL	Hungary		0	1	0	0	0	0	0	0	1
Hungary_LateC_EBA_Yamnaya	EUROPE_CONTROL	Hungary		0	13	0	0	0	0	0	0	13
Hungary_LateC_IA_c_Baden	EUROPE_CONTROL	Hungary		0	1	0	0	0	0	0	0	1
Hungary_LateC_Protoboleraz	EUROPE_CONTROL	Hungary		0	4	0	0	0	0	0	0	4
Hungary_LateC_Yamnaya	EUROPE_CONTROL	Hungary		0	2	0	0	0	0	0	0	2
Hungary_LateC_Yamnaya-o	EUROPE_CONTROL	Hungary		0	2	0	0	0	0	0	0	2
Hungary_Lombards	EUROPE_CONTROL	Hungary		22	0	0	0	0	0	0	0	22
Hungary_Lombards-1	EUROPE_CONTROL	Hungary		7	0	0	0	0	0	0	0	7
Hungary_Lombards-2	EUROPE_CONTROL	Hungary		5	0	0	0	0	0	0	0	5
Hungary_MBA_Fuzesabony	EUROPE_CONTROL	Hungary		0	4	0	0	0	0	0	0	4
Hungary_MBA_Vatya	EUROPE_CONTROL	Hungary		0	4	0	0	0	0	0	0	4
Hungary_MBA_Vatya-2	EUROPE_CONTROL	Hungary		0	1	0	0	0	0	0	0	1
Hungary_MBA_Vatya-o	EUROPE_CONTROL	Hungary		0	1	0	0	0	0	0	0	1
Hungary_MCHA_Hunyadihalom	EUROPE_CONTROL	Hungary		0	0	1	0	0	0	0	0	1
Hungary_MN	EUROPE_CONTROL	Hungary		0	0	17	0	0	0	0	0	17
Hungary_MN-Dup	EUROPE_CONTROL	Hungary		0	0	1	0	0	0	0	0	1
Hungary_MN_ALBK	EUROPE_CONTROL	Hungary		0	0	3	0	0	0	0	0	3
Hungary_MN_ALBK_Szakalhat	EUROPE_CONTROL	Hungary		0	0	2	0	0	0	0	0	2
Hungary_MN_AVK	EUROPE_CONTROL	Hungary		0	0	63	0	0	0	0	0	63
Hungary_MN_AVK-o	EUROPE_CONTROL	Hungary		0	0	3	0	0	0	0	0	3
Hungary_MN_AVK-oHG1	EUROPE_CONTROL	Hungary		0	0	1	0	0	0	0	0	1
Hungary_MN_AVK-oLevant	EUROPE_CONTROL	Hungary		0	0	1	0	0	0	0	0	1
Hungary_MN_AVK_Bukk	EUROPE_CONTROL	Hungary		0	0	2	0	0	0	0	0	2
Hungary_MN_AVK_Esztar	EUROPE_CONTROL	Hungary		0	0	1	0	0	0	0	0	1
Hungary_MN_AVK_Szakalhat	EUROPE_CONTROL	Hungary		0	0	3	0	0	0	0	0	3
Hungary_MN_AVK_Szatmar	EUROPE_CONTROL	Hungary		0	0	2	0	0	0	0	0	2
Hungary_MN_AVK_Tiszadob	EUROPE_CONTROL	Hungary		0	0	6	0	0	0	0	0	6
Hungary_MN_Koros	EUROPE_CONTROL	Hungary		0	0	1	0	0	0	0	0	1
Hungary_MN_LBK	EUROPE_CONTROL	Hungary		0	0	7	0	0	0	0	0	7
Hungary_MN_Mako_Nagyrev	EUROPE_CONTROL	Hungary		0	0	1	0	0	0	0	0	1
Hungary_MN_Szakalhat	EUROPE_CONTROL	Hungary		0	0	3	0	0	0	0	0	3
Hungary_MN_Szakalhat_c	EUROPE_CONTROL	Hungary		0	3	5	0	0	0	0	0	8
Hungary_MN_Tisza	EUROPE_CONTROL	Hungary		0	0	7	0	0	0	0	0	7
Hungary_MN_Vinca	EUROPE_CONTROL	Hungary		0	0	6	0	0	0	0	0	6
Hungary_Madaras_MigrationPeriod_Sarmatian	EUROPE_CONTROL	Hungary		11	0	0	0	0	0	0	0	11
Hungary_Medieval	EUROPE_CONTROL	Hungary		64	0	0	0	0	0	0	0	64
Hungary_Medieval-oLowEastAsia	EUROPE_CONTROL	Hungary		1	0	0	0	0	0	0	0	1
Hungary_MiddleAvar	EUROPE_CONTROL	Hungary		30	0	0	0	0	0	0	0	30
Hungary_MiddleAvar-oEastAsiaMedium	EUROPE_CONTROL	Hungary		1	0	0	0	0	0	0	0	1
Hungary_MiddleAvar-oHighEastAsia	EUROPE_CONTROL	Hungary		14	0	0	0	0	0	0	0	14
Hungary_MiddleAvar-oLowEastAsia	EUROPE_CONTROL	Hungary		47	0	0	0	0	0	0	0	47
Hungary_MiddleLateAvar	EUROPE_CONTROL	Hungary		8	0	0	0	0	0	0	0	8
Hungary_MiddleLateAvar-oEurope	EUROPE_CONTROL	Hungary		2	0	0	0	0	0	0	0	2
Hungary_MiddleLateAvar-oHighEastAsia	EUROPE_CONTROL	Hungary		13	0	0	0	0	0	0	0	13
Hungary_MiddleLateAvar-oLowEastAsia	EUROPE_CONTROL	Hungary		29	0	0	0	0	0	0	0	29
Hungary_N_Koros	EUROPE_CONTROL	Hungary		0	0	4	0	0	0	0	0	4
Hungary_N_LBK	EUROPE_CONTROL	Hungary		0	0	1	0	0	0	0	0	1
Hungary_N_LateAVK	EUROPE_CONTROL	Hungary		0	0	2	0	0	0	0	0	2
Hungary_PusztataskonyLedenceI_Hunnic-1	EUROPE_CONTROL	Hungary		1	0	0	0	0	0	0	0	1
Hungary_PusztataskonyLedenceI_Hunnic-2	EUROPE_CONTROL	Hungary		3	0	0	0	0	0	0	0	3
Hungary_Roman_Transtisza_Sarmatian	EUROPE_CONTROL	Hungary		1	0	0	0	0	0	0	0	1
Hungary_TiszagyendaBuszerzo_Hunnic-1	EUROPE_CONTROL	Hungary		1	0	0	0	0	0	0	0	1
Hungary_TiszagyendaBuszerzo_Hunnic-2	EUROPE_CONTROL	Hungary		2	0	0	0	0	0	0	0	2
Hungary_TiszagyendaLakhatom_Hunnic-1	EUROPE_CONTROL	Hungary		4	0	0	0	0	0	0	0	4
Hungary_TiszagyendaLakhatom_Hunnic-2	EUROPE_CONTROL	Hungary		4	0	0	0	0	0	0	0	4
Hungary_Transtisza_EHun	EUROPE_CONTROL	Hungary		7	0	0	0	0	0	0	0	7
Hungary_Transtisza_EHun-oEast	EUROPE_CONTROL	Hungary		1	0	0	0	0	0	0	0	1
Hungary_Transtisza_EarlyAvar-oHighEastAsia	EUROPE_CONTROL	Hungary		6	0	0	0	0	0	0	0	6
Hungary_Transtisza_EarlyAvar-oLowEastAsia	EUROPE_CONTROL	Hungary		2	0	0	0	0	0	0	0	2
Hungary_Transtisza_LateAvar-oLowEastAsia	EUROPE_CONTROL	Hungary		2	0	0	0	0	0	0	0	2
IBS	IBERIA	Spain		45	0	0	0	0	0	0	0	45
IBS-1	IBERIA	Spain		1	0	0	0	0	0	0	0	1
IBS_CanaryIslands	IBERIA	Spain		2	0	0	0	0	0	0	0	2
ILA	OUTGROUP	India		9	0	0	0	0	0	0	0	9
ILA-o	OUTGROUP	India		1	0	0	0	0	0	0	0	1
ITU	OUTGROUP	India		103	0	0	0	0	0	0	0	103
Iceland_Christian	EUROPE_CONTROL	Iceland		15	0	0	0	0	0	0	0	15
Iceland_Early_Christian-o	EUROPE_CONTROL	Iceland		1	0	0	0	0	0	0	0	1
Iceland_PreChristian	EUROPE_CONTROL	Iceland		7	0	0	0	0	0	0	0	7
Iceland_Viking	EUROPE_CONTROL	Iceland		17	0	0	0	0	0	0	0	17
Icelandic	EUROPE_CONTROL	Iceland		2	0	0	0	0	0	0	0	2
Igbo	WEST_AFRICA	Nigeria		2	0	0	0	0	0	0	0	2
Igorot	OUTGROUP	Philippines		1	0	0	0	0	0	0	0	1
India-oCentralEurope	OUTGROUP	India		1	0	0	0	0	0	0	0	1
India_100BP	OUTGROUP	India		1	0	0	0	0	0	0	0	1
India_Choskar	OUTGROUP	India		1	0	0	0	0	0	0	0	1
India_Choskar_LBA	OUTGROUP	India		1	0	0	0	0	0	0	0	1
India_Harappan	OUTGROUP	India		0	1	0	0	0	0	0	0	1
India_Kanam_MiddleAges	OUTGROUP	India		0	1	0	0	0	0	0	0	1
India_Kibber_Modern	OUTGROUP	India		1	0	0	0	0	0	0	0	1
India_Lippa_Classical	OUTGROUP	India		1	0	0	0	0	0	0	0	1
India_Roopkund-A	OUTGROUP	India		23	0	0	0	0	0	0	0	23
India_Roopkund-B	OUTGROUP	India		12	0	0	0	0	0	0	0	12
India_Roopkund-C	OUTGROUP	India		1	0	0	0	0	0	0	0	1
India_Roopkund-oNearEast	OUTGROUP	India		1	0	0	0	0	0	0	0	1
India_Sanglung_EarlyMiddleAges	OUTGROUP	India		1	0	0	0	0	0	0	0	1
India_Tashigang_EarlyMiddleAges	OUTGROUP	India		1	0	0	0	0	0	0	0	1
Indian	OUTGROUP	India		1	0	0	0	0	0	0	0	1
Indonesia_250BP_Sulawesi	OUTGROUP	Indonesia		2	0	0	0	0	0	0	0	2
Indonesia_950BP_Sulawesi	OUTGROUP	Indonesia		1	0	0	0	0	0	0	0	1
Indonesia_EBA	OUTGROUP	Indonesia		2	3	0	0	0	0	0	0	5
Indonesia_LIA	OUTGROUP	Indonesia		1	0	0	0	0	0	0	0	1
Indonesia_LN_BA_IA	OUTGROUP	Indonesia		1	1	0	0	0	0	0	0	2
Indonesia_Majapahit	OUTGROUP	Indonesia		1	0	0	0	0	0	0	0	1
Indonesia_N	OUTGROUP	Indonesia		2	0	0	0	0	0	0	0	2
Indonesia_N_EBA	OUTGROUP	Indonesia		0	4	0	0	0	0	0	0	4
Indonesia_PreColonial_Majapahit	OUTGROUP	Indonesia		1	0	0	0	0	0	0	0	1
Iran_BeltCave_Mesolithic	OUTGROUP	Iran		0	0	1	0	0	0	0	0	1
Iran_BozoodpeyGhaleBen_MBA_Caucasus	OUTGROUP	Iran		0	3	0	0	0	0	0	0	3
Iran_DinkhaTepe_BA_IA1-1	OUTGROUP	Iran		0	6	0	0	0	0	0	0	6
Iran_DinkhaTepe_BA_IA2-2	OUTGROUP	Iran		0	8	0	0	0	0	0	0	8
Iran_GanjDareh_Historic	OUTGROUP	Iran		1	0	0	0	0	0	0	0	1
Iran_GanjDareh_N	OUTGROUP	Iran		0	0	15	0	0	0	0	0	15
Iran_GolAfshanTepe_Bakun	OUTGROUP	Iran		0	0	1	0	0	0	0	0	1
Iran_HajjiFiruz_IA	OUTGROUP	Iran		0	1	0	0	0	0	0	0	1
Iran_HajjiFiruz_N	OUTGROUP	Iran		0	0	6	0	0	0	0	0	6
Iran_Hasanlu_IA	OUTGROUP	Iran		0	19	0	0	0	0	0	0	19
Iran_Hasanlu_LBA	OUTGROUP	Iran		0	1	0	0	0	0	0	0	1
Iran_Hasanlu_LBA-2	OUTGROUP	Iran		0	1	0	0	0	0	0	0	1
Iran_Hasanlu_LBA-o	OUTGROUP	Iran		0	1	0	0	0	0	0	0	1
Iran_HotuCave_Mesolithic_HotuIIIb	OUTGROUP	Iran		0	0	1	0	0	0	0	0	1
Iran_Kalmakarehcave_Medieval	OUTGROUP	Iran		1	0	0	0	0	0	0	0	1
Iran_LiarsangBon_Parthian	OUTGROUP	Iran		1	4	0	0	0	0	0	0	5
Iran_SehGabi_C	OUTGROUP	Iran		0	4	3	0	0	0	0	0	7
Iran_SehGabi_LN	OUTGROUP	Iran		0	0	2	0	0	0	0	0	2
Iran_ShahTepe_BA	OUTGROUP	Iran		0	6	0	0	0	0	0	0	6
Iran_ShahTepe_LateC_EBA	OUTGROUP	Iran		0	2	0	0	0	0	0	0	2
Iran_ShahriSokhta_BA1-1	OUTGROUP	Iran		0	9	0	0	0	0	0	0	9
Iran_ShahriSokhta_BA2-2	OUTGROUP	Iran		0	10	0	0	0	0	0	0	10
Iran_ShahriSokhta_BA3-3	OUTGROUP	Iran		0	1	0	0	0	0	0	0	1
Iran_TepeAbdulHosein_N	OUTGROUP	Iran		0	0	3	0	0	0	0	0	3
Iran_TepeGuran_EN_PPN	OUTGROUP	Iran		0	0	2	0	0	0	0	0	2
Iran_TepeGuran_PPN	OUTGROUP	Iran		0	0	1	0	0	0	0	0	1
Iran_TepeHissar_C	OUTGROUP	Iran		0	13	0	0	0	0	0	0	13
Iran_Vestemin_MiddlePeriod_Sasanian	OUTGROUP	Iran		1	0	0	0	0	0	0	0	1
Iran_WezmehCave_N	OUTGROUP	Iran		0	0	1	0	0	0	0	0	1
Iranian	OUTGROUP	Iran		2	0	0	0	0	0	0	0	2
Iraq_LBA	OUTGROUP	Iraq		0	2	0	0	0	0	0	0	2
Iraq_PPN	OUTGROUP	Iraq		0	0	1	0	0	0	0	0	1
Iraq_PPNA	OUTGROUP	Iraq		0	0	2	0	0	0	0	0	2
Iraq_Shanidar_PPNB	OUTGROUP	Iraq		0	0	1	0	0	0	0	0	1
Iraq_Shanidar_PPNB-o	OUTGROUP	Iraq		0	0	1	0	0	0	0	0	1
Ireland_EBA	EUROPE_CONTROL	Ireland		0	3	0	0	0	0	0	0	3
Ireland_EN	EUROPE_CONTROL	Ireland		0	4	0	0	0	0	0	0	4
Ireland_EN_MN	EUROPE_CONTROL	Ireland		0	4	0	0	0	0	0	0	4
Ireland_EarlyMedieval	EUROPE_CONTROL	Ireland		34	0	0	0	0	0	0	0	34
Ireland_LN	EUROPE_CONTROL	Ireland		0	5	0	0	0	0	0	0	5
Ireland_MN	EUROPE_CONTROL	Ireland		0	25	0	0	0	0	0	0	25
Ireland_Megalithic	EUROPE_CONTROL	Ireland		0	6	0	0	0	0	0	0	6
Ireland_N	EUROPE_CONTROL	Ireland		0	2	0	0	0	0	0	0	2
Ireland_Viking	EUROPE_CONTROL	Ireland		4	0	0	0	0	0	0	0	4
Irula	OUTGROUP	India		2	0	0	0	0	0	0	0	2
IsleofMan_Viking	EUROPE_CONTROL	United Kingdom		1	0	0	0	0	0	0	0	1
Israel_C	LEVANT	Israel		0	0	1	0	0	0	0	0	1
Israel_IA	LEVANT	Israel		0	1	0	0	0	0	0	0	1
Israel_IA-o	LEVANT	Israel		0	1	0	0	0	0	0	0	1
Israel_IA1	LEVANT	Israel		0	2	0	0	0	0	0	0	2
Israel_IA1-o	LEVANT	Israel		0	1	0	0	0	0	0	0	1
Israel_IA2	LEVANT	Israel		0	3	0	0	0	0	0	0	3
Israel_IBA	LEVANT	Israel		0	1	0	0	0	0	0	0	1
Israel_LBA	LEVANT	Israel		0	4	0	0	0	0	0	0	4
Israel_LateC	LEVANT	Israel		0	4	15	0	0	0	0	0	19
Israel_LateC-2	LEVANT	Israel		0	0	1	0	0	0	0	0	1
Israel_MLBA	LEVANT	Israel		0	40	0	0	0	0	0	0	40
Israel_MLBA-o	LEVANT	Israel		0	2	0	0	0	0	0	0	2
Israel_MLBA-oCaucasus	LEVANT	Israel		0	1	0	0	0	0	0	0	1
Israel_Medieval-oNorthAfrica	LEVANT	Israel		2	0	0	0	0	0	0	0	2
Israel_Natufian	LEVANT	Israel		0	0	0	12	0	0	0	0	12
Israel_PPNB_LN	LEVANT	Israel		0	0	1	0	0	0	0	0	1
Israel_Phoenician	LEVANT	Israel		0	15	0	0	0	0	0	0	15
Italian_North	EUROPE_CONTROL	Italy	ITALY	24	0	0	0	0	0	0	0	24
Italy_Abruzzo_C	EUROPE_CONTROL	Italy	ITALY	0	2	0	0	0	0	0	0	2
Italy_Abruzzo_Epigravettian	EUROPE_CONTROL	Italy	ITALY	0	0	4	0	0	0	0	0	4
Italy_Abruzzo_IA_a_ProtoVillanovan-o	EUROPE_CONTROL	Italy	ITALY	0	1	0	0	0	0	0	0	1
Italy_Abruzzo_N	EUROPE_CONTROL	Italy	ITALY	0	0	5	0	0	0	0	0	5
Italy_Abruzzo_N-oWHG	EUROPE_CONTROL	Italy	ITALY	0	0	1	0	0	0	0	0	1
Italy_Apulia_BA	EUROPE_CONTROL	Italy	ITALY	0	1	0	0	0	0	0	0	1
Italy_Apulia_Eneolithic	EUROPE_CONTROL	Italy	ITALY	0	1	0	0	0	0	0	0	1
Italy_Apulia_Gravettian	EUROPE_CONTROL	Italy	ITALY	0	0	0	0	4	0	0	0	4
Italy_Apulia_IA_b_Daunian	EUROPE_CONTROL	Italy	ITALY	0	3	0	0	0	0	0	0	3
Italy_Apulia_IA_b_IA_c_Daunian	EUROPE_CONTROL	Italy	ITALY	0	1	0	0	0	0	0	0	1
Italy_Apulia_IA_c_Daunian	EUROPE_CONTROL	Italy	ITALY	0	1	0	0	0	0	0	0	1
Italy_Apulia_IA_c_IA_d_Daunian	EUROPE_CONTROL	Italy	ITALY	0	1	0	0	0	0	0	0	1
Italy_Apulia_Medieval	EUROPE_CONTROL	Italy	ITALY	2	0	0	0	0	0	0	0	2
Italy_Apulia_Medieval-1	EUROPE_CONTROL	Italy	ITALY	1	0	0	0	0	0	0	0	1
Italy_Apulia_Medieval-2	EUROPE_CONTROL	Italy	ITALY	1	0	0	0	0	0	0	0	1
Italy_Apulia_UP	EUROPE_CONTROL	Italy	ITALY	0	0	0	1	0	0	0	0	1
Italy_Basilicata_LateAntiquity_Roman	EUROPE_CONTROL	Italy	ITALY	12	0	0	0	0	0	0	0	12
Italy_Basilicata_LateAntiquity_Roman-o	EUROPE_CONTROL	Italy	ITALY	1	0	0	0	0	0	0	0	1
Italy_Campania_Eneolithic_Gaudo	EUROPE_CONTROL	Italy	ITALY	0	1	0	0	0	0	0	0	1
Italy_Campania_ImperialRoman	EUROPE_CONTROL	Italy	ITALY	3	0	0	0	0	0	0	0	3
Italy_Campania_ImperialRoman-2	EUROPE_CONTROL	Italy	ITALY	1	0	0	0	0	0	0	0	1
Italy_Campania_ImperialRoman_Roman	EUROPE_CONTROL	Italy	ITALY	1	0	0	0	0	0	0	0	1
Italy_Centro_Central_N	EUROPE_CONTROL	Italy	ITALY	0	0	7	0	0	0	0	0	7
Italy_EmiliaRomagna	EUROPE_CONTROL	Italy	ITALY	0	1	0	0	0	0	0	0	1
Italy_EmiliaRomagna_BellBeaker1-1	EUROPE_CONTROL	Italy	ITALY	0	1	0	0	0	0	0	0	1
Italy_EmiliaRomagna_BellBeaker2-2	EUROPE_CONTROL	Italy	ITALY	0	1	0	0	0	0	0	0	1
Italy_EmiliaRomagna_BellBeaker3-3	EUROPE_CONTROL	Italy	ITALY	0	1	0	0	0	0	0	0	1
Italy_FriuliVeneziaGiulia_Epigravettian	EUROPE_CONTROL	Italy	ITALY	0	0	0	1	0	0	0	0	1
Italy_Lazio	EUROPE_CONTROL	Italy	ITALY	0	2	0	0	0	0	0	0	2
Italy_Lazio_BA	EUROPE_CONTROL	Italy	ITALY	0	5	0	0	0	0	0	0	5
Italy_Lazio_BA_IA_a_Etruscan	EUROPE_CONTROL	Italy	ITALY	0	1	0	0	0	0	0	0	1
Italy_Lazio_BA_IA_a_Etruscan-oEurope	EUROPE_CONTROL	Italy	ITALY	0	1	0	0	0	0	0	0	1
Italy_Lazio_C	EUROPE_CONTROL	Italy	ITALY	0	0	1	0	0	0	0	0	1
Italy_Lazio_EN	EUROPE_CONTROL	Italy	ITALY	0	0	1	0	0	0	0	0	1
Italy_Lazio_EarlyMedieval	EUROPE_CONTROL	Italy	ITALY	4	0	0	0	0	0	0	0	4
Italy_Lazio_IA_Etruscan	EUROPE_CONTROL	Italy	ITALY	0	5	0	0	0	0	0	0	5
Italy_Lazio_IA_RomanRepublic	EUROPE_CONTROL	Italy	ITALY	0	1	0	0	0	0	0	0	1
Italy_Lazio_IA_RomanRepublic-oEastMediterranean	EUROPE_CONTROL	Italy	ITALY	0	1	0	0	0	0	0	0	1
Italy_Lazio_IA_a_Etruscan	EUROPE_CONTROL	Italy	ITALY	1	3	0	0	0	0	0	0	4
Italy_Lazio_IA_a_IA_c_Latini	EUROPE_CONTROL	Italy	ITALY	0	1	0	0	0	0	0	0	1
Italy_Lazio_IA_a_IA_c_Latini-oEastMediterranean	EUROPE_CONTROL	Italy	ITALY	0	1	0	0	0	0	0	0	1
Italy_Lazio_IA_b_Etruscan	EUROPE_CONTROL	Italy	ITALY	0	2	0	0	0	0	0	0	2
Italy_Lazio_IA_b_Etruscan-oEastMediterranean	EUROPE_CONTROL	Italy	ITALY	0	1	0	0	0	0	0	0	1
Italy_Lazio_IA_b_Volsci_Hernici	EUROPE_CONTROL	Italy	ITALY	0	1	0	0	0	0	0	0	1
Italy_Lazio_IA_c_Etruscan	EUROPE_CONTROL	Italy	ITALY	0	4	0	0	0	0	0	0	4
Italy_Lazio_IA_c_IA_d_Etruscan	EUROPE_CONTROL	Italy	ITALY	0	14	0	0	0	0	0	0	14
Italy_Lazio_IA_d_Etruscan	EUROPE_CONTROL	Italy	ITALY	0	2	0	0	0	0	0	0	2
Italy_Lazio_IA_d_Etruscan-oLevant	EUROPE_CONTROL	Italy	ITALY	0	2	0	0	0	0	0	0	2
Italy_Lazio_ImperialRoman_Roman	EUROPE_CONTROL	Italy	ITALY	22	0	0	0	0	0	0	0	22
Italy_Lazio_ImperialRoman_Roman-1	EUROPE_CONTROL	Italy	ITALY	1	0	0	0	0	0	0	0	1
Italy_Lazio_ImperialRoman_Roman-2	EUROPE_CONTROL	Italy	ITALY	1	0	0	0	0	0	0	0	1
Italy_Lazio_ImperialRoman_Roman-oAfrica	EUROPE_CONTROL	Italy	ITALY	1	0	0	0	0	0	0	0	1
Italy_Lazio_ImperialRoman_Roman-oAnatoliaCaucasus	EUROPE_CONTROL	Italy	ITALY	3	0	0	0	0	0	0	0	3
Italy_Lazio_ImperialRoman_Roman-oCentralEurope	EUROPE_CONTROL	Italy	ITALY	1	0	0	0	0	0	0	0	1
Italy_Lazio_ImperialRoman_Roman-oLevant	EUROPE_CONTROL	Italy	ITALY	4	0	0	0	0	0	0	0	4
Italy_Lazio_LateAntiquity_ImperialRoman_Roman	EUROPE_CONTROL	Italy	ITALY	22	0	0	0	0	0	0	0	22
Italy_Lazio_LateAntiquity_ImperialRoman_Roman-1	EUROPE_CONTROL	Italy	ITALY	1	0	0	0	0	0	0	0	1
Italy_Lazio_LateAntiquity_ImperialRoman_Roman-oEurope	EUROPE_CONTROL	Italy	ITALY	2	0	0	0	0	0	0	0	2
Italy_Lazio_LateAntiquity_Roman	EUROPE_CONTROL	Italy	ITALY	16	0	0	0	0	0	0	0	16
Italy_Lazio_LateAntiquity_Roman-2	EUROPE_CONTROL	Italy	ITALY	1	0	0	0	0	0	0	0	1
Italy_Lazio_LateAntiquity_Roman-3CentralEuropean	EUROPE_CONTROL	Italy	ITALY	1	0	0	0	0	0	0	0	1
Italy_Lazio_LateAntiquity_Roman-o	EUROPE_CONTROL	Italy	ITALY	1	0	0	0	0	0	0	0	1
Italy_Lazio_LateAntiquity_Roman-oCentralEurope	EUROPE_CONTROL	Italy	ITALY	4	0	0	0	0	0	0	0	4
Italy_Lazio_LateAntiquity_Roman-oSardinia	EUROPE_CONTROL	Italy	SARDINIA	1	0	0	0	0	0	0	0	1
Italy_Lazio_Medieval-oAegean	EUROPE_CONTROL	Italy	ITALY	1	0	0	0	0	0	0	0	1
Italy_Lazio_Medieval_EarlyModern	EUROPE_CONTROL	Italy	ITALY	14	0	0	0	0	0	0	0	14
Italy_Lazio_Medieval_EarlyModern-o	EUROPE_CONTROL	Italy	ITALY	1	0	0	0	0	0	0	0	1
Italy_Lazio_Medieval_EarlyModern-oCentralEurope	EUROPE_CONTROL	Italy	ITALY	9	0	0	0	0	0	0	0	9
Italy_Lazio_Medieval_EarlyModern-oIberian	EUROPE_CONTROL	Italy	ITALY	2	0	0	0	0	0	0	0	2
Italy_Lazio_PalazzodellaCancelleria_Medieval-oAegean	EUROPE_CONTROL	Italy	ITALY	1	0	0	0	0	0	0	0	1
Italy_Lazio_PalazzodellaCancelleria_Medieval-oEurope	EUROPE_CONTROL	Italy	ITALY	1	0	0	0	0	0	0	0	1
Italy_Lazio_PalazzodellaCancelleria_Medieval_Roman_possible	EUROPE_CONTROL	Italy	ITALY	3	0	0	0	0	0	0	0	3
Italy_Lazio_TarquiniaCivita_IA_a_Etruscan	EUROPE_CONTROL	Italy	ITALY	0	1	0	0	0	0	0	0	1
Italy_Lombardy_RemedellodiSotto_North_C	EUROPE_CONTROL	Italy	ITALY	0	1	0	0	0	0	0	0	1
Italy_Lombardy_RemedellodiSotto_North_EBA	EUROPE_CONTROL	Italy	ITALY	0	1	0	0	0	0	0	0	1
Italy_Marche_Eneolithic_Rinaldone	EUROPE_CONTROL	Italy	ITALY	0	1	0	0	0	0	0	0	1
Italy_Marche_ImperialRoman	EUROPE_CONTROL	Italy	ITALY	3	0	0	0	0	0	0	0	3
Italy_Marche_ImperialRoman_Roman	EUROPE_CONTROL	Italy	ITALY	2	0	0	0	0	0	0	0	2
Italy_Monteriggioni_IA_Etruscan	EUROPE_CONTROL	Italy	ITALY	0	9	0	0	0	0	0	0	9
Italy_NordEst_Epigravettian	EUROPE_CONTROL	Italy	ITALY	0	0	0	1	0	0	0	0	1
Italy_Novilara_IA_Piceni	EUROPE_CONTROL	Italy	ITALY	0	57	0	0	0	0	0	0	57
Italy_Pesaro_LateAntiquity	EUROPE_CONTROL	Italy	ITALY	12	0	0	0	0	0	0	0	12
Italy_Pesaro_LateAntiquity-Africa	EUROPE_CONTROL	Italy	ITALY	1	0	0	0	0	0	0	0	1
Italy_Pesaro_LateAntiquity-oLevant	EUROPE_CONTROL	Italy	ITALY	2	0	0	0	0	0	0	0	2
Italy_Piedmont_North_EarlyMedieval_Lombards-1	EUROPE_CONTROL	Italy	ITALY	10	0	0	0	0	0	0	0	10
Italy_Piedmont_North_EarlyMedieval_Lombards-2	EUROPE_CONTROL	Italy	ITALY	7	0	0	0	0	0	0	0	7
Italy_Piedmont_North_EarlyMedieval_Lombards-3	EUROPE_CONTROL	Italy	ITALY	4	0	0	0	0	0	0	0	4
Italy_Piedmont_North_EarlyMedieval_Lombards-4	EUROPE_CONTROL	Italy	ITALY	1	0	0	0	0	0	0	0	1
Italy_Ripa_Bianca_Roman_Lombards_Ostrogoth	EUROPE_CONTROL	Italy	ITALY	1	0	0	0	0	0	0	0	1
Italy_Sardinia_AngheluRuju_MBA	EUROPE_CONTROL	Italy	SARDINIA	0	1	0	0	0	0	0	0	1
Italy_Sardinia_BA_IA_a_Punic	EUROPE_CONTROL	Italy	SARDINIA	0	1	0	0	0	0	0	0	1
Italy_Sardinia_BA_Nuragic	EUROPE_CONTROL	Italy	SARDINIA	0	1	0	0	0	0	0	0	1
Italy_Sardinia_BA_Nuragic_Nuragic	EUROPE_CONTROL	Italy	SARDINIA	0	10	0	0	0	0	0	0	10
Italy_Sardinia_BA_Nuragic_Nuragic-o	EUROPE_CONTROL	Italy	SARDINIA	0	1	0	0	0	0	0	0	1
Italy_Sardinia_C	EUROPE_CONTROL	Italy	SARDINIA	0	3	0	0	0	0	0	0	3
Italy_Sardinia_C_BA	EUROPE_CONTROL	Italy	SARDINIA	0	3	0	0	0	0	0	0	3
Italy_Sardinia_C_MonteClaro	EUROPE_CONTROL	Italy	SARDINIA	0	4	0	0	0	0	0	0	4
Italy_Sardinia_EBA	EUROPE_CONTROL	Italy	SARDINIA	0	20	0	0	0	0	0	0	20
Italy_Sardinia_EBA_Nuragic	EUROPE_CONTROL	Italy	SARDINIA	0	1	0	0	0	0	0	0	1
Italy_Sardinia_EBA_Nuragic_Nuragic	EUROPE_CONTROL	Italy	SARDINIA	0	2	0	0	0	0	0	0	2
Italy_Sardinia_EarlyMedieval	EUROPE_CONTROL	Italy	SARDINIA	1	0	0	0	0	0	0	0	1
Italy_Sardinia_EarlyMedieval-o	EUROPE_CONTROL	Italy	SARDINIA	2	0	0	0	0	0	0	0	2
Italy_Sardinia_IA-2	EUROPE_CONTROL	Italy	SARDINIA	0	1	0	0	0	0	0	0	1
Italy_Sardinia_IA_Punic-2	EUROPE_CONTROL	Italy	SARDINIA	0	1	0	0	0	0	0	0	1
Italy_Sardinia_IA_a_IA_b_Nuragic-1	EUROPE_CONTROL	Italy	SARDINIA	0	1	0	0	0	0	0	0	1
Italy_Sardinia_IA_a_IA_b_Punic-2	EUROPE_CONTROL	Italy	SARDINIA	0	2	0	0	0	0	0	0	2
Italy_Sardinia_IA_a_IA_b_Punic_Nuragic	EUROPE_CONTROL	Italy	SARDINIA	0	5	0	0	0	0	0	0	5
Italy_Sardinia_IA_a_Nuragic-1	EUROPE_CONTROL	Italy	SARDINIA	0	1	0	0	0	0	0	0	1
Italy_Sardinia_IA_a_Punic	EUROPE_CONTROL	Italy	SARDINIA	0	1	0	0	0	0	0	0	1
Italy_Sardinia_IA_b_IA_c_Nuragic-1	EUROPE_CONTROL	Italy	SARDINIA	0	1	0	0	0	0	0	0	1
Italy_Sardinia_IA_b_IA_c_Punic_Nuragic	EUROPE_CONTROL	Italy	SARDINIA	0	1	0	0	0	0	0	0	1
Italy_Sardinia_IA_b_IA_c_Punic_Nuragic-oNorthAfrica	EUROPE_CONTROL	Italy	SARDINIA	0	2	0	0	0	0	0	0	2
Italy_Sardinia_IA_b_Nuragic-1	EUROPE_CONTROL	Italy	SARDINIA	0	1	0	0	0	0	0	0	1
Italy_Sardinia_IA_b_Nuragic-2	EUROPE_CONTROL	Italy	SARDINIA	0	1	0	0	0	0	0	0	1
Italy_Sardinia_IA_b_Punic_Nuragic	EUROPE_CONTROL	Italy	SARDINIA	0	3	0	0	0	0	0	0	3
Italy_Sardinia_IA_c_Nuragic-1	EUROPE_CONTROL	Italy	SARDINIA	0	1	0	0	0	0	0	0	1
Italy_Sardinia_IA_c_Punic_Nuragic	EUROPE_CONTROL	Italy	SARDINIA	0	1	0	0	0	0	0	0	1
Italy_Sardinia_ImperialRoman	EUROPE_CONTROL	Italy	SARDINIA	1	0	0	0	0	0	0	0	1
Italy_Sardinia_ImperialRoman_Roman	EUROPE_CONTROL	Italy	SARDINIA	5	0	0	0	0	0	0	0	5
Italy_Sardinia_ImperialRoman_Roman-o	EUROPE_CONTROL	Italy	SARDINIA	1	0	0	0	0	0	0	0	1
Italy_Sardinia_LBA	EUROPE_CONTROL	Italy	SARDINIA	0	7	0	0	0	0	0	0	7
Italy_Sardinia_LateAntiquity	EUROPE_CONTROL	Italy	SARDINIA	1	0	0	0	0	0	0	0	1
Italy_Sardinia_LateC	EUROPE_CONTROL	Italy	SARDINIA	0	5	0	0	0	0	0	0	5
Italy_Sardinia_MBA	EUROPE_CONTROL	Italy	SARDINIA	0	2	0	0	0	0	0	0	2
Italy_Sardinia_MBA-o	EUROPE_CONTROL	Italy	SARDINIA	0	1	0	0	0	0	0	0	1
Italy_Sardinia_Medieval	EUROPE_CONTROL	Italy	SARDINIA	2	0	0	0	0	0	0	0	2
Italy_Sardinia_Medieval-1	EUROPE_CONTROL	Italy	SARDINIA	1	0	0	0	0	0	0	0	1
Italy_Sardinia_Medieval-2	EUROPE_CONTROL	Italy	SARDINIA	1	0	0	0	0	0	0	0	1
Italy_Sardinia_N	EUROPE_CONTROL	Italy	SARDINIA	0	14	4	0	0	0	0	0	18
Italy_Sardinia_N-o	EUROPE_CONTROL	Italy	SARDINIA	0	1	0	0	0	0	0	0	1
Italy_Sardinia_N-oAfrica	EUROPE_CONTROL	Italy	SARDINIA	0	1	0	0	0	0	0	0	1
Italy_Sardinia_N_EBA	EUROPE_CONTROL	Italy	SARDINIA	0	1	0	0	0	0	0	0	1
Italy_Sardinia_Phoenician	EUROPE_CONTROL	Italy	SARDINIA	0	1	0	0	0	0	0	0	1
Italy_Sardinia_Punic_IA_d_ImperialRoman_Nuragic	EUROPE_CONTROL	Italy	SARDINIA	0	1	0	0	0	0	0	0	1
Italy_Sardinia_Punic_IA_d_ImperialRoman_Nuragic-oEurope	EUROPE_CONTROL	Italy	SARDINIA	0	1	0	0	0	0	0	0	1
Italy_Sardinia_Roman_IA_c_Punic_IA_d_Nuragic	EUROPE_CONTROL	Italy	SARDINIA	0	2	0	0	0	0	0	0	2
Italy_Sardinia_Roman_IA_c_Punic_IA_d_Nuragic-oNorthAfrica	EUROPE_CONTROL	Italy	SARDINIA	0	1	0	0	0	0	0	0	1
Italy_Sardinia_Roman_IA_c_Punic_Nuragic-oAfrica	EUROPE_CONTROL	Italy	SARDINIA	0	1	0	0	0	0	0	0	1
Italy_Sardinia_Roman_IA_c_Punic_Nuragic-oEurope	EUROPE_CONTROL	Italy	SARDINIA	0	1	0	0	0	0	0	0	1
Italy_Sardinia_Roman_IA_c_Punic_Nuragic-oLevant	EUROPE_CONTROL	Italy	SARDINIA	0	1	0	0	0	0	0	0	1
Italy_Sardinia_Roman_IA_c_Punic_Nuragic-oNorthAfrica	EUROPE_CONTROL	Italy	SARDINIA	0	1	0	0	0	0	0	0	1
Italy_Sardinia_SouthwestMatoGrosso_Punic_ImperialRoman_Nuragic-oCaucasus	EUROPE_CONTROL	Italy	SARDINIA	1	0	0	0	0	0	0	0	1
Italy_Sardinia_TusciaUmbria_LateAntiquity_ImperialRoman	EUROPE_CONTROL	Italy	SARDINIA	1	0	0	0	0	0	0	0	1
Italy_Sicily_BA_IA_Unknown	EUROPE_CONTROL	Italy	SICILY	0	1	0	0	0	0	0	0	1
Italy_Sicily_BellBeaker	EUROPE_CONTROL	Italy	SICILY	0	1	0	0	0	0	0	0	1
Italy_Sicily_C-o	EUROPE_CONTROL	Italy	SICILY	0	1	0	0	0	0	0	0	1
Italy_Sicily_EBA	EUROPE_CONTROL	Italy	SICILY	0	14	0	0	0	0	0	0	14
Italy_Sicily_EBA-1	EUROPE_CONTROL	Italy	SICILY	0	1	0	0	0	0	0	0	1
Italy_Sicily_EBA-2	EUROPE_CONTROL	Italy	SICILY	0	1	0	0	0	0	0	0	1
Italy_Sicily_EN	EUROPE_CONTROL	Italy	SICILY	0	0	1	0	0	0	0	0	1
Italy_Sicily_Epigravettian	EUROPE_CONTROL	Italy	SICILY	0	0	7	3	0	0	0	0	10
Italy_Sicily_Epigravettian_HG	EUROPE_CONTROL	Italy	SICILY	0	0	0	1	0	0	0	0	1
Italy_Sicily_Himera_IA_b_Greek	EUROPE_CONTROL	Italy	SICILY	0	30	0	0	0	0	0	0	30
Italy_Sicily_Himera_IA_b_Greek-1	EUROPE_CONTROL	Italy	SICILY	0	1	0	0	0	0	0	0	1
Italy_Sicily_Himera_IA_b_Greek-oAegean	EUROPE_CONTROL	Italy	SICILY	0	3	0	0	0	0	0	0	3
Italy_Sicily_Himera_IA_b_Greek-oEast	EUROPE_CONTROL	Italy	SICILY	0	1	0	0	0	0	0	0	1
Italy_Sicily_Himera_IA_b_Greek-oNorthEurope	EUROPE_CONTROL	Italy	SICILY	0	1	0	0	0	0	0	0	1
Italy_Sicily_IA_a_IA_b_Punic	EUROPE_CONTROL	Italy	SICILY	0	8	0	0	0	0	0	0	8
Italy_Sicily_IA_a_IA_b_Sicani	EUROPE_CONTROL	Italy	SICILY	0	25	0	0	0	0	0	0	25
Italy_Sicily_IA_b_IA_c_Punic	EUROPE_CONTROL	Italy	SICILY	0	13	0	0	0	0	0	0	13
Italy_Sicily_IA_b_Punic	EUROPE_CONTROL	Italy	SICILY	0	12	0	0	0	0	0	0	12
Italy_Sicily_IA_b_Punic-oAfrica	EUROPE_CONTROL	Italy	SICILY	0	1	0	0	0	0	0	0	1
Italy_Sicily_IA_b_Punic-oEurope	EUROPE_CONTROL	Italy	SICILY	0	2	0	0	0	0	0	0	2
Italy_Sicily_IA_c_Punic	EUROPE_CONTROL	Italy	SICILY	0	6	0	0	0	0	0	0	6
Italy_Sicily_IA_c_Punic_IA_d	EUROPE_CONTROL	Italy	SICILY	0	6	0	0	0	0	0	0	6
Italy_Sicily_IA_d_ImperialRoman_Sicilia	EUROPE_CONTROL	Italy	SICILY	1	0	0	0	0	0	0	0	1
Italy_Sicily_ImperialRoman_Sicilia	EUROPE_CONTROL	Italy	SICILY	8	0	0	0	0	0	0	0	8
Italy_Sicily_LBA	EUROPE_CONTROL	Italy	SICILY	0	4	0	0	0	0	0	0	4
Italy_Sicily_LBA_IA_a_Punic	EUROPE_CONTROL	Italy	SICILY	0	1	0	0	0	0	0	0	1
Italy_Sicily_LateAntiquity_ImperialRoman_Sicilia	EUROPE_CONTROL	Italy	SICILY	2	0	0	0	0	0	0	0	2
Italy_Sicily_LatePunic	EUROPE_CONTROL	Italy	SICILY	0	1	0	0	0	0	0	0	1
Italy_Sicily_MBA	EUROPE_CONTROL	Italy	SICILY	0	4	0	0	0	0	0	0	4
Italy_Sicily_MBA-2	EUROPE_CONTROL	Italy	SICILY	0	2	0	0	0	0	0	0	2
Italy_Sicily_MBA-3	EUROPE_CONTROL	Italy	SICILY	0	2	0	0	0	0	0	0	2
Italy_Sicily_MBA-oAfrica	EUROPE_CONTROL	Italy	SICILY	0	1	0	0	0	0	0	0	1
Italy_Sicily_MN	EUROPE_CONTROL	Italy	SICILY	0	1	7	0	0	0	0	0	8
Italy_Sicily_Mesolithic	EUROPE_CONTROL	Italy	SICILY	0	0	3	0	0	0	0	0	3
Italy_Sicily_N_Stentinello	EUROPE_CONTROL	Italy	SICILY	0	0	4	0	0	0	0	0	4
Italy_Sicily_Punic_IA_d	EUROPE_CONTROL	Italy	SICILY	0	3	0	0	0	0	0	0	3
Italy_Sicily_Roman_LateAntiquity_Sicilia	EUROPE_CONTROL	Italy	SICILY	1	0	0	0	0	0	0	0	1
Italy_Sicily_Roman_Punic	EUROPE_CONTROL	Italy	SICILY	0	1	0	0	0	0	0	0	1
Italy_Sirolo_IA_Piceni	EUROPE_CONTROL	Italy	ITALY	0	7	0	0	0	0	0	0	7
Italy_Sud_Medieval	EUROPE_CONTROL	Italy	ITALY	2	0	0	0	0	0	0	0	2
Italy_TrentinoSouthTyrol_North_MN	EUROPE_CONTROL	Italy	ITALY	0	1	0	0	0	0	0	0	1
Italy_Tuscany_EarlyMedieval	EUROPE_CONTROL	Italy	ITALY	9	0	0	0	0	0	0	0	9
Italy_Tuscany_IA_a_Etruscan	EUROPE_CONTROL	Italy	ITALY	0	1	0	0	0	0	0	0	1
Italy_Tuscany_IA_a_IA_b_Etruscan	EUROPE_CONTROL	Italy	ITALY	0	13	0	0	0	0	0	0	13
Italy_Tuscany_IA_b_Etruscan	EUROPE_CONTROL	Italy	ITALY	0	1	0	0	0	0	0	0	1
Italy_Tuscany_IA_b_IA_c_Etruscan	EUROPE_CONTROL	Italy	ITALY	0	8	0	0	0	0	0	0	8
Italy_Tuscany_IA_b_IA_c_Etruscan-oSteppe	EUROPE_CONTROL	Italy	ITALY	0	1	0	0	0	0	0	0	1
Italy_Tuscany_IA_c_Etruscan	EUROPE_CONTROL	Italy	ITALY	0	1	0	0	0	0	0	0	1
Italy_Tuscany_IA_c_Etruscan-oEastMediterranean	EUROPE_CONTROL	Italy	ITALY	0	1	0	0	0	0	0	0	1
Italy_Tuscany_IA_c_Etruscan-oSteppe	EUROPE_CONTROL	Italy	ITALY	0	2	0	0	0	0	0	0	2
Italy_Tuscany_IA_c_IA_d_Etruscan-oEastMediterranean	EUROPE_CONTROL	Italy	ITALY	0	1	0	0	0	0	0	0	1
Italy_Tuscany_IA_d_Etruscan	EUROPE_CONTROL	Italy	ITALY	0	1	0	0	0	0	0	0	1
Italy_Tuscany_LateAntiquity_ImperialRoman_Roman	EUROPE_CONTROL	Italy	ITALY	1	0	0	0	0	0	0	0	1
Italy_Veneto	EUROPE_CONTROL	Italy	ITALY	0	2	0	0	0	0	0	0	2
Italy_Veneto_BA	EUROPE_CONTROL	Italy	ITALY	0	2	0	0	0	0	0	0	2
Italy_Veneto_EBA	EUROPE_CONTROL	Italy	ITALY	0	2	0	0	0	0	0	0	2
Itelmen	EUROPE_CONTROL	Russia		1	0	0	0	0	0	0	0	1
JAR	OUTGROUP	India		4	0	0	0	0	0	0	0	4
JPT	OUTGROUP	Japan		103	0	0	0	0	0	0	0	103
Japan_Chiba_HG_Jomon	OUTGROUP	Japan		0	4	0	0	0	0	0	0	4
Japan_Hamanaka2	OUTGROUP	Japan		1	0	0	0	0	0	0	0	1
Japan_Honshu_EarlyJomon	OUTGROUP	Japan		0	3	2	0	0	0	0	0	5
Japan_Honshu_MidLateJomon	OUTGROUP	Japan		0	2	0	0	0	0	0	0	2
Japan_Ikawazu_Jomon	OUTGROUP	Japan		0	1	0	0	0	0	0	0	1
Japan_KofunPeriod	OUTGROUP	Japan		3	0	0	0	0	0	0	0	3
Japan_Nagabaka_2800BP	OUTGROUP	Japan		0	4	0	0	0	0	0	0	4
Japan_Nagabaka_4000BP	OUTGROUP	Japan		1	0	0	0	0	0	0	0	1
Japan_Nagabaka_Historic	OUTGROUP	Japan		3	1	0	0	0	0	0	0	4
Japan_Shikoku_InitialJomon	OUTGROUP	Japan		0	0	1	0	0	0	0	0	1
Japan_Shikoku_LateJoman	OUTGROUP	Japan		0	1	0	0	0	0	0	0	1
Japan_SoyaSub_HG_Jomon	OUTGROUP	Japan		0	1	0	0	0	0	0	0	1
Japan_Tohoku_Jomon	OUTGROUP	Japan		0	1	0	0	0	0	0	0	1
Japan_Yayoi	OUTGROUP	Japan		0	1	0	0	0	0	0	0	1
Japanese	OUTGROUP	Japan		30	0	0	0	0	0	0	0	30
Jew_Iraqi	OUTGROUP	Iraq		2	0	0	0	0	0	0	0	2
Jew_Yemenite	OUTGROUP	Yemen		2	0	0	0	0	0	0	0	2
Jordan_EBA	LEVANT	Jordan		0	8	0	0	0	0	0	0	8
Jordan_LBA	LEVANT	Jordan		0	20	0	0	0	0	0	0	20
Jordan_LBA-o	LEVANT	Jordan		0	1	0	0	0	0	0	0	1
Jordan_PPNB	LEVANT	Jordan		0	0	12	0	0	0	0	0	12
Jordan_PPNB_LN	LEVANT	Jordan		0	0	1	0	0	0	0	0	1
Jordan_PPNC	LEVANT	Jordan		0	0	5	0	0	0	0	0	5
Jordanian	LEVANT	Jordan		3	0	0	0	0	0	0	0	3
Ju_hoan_North	OUTGROUP	Namibia		10	0	0	0	0	0	0	0	10
KHV	OUTGROUP	Vietnam		85	0	0	0	0	0	0	0	85
KHV-1	OUTGROUP	Vietnam		4	0	0	0	0	0	0	0	4
KHV-2	OUTGROUP	Vietnam		4	0	0	0	0	0	0	0	4
Kalash	OUTGROUP	Pakistan		24	0	0	0	0	0	0	0	24
Kalmyk	EUROPE_CONTROL	Russia		2	0	0	0	0	0	0	0	2
Kapu	OUTGROUP	India		2	0	0	0	0	0	0	0	2
Karakalpak	OUTGROUP	Uzbekistan		3	0	0	0	0	0	0	0	3
Karitiana	OUTGROUP	Brazil		15	0	0	0	0	0	0	0	15
Kazakh	OUTGROUP	Kazakhstan		3	0	0	0	0	0	0	0	3
Kazakhstan_Andronovo	OUTGROUP	Kazakhstan		0	1	0	0	0	0	0	0	1
Kazakhstan_BA	OUTGROUP	Kazakhstan		0	1	0	0	0	0	0	0	1
Kazakhstan_Berel_Hunnic	OUTGROUP	Kazakhstan		11	0	0	0	0	0	0	0	11
Kazakhstan_Botai_Eneolithic	OUTGROUP	Kazakhstan		0	5	0	0	0	0	0	0	5
Kazakhstan_EBA	OUTGROUP	Kazakhstan		0	2	0	0	0	0	0	0	2
Kazakhstan_EBA_Yamnaya	OUTGROUP	Kazakhstan		0	1	0	0	0	0	0	0	1
Kazakhstan_EIA	OUTGROUP	Kazakhstan		0	3	0	0	0	0	0	0	3
Kazakhstan_EIA_Saka	OUTGROUP	Kazakhstan		0	1	0	0	0	0	0	0	1
Kazakhstan_EIA_Tasmola	OUTGROUP	Kazakhstan		0	20	0	0	0	0	0	0	20
Kazakhstan_EIA_Turkic_possible	OUTGROUP	Kazakhstan		0	1	0	0	0	0	0	0	1
Kazakhstan_EMBA_Steppe	OUTGROUP	Kazakhstan		0	2	0	0	0	0	0	0	2
Kazakhstan_EarlyMedieval_Karakhanid	OUTGROUP	Kazakhstan		2	0	0	0	0	0	0	0	2
Kazakhstan_EarlyMedieval_Karluk-1	OUTGROUP	Kazakhstan		1	0	0	0	0	0	0	0	1
Kazakhstan_EarlyMedieval_KudyrgeCulture	OUTGROUP	Kazakhstan		2	0	0	0	0	0	0	0	2
Kazakhstan_EarlyModern_KazakhKhanate	OUTGROUP	Kazakhstan		6	0	0	0	0	0	0	0	6
Kazakhstan_EarlySarmatian	OUTGROUP	Kazakhstan		0	1	0	0	0	0	0	0	1
Kazakhstan_GoldenHorde	OUTGROUP	Kazakhstan		2	0	0	0	0	0	0	0	2
Kazakhstan_Hun-o	OUTGROUP	Kazakhstan		1	0	0	0	0	0	0	0	1
Kazakhstan_Hun_Nomad_Sarmatian	OUTGROUP	Kazakhstan		1	1	0	0	0	0	0	0	2
Kazakhstan_IA	OUTGROUP	Kazakhstan		8	6	0	0	0	0	0	0	14
Kazakhstan_IA-1	OUTGROUP	Kazakhstan		0	1	0	0	0	0	0	0	1
Kazakhstan_IA-2	OUTGROUP	Kazakhstan		1	1	0	0	0	0	0	0	2
Kazakhstan_IA-3	OUTGROUP	Kazakhstan		2	1	0	0	0	0	0	0	3
Kazakhstan_IA_CentralSaka-1	OUTGROUP	Kazakhstan		0	1	0	0	0	0	0	0	1
Kazakhstan_IA_CentralSaka-2	OUTGROUP	Kazakhstan		0	2	0	0	0	0	0	0	2
Kazakhstan_IA_Korgantas	OUTGROUP	Kazakhstan		0	1	0	0	0	0	0	0	1
Kazakhstan_IA_Korgantas-1	OUTGROUP	Kazakhstan		0	1	0	0	0	0	0	0	1
Kazakhstan_IA_Korgantas-2	OUTGROUP	Kazakhstan		0	1	0	0	0	0	0	0	1
Kazakhstan_IA_Korgantas-3	OUTGROUP	Kazakhstan		0	1	0	0	0	0	0	0	1
Kazakhstan_IA_Nomad	OUTGROUP	Kazakhstan		0	1	0	0	0	0	0	0	1
Kazakhstan_IA_Nomad-o	OUTGROUP	Kazakhstan		0	1	0	0	0	0	0	0	1
Kazakhstan_IA_Saka	OUTGROUP	Kazakhstan		0	4	0	0	0	0	0	0	4
Kazakhstan_IA_Saka-o	OUTGROUP	Kazakhstan		0	1	0	0	0	0	0	0	1
Kazakhstan_IA_Sarmatian	OUTGROUP	Kazakhstan		0	10	0	0	0	0	0	0	10
Kazakhstan_IA_Sarmatian-1	OUTGROUP	Kazakhstan		0	1	0	0	0	0	0	0	1
Kazakhstan_IA_Sarmatian-3	OUTGROUP	Kazakhstan		0	1	0	0	0	0	0	0	1
Kazakhstan_IA_Sarmatian-4	OUTGROUP	Kazakhstan		1	0	0	0	0	0	0	0	1
Kazakhstan_IA_Tasmola_Saka	OUTGROUP	Kazakhstan		0	3	0	0	0	0	0	0	3
Kazakhstan_IA_ZevakinoChilikta-2	OUTGROUP	Kazakhstan		0	1	0	0	0	0	0	0	1
Kazakhstan_Kangju	OUTGROUP	Kazakhstan		5	0	0	0	0	0	0	0	5
Kazakhstan_Kangju-1	OUTGROUP	Kazakhstan		1	0	0	0	0	0	0	0	1
Kazakhstan_Karluk-2	OUTGROUP	Kazakhstan		1	0	0	0	0	0	0	0	1
Kazakhstan_Kimak	OUTGROUP	Kazakhstan		1	0	0	0	0	0	0	0	1
Kazakhstan_KipchakPeriod-1	OUTGROUP	Kazakhstan		1	0	0	0	0	0	0	0	1
Kazakhstan_KipchakPeriod-2	OUTGROUP	Kazakhstan		1	0	0	0	0	0	0	0	1
Kazakhstan_KumsayKyrykOba_EBA_Yamnaya	OUTGROUP	Kazakhstan		0	11	0	0	0	0	0	0	11
Kazakhstan_KumsayKyrykOba_EBA_Yamnaya-o	OUTGROUP	Kazakhstan		0	1	0	0	0	0	0	0	1
Kazakhstan_LBA	OUTGROUP	Kazakhstan		0	7	0	0	0	0	0	0	7
Kazakhstan_LBA-3	OUTGROUP	Kazakhstan		0	1	0	0	0	0	0	0	1
Kazakhstan_LBA-o	OUTGROUP	Kazakhstan		0	1	0	0	0	0	0	0	1
Kazakhstan_LBA_Tasmola	OUTGROUP	Kazakhstan		0	1	0	0	0	0	0	0	1
Kazakhstan_LIA	OUTGROUP	Kazakhstan		3	0	0	0	0	0	0	0	3
Kazakhstan_LIA-o	OUTGROUP	Kazakhstan		2	0	0	0	0	0	0	0	2
Kazakhstan_LIA_Elite_Hun	OUTGROUP	Kazakhstan		1	0	0	0	0	0	0	0	1
Kazakhstan_LateSaka_Wusun	OUTGROUP	Kazakhstan		0	1	0	0	0	0	0	0	1
Kazakhstan_LateSaka_Wusun-o	OUTGROUP	Kazakhstan		0	1	0	0	0	0	0	0	1
Kazakhstan_LateSarmatian	OUTGROUP	Kazakhstan		1	0	0	0	0	0	0	0	1
Kazakhstan_MBA	OUTGROUP	Kazakhstan		0	6	0	0	0	0	0	0	6
Kazakhstan_MLBA	OUTGROUP	Kazakhstan		0	29	0	0	0	0	0	0	29
Kazakhstan_MLBA-1	OUTGROUP	Kazakhstan		0	2	0	0	0	0	0	0	2
Kazakhstan_MLBA-2	OUTGROUP	Kazakhstan		0	1	0	0	0	0	0	0	1
Kazakhstan_MLBA-o	OUTGROUP	Kazakhstan		0	3	0	0	0	0	0	0	3
Kazakhstan_MLBA1	OUTGROUP	Kazakhstan		0	1	0	0	0	0	0	0	1
Kazakhstan_MLBA1-1	OUTGROUP	Kazakhstan		0	2	0	0	0	0	0	0	2
Kazakhstan_MLBA2-2	OUTGROUP	Kazakhstan		0	1	0	0	0	0	0	0	1
Kazakhstan_MLBA_Alakul	OUTGROUP	Kazakhstan		0	8	0	0	0	0	0	0	8
Kazakhstan_MLBA_Alakul-1	OUTGROUP	Kazakhstan		0	1	0	0	0	0	0	0	1
Kazakhstan_MLBA_Alakul-2	OUTGROUP	Kazakhstan		0	1	0	0	0	0	0	0	1
Kazakhstan_MLBA_Alakul_Lisakovskiy	OUTGROUP	Kazakhstan		0	2	0	0	0	0	0	0	2
Kazakhstan_MLBA_Bylkyldak	OUTGROUP	Kazakhstan		0	1	0	0	0	0	0	0	1
Kazakhstan_MLBA_Fedorovo	OUTGROUP	Kazakhstan		0	3	0	0	0	0	0	0	3
Kazakhstan_MLBA_Petrovka-o	OUTGROUP	Kazakhstan		0	1	0	0	0	0	0	0	1
Kazakhstan_MLBA_Sintashta-o	OUTGROUP	Kazakhstan		0	1	0	0	0	0	0	0	1
Kazakhstan_Medieval	OUTGROUP	Kazakhstan		1	0	0	0	0	0	0	0	1
Kazakhstan_Medieval_Nomad	OUTGROUP	Kazakhstan		5	0	0	0	0	0	0	0	5
Kazakhstan_MerekeTaskala_MBA-2	OUTGROUP	Kazakhstan		0	1	0	0	0	0	0	0	1
Kazakhstan_Nomad	OUTGROUP	Kazakhstan		2	0	0	0	0	0	0	0	2
Kazakhstan_Pazyryk	OUTGROUP	Kazakhstan		0	2	0	0	0	0	0	0	2
Kazakhstan_Saka	OUTGROUP	Kazakhstan		0	6	0	0	0	0	0	0	6
Kazakhstan_Sarmatian	OUTGROUP	Kazakhstan		1	3	0	0	0	0	0	0	4
Kazakhstan_Tasmola-1	OUTGROUP	Kazakhstan		0	1	0	0	0	0	0	0	1
Kazakhstan_Tasmola-2	OUTGROUP	Kazakhstan		0	1	0	0	0	0	0	0	1
Kazakhstan_Turkic	OUTGROUP	Kazakhstan		1	0	0	0	0	0	0	0	1
Kazakhstan_TurkicPeriod	OUTGROUP	Kazakhstan		1	0	0	0	0	0	0	0	1
Kazakhstan_Wusun	OUTGROUP	Kazakhstan		0	2	0	0	0	0	0	0	2
Kenya_EPN	EAST_AFRICA	Kenya		0	2	0	0	0	0	0	0	2
Kenya_Historic	EAST_AFRICA	Kenya		1	0	0	0	0	0	0	0	1
Kenya_IA_Pastoral	EAST_AFRICA	Kenya		2	0	0	0	0	0	0	0	2
Kenya_IA_Pastoral-o	EAST_AFRICA	Kenya		2	0	0	0	0	0	0	0	2
Kenya_Kansyore	EAST_AFRICA	Kenya		0	2	0	0	0	0	0	0	2
Kenya_LIA	EAST_AFRICA	Kenya		2	0	0	0	0	0	0	0	2
Kenya_LSA	EAST_AFRICA	Kenya		1	0	0	0	0	0	0	0	1
Kenya_LSA_Kansyore	EAST_AFRICA	Kenya		0	2	0	0	0	0	0	0	2
Kenya_Medieval_Swahili	EAST_AFRICA	Kenya		38	0	0	0	0	0	0	0	38
Kenya_PastoralN	EAST_AFRICA	Kenya		2	13	0	0	0	0	0	0	15
Kenya_PastoralN_Elmenteitan	EAST_AFRICA	Kenya		3	1	0	0	0	0	0	0	4
Kenya_PastoralN_Elmenteitan-o	EAST_AFRICA	Kenya		0	1	0	0	0	0	0	0	1
Kenya_PastoralN_Nderit	EAST_AFRICA	Kenya		0	1	0	0	0	0	0	0	1
Kenya_Somali	EAST_AFRICA	Kenya		1	0	0	0	0	0	0	0	1
Kenya_Swahili	EAST_AFRICA	Kenya		20	0	0	0	0	0	0	0	20
Khomani_San	OUTGROUP	South Africa		2	0	0	0	0	0	0	0	2
Khonda_Dora	OUTGROUP	India		1	0	0	0	0	0	0	0	1
Kinh_Vietnamese	OUTGROUP	Vietnam		8	0	0	0	0	0	0	0	8
Kongo	WEST_AFRICA	Congo		1	0	0	0	0	0	0	0	1
Korean	OUTGROUP	Republic of Korea		2	0	0	0	0	0	0	0	2
Koryak	EUROPE_CONTROL	Russia		2	0	0	0	0	0	0	0	2
Kusunda	OUTGROUP	Nepal		2	0	0	0	0	0	0	0	2
Kyrgyz_Kyrgyzstan	OUTGROUP	Kyrgyzstan		4	0	0	0	0	0	0	0	4
Kyrgyzstan_BozBarmak_IA_Saka	OUTGROUP	Kyrgyzstan		0	10	0	0	0	0	0	0	10
Kyrgyzstan_EBA_MLBA_Andronovo	OUTGROUP	Kyrgyzstan		0	1	0	0	0	0	0	0	1
Kyrgyzstan_IA_Saka	OUTGROUP	Kyrgyzstan		0	6	0	0	0	0	0	0	6
Kyrgyzstan_MLBA_Andronovo	OUTGROUP	Kyrgyzstan		0	1	0	0	0	0	0	0	1
Kyrgyzstan_Medieval_BlackDeath	OUTGROUP	Kyrgyzstan		3	0	0	0	0	0	0	0	3
Kyrgyzstan_Medieval_BlackDeath-oWestEurasia	OUTGROUP	Kyrgyzstan		2	0	0	0	0	0	0	0	2
Kyrgyzstan_Medieval_Nomad	OUTGROUP	Kyrgyzstan		3	0	0	0	0	0	0	0	3
Kyrgyzstan_Modern_Nomad	OUTGROUP	Kyrgyzstan		1	0	0	0	0	0	0	0	1
Kyrgyzstan_Osh_IA	OUTGROUP	Kyrgyzstan		4	1	0	0	0	0	0	0	5
Kyrgyzstan_Osh_IA-o	OUTGROUP	Kyrgyzstan		2	1	0	0	0	0	0	0	3
Kyrgyzstan_TianShan_Kenkol	OUTGROUP	Kyrgyzstan		17	0	0	0	0	0	0	0	17
Kyrgyzstan_TianShan_Kenkol-o	OUTGROUP	Kyrgyzstan		4	0	0	0	0	0	0	0	4
Kyrgyzstan_TianShan_Saka	OUTGROUP	Kyrgyzstan		1	7	0	0	0	0	0	0	8
Kyrgyzstan_TianShan_Saka-1	OUTGROUP	Kyrgyzstan		0	1	0	0	0	0	0	0	1
Kyrgyzstan_TianShan_Saka-2	OUTGROUP	Kyrgyzstan		0	1	0	0	0	0	0	0	1
Kyrgyzstan_Turkic	OUTGROUP	Kyrgyzstan		1	0	0	0	0	0	0	0	1
LWK	EAST_AFRICA	Kenya		94	0	0	0	0	0	0	0	94
Laos_BA	OUTGROUP	Laos		0	1	0	0	0	0	0	0	1
Laos_LN_BA	OUTGROUP	Laos		0	1	0	0	0	0	0	0	1
Laos_Unknown	OUTGROUP	Laos		0	1	0	0	0	0	0	0	1
Latvia_EMN	EUROPE_CONTROL	Latvia		0	0	2	0	0	0	0	0	2
Latvia_EMN_Narva	EUROPE_CONTROL	Latvia		0	0	17	0	0	0	0	0	17
Latvia_EarlyMesolithic_HG-oEHG	EUROPE_CONTROL	Latvia		0	0	3	0	0	0	0	0	3
Latvia_Kunda	EUROPE_CONTROL	Latvia		0	0	1	0	0	0	0	0	1
Latvia_LBA_FlatGraves	EUROPE_CONTROL	Latvia		0	9	0	0	0	0	0	0	9
Latvia_LN_CordedWare	EUROPE_CONTROL	Latvia		0	2	0	0	0	0	0	0	2
Latvia_LateMesolithic_Kunda	EUROPE_CONTROL	Latvia		0	0	14	0	0	0	0	0	14
Latvia_MN	EUROPE_CONTROL	Latvia		0	0	4	0	0	0	0	0	4
Latvia_MN-2	EUROPE_CONTROL	Latvia		0	0	2	0	0	0	0	0	2
Latvia_MN-3	EUROPE_CONTROL	Latvia		0	3	0	0	0	0	0	0	3
Latvia_MN_CombWare	EUROPE_CONTROL	Latvia		0	1	0	0	0	0	0	0	1
Latvia_MiddleMesolithic_Kunda	EUROPE_CONTROL	Latvia		0	0	3	0	0	0	0	0	3
Lebanon_Chhim_Medieval-o	LEVANT	Lebanon		1	0	0	0	0	0	0	0	1
Lebanon_Hellenistic	LEVANT	Lebanon		0	2	0	0	0	0	0	0	2
Lebanon_IA2	LEVANT	Lebanon		0	1	0	0	0	0	0	0	1
Lebanon_IA3	LEVANT	Lebanon		0	6	0	0	0	0	0	0	6
Lebanon_IA3-1	LEVANT	Lebanon		0	1	0	0	0	0	0	0	1
Lebanon_ImperialRoman	LEVANT	Lebanon		2	1	0	0	0	0	0	0	3
Lebanon_LateAntiquity_ImperialRoman_Roman	LEVANT	Lebanon		2	0	0	0	0	0	0	0	2
Lebanon_LateAntiquity_Roman	LEVANT	Lebanon		1	0	0	0	0	0	0	0	1
Lebanon_MBA	LEVANT	Lebanon		0	4	0	0	0	0	0	0	4
Lebanon_Medieval	LEVANT	Lebanon		7	0	0	0	0	0	0	0	7
Lebanon_Medieval-1	LEVANT	Lebanon		1	0	0	0	0	0	0	0	1
Lebanon_Medieval-2	LEVANT	Lebanon		2	0	0	0	0	0	0	0	2
Lebanon_Medieval-3	LEVANT	Lebanon		1	0	0	0	0	0	0	0	1
Lebanon_Medieval-4	LEVANT	Lebanon		1	0	0	0	0	0	0	0	1
Lebanon_Medieval-5	LEVANT	Lebanon		1	0	0	0	0	0	0	0	1
Lebanon_Roman	LEVANT	Lebanon		1	0	0	0	0	0	0	0	1
Lemande	WEST_AFRICA	Cameroon		2	0	0	0	0	0	0	0	2
Lezgin	EUROPE_CONTROL	Russia		2	0	0	0	0	0	0	0	2
Lithuania_Berciunai_IA_barrows	EUROPE_CONTROL	Lithuania		1	0	0	0	0	0	0	0	1
Lithuania_EMN	EUROPE_CONTROL	Lithuania		0	0	1	0	0	0	0	0	1
Lithuania_EMN_Narva	EUROPE_CONTROL	Lithuania		0	0	4	0	0	0	0	0	4
Lithuania_EMN_Narva-o	EUROPE_CONTROL	Lithuania		0	0	1	0	0	0	0	0	1
Lithuania_Kaireneliai_IA_FlatGraves	EUROPE_CONTROL	Lithuania		1	0	0	0	0	0	0	0	1
Lithuania_Kalneliai_IA_barrows	EUROPE_CONTROL	Lithuania		1	0	0	0	0	0	0	0	1
Lithuania_Kalniskiai_IA_FlatGraves	EUROPE_CONTROL	Lithuania		1	0	0	0	0	0	0	0	1
Lithuania_LBA	EUROPE_CONTROL	Lithuania		0	4	0	0	0	0	0	0	4
Lithuania_LN	EUROPE_CONTROL	Lithuania		0	4	0	0	0	0	0	0	4
Lithuania_Marvele_IA_FlatGraves	EUROPE_CONTROL	Lithuania		1	0	0	0	0	0	0	0	1
Lithuania_Maudziorai_IA_barrows	EUROPE_CONTROL	Lithuania		1	0	0	0	0	0	0	0	1
Lithuania_Mesolithic	EUROPE_CONTROL	Lithuania		0	0	1	0	0	0	0	0	1
Lithuania_MiddleMesolithic	EUROPE_CONTROL	Lithuania		0	0	1	0	0	0	0	0	1
Lithuania_MigrationPeriod	EUROPE_CONTROL	Lithuania		5	0	0	0	0	0	0	0	5
Lithuania_MigrationPeriod_BalticBarrows	EUROPE_CONTROL	Lithuania		1	0	0	0	0	0	0	0	1
Lithuania_Vaineikiai_Modern_barrows	EUROPE_CONTROL	Lithuania		1	0	0	0	0	0	0	0	1
Luhya	EAST_AFRICA	Kenya		8	0	0	0	0	0	0	0	8
Luo	EAST_AFRICA	Kenya		2	0	0	0	0	0	0	0	2
Luxembourg_Loschbour_Mesolithic	EUROPE_CONTROL	Luxembourg		0	0	2	0	0	0	0	0	2
MSL	WEST_AFRICA	Sierra Leone		78	0	0	0	0	0	0	0	78
MXL	OUTGROUP	USA		64	0	0	0	0	0	0	0	64
MXL-oEurope	OUTGROUP	USA		3	0	0	0	0	0	0	0	3
Madiga	OUTGROUP	India		2	0	0	0	0	0	0	0	2
Makrani	OUTGROUP	Pakistan		27	0	0	0	0	0	0	0	27
Mala	OUTGROUP	India		2	0	0	0	0	0	0	0	2
Malawi_LSA_15500BP	EAST_AFRICA	Malawi		0	0	0	2	0	0	0	0	2
Malawi_LSA_2500BP	EAST_AFRICA	Malawi		0	1	0	0	0	0	0	0	1
Malawi_LSA_5200BP	EAST_AFRICA	Malawi		0	2	0	0	0	0	0	0	2
Malawi_LSA_6000BP	EAST_AFRICA	Malawi		0	1	2	0	0	0	0	0	3
Malawi_LSA_8500BP	EAST_AFRICA	Malawi		0	0	2	0	0	0	0	0	2
Malaysia_Historical	OUTGROUP	Malaysia		2	0	0	0	0	0	0	0	2
Malaysia_Hoabinhian	OUTGROUP	Malaysia		0	1	0	0	0	0	0	0	1
Malaysia_Jehai	OUTGROUP	Malaysia		1	0	0	0	0	0	0	0	1
Malaysia_LN	OUTGROUP	Malaysia		0	1	0	0	0	0	0	0	1
Malta_EBA	EUROPE_CONTROL	Malta	MALTA	0	2	0	0	0	0	0	0	2
Mandenka	WEST_AFRICA	Senegal		25	0	0	0	0	0	0	0	25
Mansi	EUROPE_CONTROL	Russia		2	0	0	0	0	0	0	0	2
Maori	OUTGROUP	New Zealand		1	0	0	0	0	0	0	0	1
Mari	EUROPE_CONTROL	Russia		1	0	0	0	0	0	0	0	1
Masai	EAST_AFRICA	Kenya		2	0	0	0	0	0	0	0	2
Mayan	OUTGROUP	Mexico		24	0	0	0	0	0	0	0	24
Mbuti	WEST_AFRICA	Congo		15	0	0	0	0	0	0	0	15
MbutiPygmy	WEST_AFRICA	Congo		2	0	0	0	0	0	0	0	2
Mende	WEST_AFRICA	Sierra Leone		7	0	0	0	0	0	0	0	7
Mexico_1100BP	OUTGROUP	Mexico		9	0	0	0	0	0	0	0	9
Mexico_1100BP_TradicionTrincheras	OUTGROUP	Mexico		1	0	0	0	0	0	0	0	1
Mexico_1700BP	OUTGROUP	Mexico		1	0	0	0	0	0	0	0	1
Mexico_1900BP_TradicionTrincheras	OUTGROUP	Mexico		1	0	0	0	0	0	0	0	1
Mexico_2500BP_TradicionTrincheras	OUTGROUP	Mexico		0	1	0	0	0	0	0	0	1
Mexico_2800BP_TradicionTrincheras	OUTGROUP	Mexico		0	1	0	0	0	0	0	0	1
Mexico_500BP_Pericues	OUTGROUP	Mexico		6	0	0	0	0	0	0	0	6
Mexico_550BP_TradicionTrincheras	OUTGROUP	Mexico		1	0	0	0	0	0	0	0	1
Mexico_600BP_TradicionTrincheras	OUTGROUP	Mexico		5	0	0	0	0	0	0	0	5
Mexico_900BP_TradicionTrincheras	OUTGROUP	Mexico		1	0	0	0	0	0	0	0	1
Mexico_950BP	OUTGROUP	Mexico		1	0	0	0	0	0	0	0	1
Mexico_Colonial_African	OUTGROUP	Mexico		1	0	0	0	0	0	0	0	1
Mexico_Colonial_European	OUTGROUP	Mexico		1	0	0	0	0	0	0	0	1
Mexico_Colonial_Maya	OUTGROUP	Mexico		8	0	0	0	0	0	0	0	8
Mexico_EarlyColonial	OUTGROUP	Mexico		3	0	0	0	0	0	0	0	3
Mexico_LateClassic	OUTGROUP	Mexico		68	0	0	0	0	0	0	0	68
Mexico_Medieval	OUTGROUP	Mexico		11	0	0	0	0	0	0	0	11
Mexico_Pericues_Unknown	OUTGROUP	Mexico		0	1	0	0	0	0	0	0	1
Mexico_PreColumbian-6	OUTGROUP	Mexico		1	0	0	0	0	0	0	0	1
Mexico_PreColumbian_Medio	OUTGROUP	Mexico		1	0	0	0	0	0	0	0	1
Mexico_Tayopa_1000BP	OUTGROUP	Mexico		12	0	0	0	0	0	0	0	12
Mexico_Unknown	OUTGROUP	Mexico		0	2	0	0	0	0	0	0	2
Mexico_Zapotec	OUTGROUP	Mexico		2	0	0	0	0	0	0	0	2
Mezmaiskayacave_Neanderthal	EUROPE_CONTROL	Russia		0	0	0	0	0	1	0	0	1
Miao	OUTGROUP	China		12	0	0	0	0	0	0	0	12
Mixe	OUTGROUP	Mexico		3	0	0	0	0	0	0	0	3
Mixtec_1	OUTGROUP	Mexico		1	0	0	0	0	0	0	0	1
Mixtec_2	OUTGROUP	Mexico		1	0	0	0	0	0	0	0	1
Moldova_BA	EUROPE_CONTROL	Moldova		0	3	0	0	0	0	0	0	3
Moldova_BA-o	EUROPE_CONTROL	Moldova		0	1	0	0	0	0	0	0	1
Moldova_Bursuceni_EN_Gordinesti_Khadzhider_Zhivotilovka-oCaucasus	EUROPE_CONTROL	Moldova		0	1	0	0	0	0	0	0	1
Moldova_Cimmerian	EUROPE_CONTROL	Moldova		0	1	0	0	0	0	0	0	1
Moldova_EBA_Usatove	EUROPE_CONTROL	Moldova		0	1	0	0	0	0	0	0	1
Moldova_EBA_Yamnaya	EUROPE_CONTROL	Moldova		0	25	0	0	0	0	0	0	25
Moldova_EBA_Yamnaya-o	EUROPE_CONTROL	Moldova		0	3	0	0	0	0	0	0	3
Moldova_EN_Gordinesti_Khadzhider_Zhivotilovka-oCaucasus	EUROPE_CONTROL	Moldova		0	3	0	0	0	0	0	0	3
Moldova_Eneolithic	EUROPE_CONTROL	Moldova		0	2	1	0	0	0	0	0	3
Moldova_Eneolithic_Gordinesti_Khadzhider_Zhivotilovka-oCaucasus	EUROPE_CONTROL	Moldova		0	3	0	0	0	0	0	0	3
Moldova_Eneolithic_Trypillia	EUROPE_CONTROL	Moldova		0	2	0	0	0	0	0	0	2
Moldova_Eneolithic_Usatove	EUROPE_CONTROL	Moldova		0	1	0	0	0	0	0	0	1
Moldova_GlobularAmphora_Yamnaya	EUROPE_CONTROL	Moldova		0	2	0	0	0	0	0	0	2
Moldova_Gordinesti	EUROPE_CONTROL	Moldova		0	1	0	0	0	0	0	0	1
Moldova_IA_Catacomb	EUROPE_CONTROL	Moldova		0	1	0	0	0	0	0	0	1
Moldova_LBA_Kvitianskaia_PostMariupol	EUROPE_CONTROL	Moldova		0	1	0	0	0	0	0	0	1
Moldova_LBA_Sabatinovka	EUROPE_CONTROL	Moldova		0	1	0	0	0	0	0	0	1
Moldova_MBA	EUROPE_CONTROL	Moldova		0	2	0	0	0	0	0	0	2
Moldova_MBA_Catacomb	EUROPE_CONTROL	Moldova		0	3	0	0	0	0	0	0	3
Moldova_MBA_MultiCordonedWare	EUROPE_CONTROL	Moldova		0	3	0	0	0	0	0	0	3
Moldova_PocrovcaV_Eneolithic	EUROPE_CONTROL	Moldova		0	2	0	0	0	0	0	0	2
Moldova_Scythian	EUROPE_CONTROL	Moldova		0	3	0	0	0	0	0	0	3
Moldova_Scythian-1	EUROPE_CONTROL	Moldova		0	1	0	0	0	0	0	0	1
Moldova_Scythian-2	EUROPE_CONTROL	Moldova		0	1	0	0	0	0	0	0	1
Moldova_Scythian-3	EUROPE_CONTROL	Moldova		1	0	0	0	0	0	0	0	1
Mongola	OUTGROUP	China		11	0	0	0	0	0	0	0	11
Mongolia_Arkhangai_EarlyMedieval	OUTGROUP	Mongolia		9	0	0	0	0	0	0	0	9
Mongolia_Arkhangai_EarlyMedieval-o	OUTGROUP	Mongolia		4	0	0	0	0	0	0	0	4
Mongolia_Arkhangai_LBA_EIA-o	OUTGROUP	Mongolia		0	1	0	0	0	0	0	0	1
Mongolia_Arkhangai_LateMedieval	OUTGROUP	Mongolia		3	0	0	0	0	0	0	0	3
Mongolia_Arkhangai_PreBronze	OUTGROUP	Mongolia		0	1	0	0	0	0	0	0	1
Mongolia_Arkhangai_XiongnuPeriod	OUTGROUP	Mongolia		0	3	0	0	0	0	0	0	3
Mongolia_Arkhangai_XiongnuPeriod-1	OUTGROUP	Mongolia		3	0	0	0	0	0	0	0	3
Mongolia_Arkhangai_XiongnuPeriod-2	OUTGROUP	Mongolia		2	0	0	0	0	0	0	0	2
Mongolia_Arkhangai_XiongnuPeriod-o	OUTGROUP	Mongolia		0	1	0	0	0	0	0	0	1
Mongolia_Arkhangai_XiongnuPeriod_EarlyMedieval-2	OUTGROUP	Mongolia		1	0	0	0	0	0	0	0	1
Mongolia_Arkhangai_XiongnuPeriod_EarlyMedieval-3	OUTGROUP	Mongolia		5	0	0	0	0	0	0	0	5
Mongolia_BA-1	OUTGROUP	Mongolia		0	1	0	0	0	0	0	0	1
Mongolia_Bayankhongor_EBA	OUTGROUP	Mongolia		0	1	0	0	0	0	0	0	1
Mongolia_Bulgan_EarlyMedieval	OUTGROUP	Mongolia		2	0	0	0	0	0	0	0	2
Mongolia_Bulgan_EarlyMedieval_LateMedieval	OUTGROUP	Mongolia		4	0	0	0	0	0	0	0	4
Mongolia_Bulgan_LateMedieval	OUTGROUP	Mongolia		2	0	0	0	0	0	0	0	2
Mongolia_Bulgan_XiongnuPeriod	OUTGROUP	Mongolia		0	3	0	0	0	0	0	0	3
Mongolia_C_Afanasievo2-1	OUTGROUP	Mongolia		0	1	0	0	0	0	0	0	1
Mongolia_C_Afanasievo2-2	OUTGROUP	Mongolia		0	1	0	0	0	0	0	0	1
Mongolia_CenterWest_LBA	OUTGROUP	Mongolia		0	1	0	0	0	0	0	0	1
Mongolia_CenterWest_LBA-4	OUTGROUP	Mongolia		0	9	0	0	0	0	0	0	9
Mongolia_CenterWest_LBA-5	OUTGROUP	Mongolia		0	2	0	0	0	0	0	0	2
Mongolia_DarkhanUul_LateMedieval	OUTGROUP	Mongolia		3	0	0	0	0	0	0	0	3
Mongolia_Dornod_LateMedieval	OUTGROUP	Mongolia		7	0	0	0	0	0	0	0	7
Mongolia_Dornod_LateMedieval-o	OUTGROUP	Mongolia		2	0	0	0	0	0	0	0	2
Mongolia_Dornod_XiongnuPeriod	OUTGROUP	Mongolia		1	0	0	0	0	0	0	0	1
Mongolia_Dundgovi_LateMedieval	OUTGROUP	Mongolia		2	0	0	0	0	0	0	0	2
Mongolia_EBA_Chemurchek-2	OUTGROUP	Mongolia		0	2	0	0	0	0	0	0	2
Mongolia_EBA_Ulgii-1	OUTGROUP	Mongolia		0	2	0	0	0	0	0	0	2
Mongolia_EBA_Ulgii-1-Dup	OUTGROUP	Mongolia		0	1	0	0	0	0	0	0	1
Mongolia_EIA-2	OUTGROUP	Mongolia		0	1	0	0	0	0	0	0	1
Mongolia_EIA-3	OUTGROUP	Mongolia		0	1	0	0	0	0	0	0	1
Mongolia_EIA-5	OUTGROUP	Mongolia		0	1	0	0	0	0	0	0	1
Mongolia_EIA_Pazyryk-6	OUTGROUP	Mongolia		0	1	0	0	0	0	0	0	1
Mongolia_EIA_Sagly-4	OUTGROUP	Mongolia		0	13	0	0	0	0	0	0	13
Mongolia_EIA_SlabGrave-1	OUTGROUP	Mongolia		0	14	0	0	0	0	0	0	14
Mongolia_East_N	OUTGROUP	Mongolia		0	0	2	0	0	0	0	0	2
Mongolia_IA_Xianbei	OUTGROUP	Mongolia		1	0	0	0	0	0	0	0	1
Mongolia_Khentii_EIA_SlabGrave	OUTGROUP	Mongolia		0	1	0	0	0	0	0	0	1
Mongolia_Khentii_EarlyMedieval_FirstTurkicKhaganatePeriod	OUTGROUP	Mongolia		2	0	0	0	0	0	0	0	2
Mongolia_Khentii_EarlyMedieval_ZubuPeriod	OUTGROUP	Mongolia		2	0	0	0	0	0	0	0	2
Mongolia_Khentii_LateMedieval	OUTGROUP	Mongolia		6	0	0	0	0	0	0	0	6
Mongolia_Khentii_XiongnuPeriod	OUTGROUP	Mongolia		1	3	0	0	0	0	0	0	4
Mongolia_Khovd_EBA-o	OUTGROUP	Mongolia		0	1	0	0	0	0	0	0	1
Mongolia_Khovd_EarlyMedieval	OUTGROUP	Mongolia		1	0	0	0	0	0	0	0	1
Mongolia_Khovd_LateMedieval	OUTGROUP	Mongolia		3	0	0	0	0	0	0	0	3
Mongolia_Khovd_MLBA	OUTGROUP	Mongolia		0	3	0	0	0	0	0	0	3
Mongolia_Khovd_XiongnuPeriod	OUTGROUP	Mongolia		1	1	0	0	0	0	0	0	2
Mongolia_Khovsgol_LBA-6	OUTGROUP	Mongolia		0	19	0	0	0	0	0	0	19
Mongolia_Khovsgol_LateMedieval	OUTGROUP	Mongolia		3	0	0	0	0	0	0	0	3
Mongolia_Khovsgol_XiongnuPeriod	OUTGROUP	Mongolia		0	1	0	0	0	0	0	0	1
Mongolia_Khovsgol_XiongnuPeriod-1	OUTGROUP	Mongolia		0	5	0	0	0	0	0	0	5
Mongolia_Khovsgol_XiongnuPeriod-2	OUTGROUP	Mongolia		0	5	0	0	0	0	0	0	5
Mongolia_Khovsgol_XiongnuPeriod-oEurope	OUTGROUP	Mongolia		0	1	0	0	0	0	0	0	1
Mongolia_Khovsgol_XiongnuPeriod_LateMedieval-2	OUTGROUP	Mongolia		0	1	0	0	0	0	0	0	1
Mongolia_LBA_Ulaanzuukh-2	OUTGROUP	Mongolia		0	2	0	0	0	0	0	0	2
Mongolia_MLBA	OUTGROUP	Mongolia		0	2	0	0	0	0	0	0	2
Mongolia_MongunTaiga_LBA-1	OUTGROUP	Mongolia		0	2	0	0	0	0	0	0	2
Mongolia_MongunTaiga_LBA-3	OUTGROUP	Mongolia		0	3	0	0	0	0	0	0	3
Mongolia_Munkhkhairkhan_MBA-1	OUTGROUP	Mongolia		0	2	0	0	0	0	0	0	2
Mongolia_Munkhkhairkhan_MBA-2	OUTGROUP	Mongolia		0	1	0	0	0	0	0	0	1
Mongolia_Munkhkhairkhan_MBA-3	OUTGROUP	Mongolia		0	1	0	0	0	0	0	0	1
Mongolia_N	OUTGROUP	Mongolia		0	0	6	0	0	0	0	0	6
Mongolia_Omnogovi_LateMedieval	OUTGROUP	Mongolia		6	0	0	0	0	0	0	0	6
Mongolia_Omnogovi_XiongnuPeriod	OUTGROUP	Mongolia		0	2	0	0	0	0	0	0	2
Mongolia_Ovorkhangai_LateMedieval	OUTGROUP	Mongolia		2	0	0	0	0	0	0	0	2
Mongolia_Salkhit_UP	OUTGROUP	Mongolia		0	0	0	0	2	0	0	0	2
Mongolia_Selenge_EarlyMedieval	OUTGROUP	Mongolia		1	0	0	0	0	0	0	0	1
Mongolia_Selenge_LateMedieval	OUTGROUP	Mongolia		6	0	0	0	0	0	0	0	6
Mongolia_Selenge_XiongnuPeriod	OUTGROUP	Mongolia		1	0	0	0	0	0	0	0	1
Mongolia_Selenge_XiongnuPeriod-2	OUTGROUP	Mongolia		2	0	0	0	0	0	0	0	2
Mongolia_Selenge_XiongnuPeriod_Medieval	OUTGROUP	Mongolia		2	0	0	0	0	0	0	0	2
Mongolia_Selenge_XiongnuPeriod_Medieval-1	OUTGROUP	Mongolia		1	0	0	0	0	0	0	0	1
Mongolia_Sukhbaatar_LateMedieval	OUTGROUP	Mongolia		10	0	0	0	0	0	0	0	10
Mongolia_Sukhbaatar_MLBA	OUTGROUP	Mongolia		0	4	0	0	0	0	0	0	4
Mongolia_Sukhbaatar_MLBA_XiongnuPeriod_LateMedieval	OUTGROUP	Mongolia		0	3	0	0	0	0	0	0	3
Mongolia_Sukhbaatar_XiongnuPeriod	OUTGROUP	Mongolia		1	1	0	0	0	0	0	0	2
Mongolia_Sukhbaatar_XiongnuPeriod-o	OUTGROUP	Mongolia		1	0	0	0	0	0	0	0	1
Mongolia_Sukhbaatar_XiongnuPeriod_LateMedieval	OUTGROUP	Mongolia		4	0	0	0	0	0	0	0	4
Mongolia_Tov_EIA	OUTGROUP	Mongolia		0	1	0	0	0	0	0	0	1
Mongolia_Tov_EarlyMedieval	OUTGROUP	Mongolia		1	0	0	0	0	0	0	0	1
Mongolia_Tov_LateMedieval	OUTGROUP	Mongolia		4	0	0	0	0	0	0	0	4
Mongolia_Tov_XiongnuPeriod	OUTGROUP	Mongolia		1	0	0	0	0	0	0	0	1
Mongolia_Ulaanbaatar_EIA	OUTGROUP	Mongolia		0	2	0	0	0	0	0	0	2
Mongolia_Ulaanbaatar_XiongnuPeriod	OUTGROUP	Mongolia		0	1	0	0	0	0	0	0	1
Mongolia_Ulaangom_EIA_Sagly-4	OUTGROUP	Mongolia		0	1	0	0	0	0	0	0	1
Mongolia_Ulaangom_EIA_XiongnuPeriod-7	OUTGROUP	Mongolia		1	0	0	0	0	0	0	0	1
Mongolia_Ulaanzuukh_EIA-8	OUTGROUP	Mongolia		0	1	0	0	0	0	0	0	1
Mongolia_Ulaanzuukh_LBA_Ulaanzuukh-2	OUTGROUP	Mongolia		0	1	0	0	0	0	0	0	1
Mongolia_Uvs_EIA_XiongnuPeriod_LateMedieval	OUTGROUP	Mongolia		2	0	0	0	0	0	0	0	2
Mongolia_Uvs_LateMedieval-o	OUTGROUP	Mongolia		1	0	0	0	0	0	0	0	1
Mongolia_XiongnuPeriod	OUTGROUP	Mongolia		2	0	0	0	0	0	0	0	2
Mongolia_XiongnuPeriod_XianbeiPeriod	OUTGROUP	Mongolia		1	0	0	0	0	0	0	0	1
Montenegro_Dalmatia_ImperialRoman-oAegean	EUROPE_CONTROL	Montenegro	BALKANS	1	0	0	0	0	0	0	0	1
Montenegro_DocleaBjelovine_Roman	EUROPE_CONTROL	Montenegro	BALKANS	5	0	0	0	0	0	0	0	5
Montenegro_IA	EUROPE_CONTROL	Montenegro	BALKANS	0	2	0	0	0	0	0	0	2
Montenegro_LBA	EUROPE_CONTROL	Montenegro	BALKANS	0	1	0	0	0	0	0	0	1
Montenegro_LN_Hvar	EUROPE_CONTROL	Montenegro	BALKANS	0	1	0	0	0	0	0	0	1
Montenegro_MLBA	EUROPE_CONTROL	Montenegro	BALKANS	0	5	0	0	0	0	0	0	5
Montenegro_MLBA-o	EUROPE_CONTROL	Montenegro	BALKANS	0	1	0	0	0	0	0	0	1
Montenegro_MLBA_Cetina	EUROPE_CONTROL	Montenegro	BALKANS	0	7	0	0	0	0	0	0	7
Montenegro_MLBA_Cetina-o	EUROPE_CONTROL	Montenegro	BALKANS	0	2	0	0	0	0	0	0	2
Montenegro_Mesolithic_LN_Hvar-oWHG	EUROPE_CONTROL	Montenegro	BALKANS	0	1	0	0	0	0	0	0	1
Morocco_EN	MAGHREB	Morocco		0	1	7	0	0	0	0	0	8
Morocco_Epipaleolithic	MAGHREB	Morocco		0	0	1	0	0	0	0	0	1
Morocco_Iberomaurusian	MAGHREB	Morocco		0	0	0	5	0	0	0	0	5
Morocco_KafTahtelGhar_Iberomaurusian	MAGHREB	Morocco		0	0	1	0	0	0	0	0	1
Morocco_LN	MAGHREB	Morocco		0	2	0	0	0	0	0	0	2
Morocco_MN	MAGHREB	Morocco		0	0	1	0	0	0	0	0	1
Morocco_N	MAGHREB	Morocco		0	0	1	0	0	0	0	0	1
Mozabite	MAGHREB	Algeria		29	0	0	0	0	0	0	0	29
Nahua	OUTGROUP	Mexico		2	0	0	0	0	0	0	0	2
Namibia_Bantu_Herero	OUTGROUP	Namibia		4	0	0	0	0	0	0	0	4
Nasioi	OUTGROUP	Papua New Guinea		13	0	0	0	0	0	0	0	13
Naxi	OUTGROUP	China		11	0	0	0	0	0	0	0	11
Nepal_1500BP	OUTGROUP	Nepal		3	0	0	0	0	0	0	0	3
Nepal_2125BP	OUTGROUP	Nepal		0	1	0	0	0	0	0	0	1
Nepal_2800BP	OUTGROUP	Nepal		0	1	0	0	0	0	0	0	1
Nepal_EIA	OUTGROUP	Nepal		0	2	0	0	0	0	0	0	2
Nepal_IA	OUTGROUP	Nepal		0	5	0	0	0	0	0	0	5
Nepal_LIA	OUTGROUP	Nepal		0	7	0	0	0	0	0	0	7
Nepal_LIA_EMiddleKingdoms	OUTGROUP	Nepal		0	10	0	0	0	0	0	0	10
Nepal_LateC	OUTGROUP	Nepal		0	2	0	0	0	0	0	0	2
Nepal_Mustang_SamdzongTomb_MiddleKingdom	OUTGROUP	Nepal		8	0	0	0	0	0	0	0	8
Nepal_Suila	OUTGROUP	Nepal		0	1	0	0	0	0	0	0	1
Netherlands_EBA	EUROPE_CONTROL	Netherlands		0	6	0	0	0	0	0	0	6
Netherlands_EIA	EUROPE_CONTROL	Netherlands		0	2	0	0	0	0	0	0	2
Netherlands_EMN_Swifterbant	EUROPE_CONTROL	Netherlands		0	0	1	0	0	0	0	0	1
Netherlands_EN_LN_Swifterbant	EUROPE_CONTROL	Netherlands		0	1	0	0	0	0	0	0	1
Netherlands_EN_LateMesolithic	EUROPE_CONTROL	Netherlands		0	1	1	0	0	0	0	0	2
Netherlands_EN_LateMesolithic_Swifterbant	EUROPE_CONTROL	Netherlands		0	0	6	0	0	0	0	0	6
Netherlands_EN_LateMesolithic_Swifterbant-o	EUROPE_CONTROL	Netherlands		0	0	3	0	0	0	0	0	3
Netherlands_EarlyMedieval_Saxon	EUROPE_CONTROL	Netherlands		4	0	0	0	0	0	0	0	4
Netherlands_Friesland_Medieval_Saxon	EUROPE_CONTROL	Netherlands		5	0	0	0	0	0	0	0	5
Netherlands_Friesland_Medieval_Saxon-oEastMediterranean	EUROPE_CONTROL	Netherlands		2	0	0	0	0	0	0	0	2
Netherlands_Hogebeintum_IA_Frisian	EUROPE_CONTROL	Netherlands		4	0	0	0	0	0	0	0	4
Netherlands_LBA	EUROPE_CONTROL	Netherlands		0	3	0	0	0	0	0	0	3
Netherlands_LBA_MBA	EUROPE_CONTROL	Netherlands		0	2	0	0	0	0	0	0	2
Netherlands_LIA	EUROPE_CONTROL	Netherlands		0	1	0	0	0	0	0	0	1
Netherlands_LIA_MIA	EUROPE_CONTROL	Netherlands		0	2	0	0	0	0	0	0	2
Netherlands_LNA_CordedWare_Vlaardingen	EUROPE_CONTROL	Netherlands		0	4	0	0	0	0	0	0	4
Netherlands_LNB_BellBeaker	EUROPE_CONTROL	Netherlands		0	23	0	0	0	0	0	0	23
Netherlands_LN_EBA_BellBeaker	EUROPE_CONTROL	Netherlands		0	1	0	0	0	0	0	0	1
Netherlands_LateMesolithic	EUROPE_CONTROL	Netherlands		0	0	1	0	0	0	0	0	1
Netherlands_MBA	EUROPE_CONTROL	Netherlands		0	12	0	0	0	0	0	0	12
Netherlands_MN	EUROPE_CONTROL	Netherlands		0	3	0	0	0	0	0	0	3
Netherlands_MN_Hazendonk	EUROPE_CONTROL	Netherlands		1	2	0	0	0	0	0	0	3
Netherlands_Medieval_Saxon	EUROPE_CONTROL	Netherlands		24	0	0	0	0	0	0	0	24
Netherlands_Medieval_Saxon-Dup	EUROPE_CONTROL	Netherlands		1	0	0	0	0	0	0	0	1
Netherlands_Medieval_Saxon-oAfrica1	EUROPE_CONTROL	Netherlands		4	0	0	0	0	0	0	0	4
Netherlands_Medieval_Saxon-oAfrica2	EUROPE_CONTROL	Netherlands		2	0	0	0	0	0	0	0	2
Netherlands_Mesolithic	EUROPE_CONTROL	Netherlands		0	0	8	0	0	0	0	0	8
Netherlands_Mesolithic_Swifterbant	EUROPE_CONTROL	Netherlands		0	0	3	0	0	0	0	0	3
Netherlands_Oosterbeintum_IA_Frisian	EUROPE_CONTROL	Netherlands		5	0	0	0	0	0	0	0	5
Netherlands_Roman	EUROPE_CONTROL	Netherlands		1	0	0	0	0	0	0	0	1
Netherlands_ValkenburgMarktveld_EarlyRoman	EUROPE_CONTROL	Netherlands		2	0	0	0	0	0	0	0	2
Netherlands_ValkenburgMarktveld_Roman	EUROPE_CONTROL	Netherlands		28	1	0	0	0	0	0	0	29
NorthMacedonia_BA	EUROPE_CONTROL	North Macedonia	BALKANS	0	2	0	0	0	0	0	0	2
NorthMacedonia_Classical_Hellenistic	EUROPE_CONTROL	North Macedonia	BALKANS	0	4	0	0	0	0	0	0	4
NorthMacedonia_Classical_Hellenistic-o	EUROPE_CONTROL	North Macedonia	BALKANS	0	1	0	0	0	0	0	0	1
NorthMacedonia_IA	EUROPE_CONTROL	North Macedonia	BALKANS	0	15	0	0	0	0	0	0	15
NorthMacedonia_Medieval	EUROPE_CONTROL	North Macedonia	BALKANS	1	0	0	0	0	0	0	0	1
NorthMacedonia_N	EUROPE_CONTROL	North Macedonia	BALKANS	0	1	1	0	0	0	0	0	2
NorthMacedonia_N-NotPermittedToPublish	EUROPE_CONTROL	North Macedonia	BALKANS	0	0	1	0	0	0	0	0	1
Norway_Aunvollen_Viking	EUROPE_CONTROL	Norway		1	0	0	0	0	0	0	0	1
Norway_Balsnes_IA	EUROPE_CONTROL	Norway		1	0	0	0	0	0	0	0	1
Norway_Bergvin_EBA	EUROPE_CONTROL	Norway		0	2	0	0	0	0	0	0	2
Norway_BoleFlatangerMT210612A7271_IA_EarlyGermanic	EUROPE_CONTROL	Norway		1	0	0	0	0	0	0	0	1
Norway_BoleFlatangerMT210613A7272_Roman	EUROPE_CONTROL	Norway		1	0	0	0	0	0	0	0	1
Norway_BomoSnasaM_Roman	EUROPE_CONTROL	Norway		1	0	0	0	0	0	0	0	1
Norway_Eid_MLN	EUROPE_CONTROL	Norway		0	2	0	0	0	0	0	0	2
Norway_EngeSomnaM_IA_LateGermanic	EUROPE_CONTROL	Norway		1	0	0	0	0	0	0	0	1
Norway_Engholmen2_IA_LateGermanic	EUROPE_CONTROL	Norway		1	0	0	0	0	0	0	0	1
Norway_Engholmen_IA_LateGermanic	EUROPE_CONTROL	Norway		0	1	0	0	0	0	0	0	1
Norway_Fauskland_LN_EBA_BellBeaker	EUROPE_CONTROL	Norway		0	1	0	0	0	0	0	0	1
Norway_Folstad_EarlyRoman	EUROPE_CONTROL	Norway		1	0	0	0	0	0	0	0	1
Norway_Fore1_Roman	EUROPE_CONTROL	Norway		2	0	0	0	0	0	0	0	2
Norway_HolmBindalM_IA_LateGermanic	EUROPE_CONTROL	Norway		1	0	0	0	0	0	0	0	1
Norway_IA	EUROPE_CONTROL	Norway		4	0	0	0	0	0	0	0	4
Norway_JarlsbergHerregaard_IA_LateGermanic	EUROPE_CONTROL	Norway		1	0	0	0	0	0	0	0	1
Norway_JoaNamsosM_IA_LateGermanic	EUROPE_CONTROL	Norway		3	0	0	0	0	0	0	0	3
Norway_Joa_IA	EUROPE_CONTROL	Norway		1	0	0	0	0	0	0	0	1
Norway_Joa_IA_LateGermanic	EUROPE_CONTROL	Norway		2	0	0	0	0	0	0	0	2
Norway_Krakeroy_EBA	EUROPE_CONTROL	Norway		0	1	0	0	0	0	0	0	1
Norway_LN_BA	EUROPE_CONTROL	Norway		0	1	0	0	0	0	0	0	1
Norway_LundNamsosM_IA_LateGermanic	EUROPE_CONTROL	Norway		1	0	0	0	0	0	0	0	1
Norway_Lund_IA	EUROPE_CONTROL	Norway		1	0	0	0	0	0	0	0	1
Norway_Medieval	EUROPE_CONTROL	Norway		5	0	0	0	0	0	0	0	5
Norway_Medieval-o	EUROPE_CONTROL	Norway		1	0	0	0	0	0	0	0	1
Norway_Mesolithic	EUROPE_CONTROL	Norway		0	0	3	0	0	0	0	0	3
Norway_N	EUROPE_CONTROL	Norway		0	1	0	0	0	0	0	0	1
Norway_NordRollnes_IA	EUROPE_CONTROL	Norway		2	0	0	0	0	0	0	0	2
Norway_PreViking	EUROPE_CONTROL	Norway		1	0	0	0	0	0	0	0	1
Norway_RjoaSola_LateRoman	EUROPE_CONTROL	Norway		1	0	0	0	0	0	0	0	1
Norway_RoyneOrlandetM_LateRoman	EUROPE_CONTROL	Norway		1	0	0	0	0	0	0	0	1
Norway_SkeieKlepp_IA_EarlyGermanic	EUROPE_CONTROL	Norway		2	0	0	0	0	0	0	0	2
Norway_Skjeggesnes_EBA	EUROPE_CONTROL	Norway		0	3	0	0	0	0	0	0	3
Norway_Skongeneshelleren_IA	EUROPE_CONTROL	Norway		4	0	0	0	0	0	0	0	4
Norway_Skongeneshelleren_Roman	EUROPE_CONTROL	Norway		2	0	0	0	0	0	0	0	2
Norway_Solsem_LN_EBA	EUROPE_CONTROL	Norway		0	1	0	0	0	0	0	0	1
Norway_StorfosenOrlandM_IA_LateGermanic	EUROPE_CONTROL	Norway		1	0	0	0	0	0	0	0	1
Norway_Sund_EBA	EUROPE_CONTROL	Norway		0	9	0	0	0	0	0	0	9
Norway_Sund_LN	EUROPE_CONTROL	Norway		0	3	0	0	0	0	0	0	3
Norway_Sund_LN_EBA	EUROPE_CONTROL	Norway		0	1	0	0	0	0	0	0	1
Norway_Toldnes_EBA	EUROPE_CONTROL	Norway		1	2	0	0	0	0	0	0	3
Norway_TomeideNesnaM_IA_LateGermanic	EUROPE_CONTROL	Norway		1	0	0	0	0	0	0	0	1
Norway_TomeideNesnaM_LateRoman	EUROPE_CONTROL	Norway		1	0	0	0	0	0	0	0	1
Norway_TomeideNesnaM_Roman	EUROPE_CONTROL	Norway		1	0	0	0	0	0	0	0	1
Norway_Tyrifjorden_PreImperialRoman	EUROPE_CONTROL	Norway		0	1	0	0	0	0	0	0	1
Norway_Tyrifjorden_Roman	EUROPE_CONTROL	Norway		1	0	0	0	0	0	0	0	1
Norway_ValstadVerdalM_LateRoman	EUROPE_CONTROL	Norway		1	0	0	0	0	0	0	0	1
Norway_Verket_LN	EUROPE_CONTROL	Norway		0	1	0	0	0	0	0	0	1
Norway_VikKlepp_IA_LateGermanic	EUROPE_CONTROL	Norway		3	0	0	0	0	0	0	0	3
Norway_VikOrlandetMT2812611_IA_EarlyGermanic	EUROPE_CONTROL	Norway		1	0	0	0	0	0	0	0	1
Norway_Viking	EUROPE_CONTROL	Norway		26	0	0	0	0	0	0	0	26
Norway_Viking-1	EUROPE_CONTROL	Norway		1	0	0	0	0	0	0	0	1
Norway_Viking-2	EUROPE_CONTROL	Norway		1	0	0	0	0	0	0	0	1
Norway_YtreKvaroyLuroy_IA_LateGermanic	EUROPE_CONTROL	Norway		1	0	0	0	0	0	0	0	1
Norwegian	EUROPE_CONTROL	Norway		1	0	0	0	0	0	0	0	1
ONG	OUTGROUP	India		6	0	0	0	0	0	0	0	6
Orcadian	EUROPE_CONTROL	United Kingdom		17	0	0	0	0	0	0	0	17
Oroqen	OUTGROUP	China		11	0	0	0	0	0	0	0	11
Ossetian	EUROPE_CONTROL	Russia		2	0	0	0	0	0	0	0	2
PEL	OUTGROUP	Peru		82	0	0	0	0	0	0	0	82
PEL-oEastAsia	OUTGROUP	Peru		1	0	0	0	0	0	0	0	1
PEL-oHighAfrican	OUTGROUP	Peru		1	0	0	0	0	0	0	0	1
PEL-oHighEuropean	OUTGROUP	Peru		2	0	0	0	0	0	0	0	2
PJL	OUTGROUP	Pakistan		87	0	0	0	0	0	0	0	87
PUN	OUTGROUP	India		1	0	0	0	0	0	0	0	1
PUR	OUTGROUP	Puerto Rico		100	0	0	0	0	0	0	0	100
PUR-oAfrica	OUTGROUP	Puerto Rico		4	0	0	0	0	0	0	0	4
PUR-oEurope	OUTGROUP	Puerto Rico		1	0	0	0	0	0	0	0	1
Pakistan_EarlyHistoric_H	OUTGROUP	Pakistan		0	2	0	0	0	0	0	0	2
Pakistan_Historic	OUTGROUP	Pakistan		0	10	0	0	0	0	0	0	10
Pakistan_Historic-2	OUTGROUP	Pakistan		0	1	0	0	0	0	0	0	1
Pakistan_Historic_H	OUTGROUP	Pakistan		5	3	0	0	0	0	0	0	8
Pakistan_IA	OUTGROUP	Pakistan		0	96	0	0	0	0	0	0	96
Pakistan_IA-o	OUTGROUP	Pakistan		0	2	0	0	0	0	0	0	2
Pakistan_LBA	OUTGROUP	Pakistan		1	0	0	0	0	0	0	0	1
Pakistan_Medieval	OUTGROUP	Pakistan		3	0	0	0	0	0	0	0	3
Pakistan_Medieval-2	OUTGROUP	Pakistan		1	0	0	0	0	0	0	0	1
Pakistan_Medieval_Ghaznavid	OUTGROUP	Pakistan		1	0	0	0	0	0	0	0	1
Pakistan_ProtohistoricGraves	OUTGROUP	Pakistan		0	1	0	0	0	0	0	0	1
Pakistani	OUTGROUP	Pakistan		62	0	0	0	0	0	0	0	62
Palau_KororQuarry_1500BP	OUTGROUP	Palau		8	0	0	0	0	0	0	0	8
Palau_Ngkeklau_1400BP	OUTGROUP	Palau		3	0	0	0	0	0	0	0	3
Palau_OmedokelCave_1400BP	OUTGROUP	Palau		2	0	0	0	0	0	0	0	2
Palau_OmedokelCave_700BP	OUTGROUP	Palau		1	0	0	0	0	0	0	0	1
Palau_Ucheliungscave_1400BP	OUTGROUP	Palau		1	0	0	0	0	0	0	0	1
Palau_Ucheliungscave_2750BP	OUTGROUP	Palau		0	2	0	0	0	0	0	0	2
Palestinian	LEVANT	Israel		49	0	0	0	0	0	0	0	49
Panama_Colonial-oEurope	OUTGROUP	Panama		2	0	0	0	0	0	0	0	2
Panama_Colonial-oNativeAmerican	OUTGROUP	Panama		1	0	0	0	0	0	0	0	1
Panama_PreColonial	OUTGROUP	Panama		8	0	0	0	0	0	0	0	8
PapuaNewGuinea_Eriama_EarlyModern	OUTGROUP	Papua New Guinea		4	0	0	0	0	0	0	0	4
PapuaNewGuinea_Eriama_Modern	OUTGROUP	Papua New Guinea		4	0	0	0	0	0	0	0	4
PapuaNewGuinea_Nebira_EarlyModern	OUTGROUP	Papua New Guinea		7	0	0	0	0	0	0	0	7
PapuaNewGuinea_Nebira_LateMedieval	OUTGROUP	Papua New Guinea		16	0	0	0	0	0	0	0	16
PapuaNewGuinea_Nebira_Medieval	OUTGROUP	Papua New Guinea		2	0	0	0	0	0	0	0	2
PapuaNewGuinea_Nebira_Modern	OUTGROUP	Papua New Guinea		1	0	0	0	0	0	0	0	1
PapuaNewGuinea_ReberRakival_BA	OUTGROUP	Papua New Guinea		0	1	0	0	0	0	0	0	1
PapuaNewGuinea_ReberRakival_IA	OUTGROUP	Papua New Guinea		1	1	0	0	0	0	0	0	2
PapuaNewGuinea_ReberRakival_Medieval	OUTGROUP	Papua New Guinea		2	0	0	0	0	0	0	0	2
PapuaNewGuinea_Tilu_Medieval	OUTGROUP	Papua New Guinea		2	0	0	0	0	0	0	0	2
Papuan	OUTGROUP	Papua New Guinea		32	0	0	0	0	0	0	0	32
Paraguay_1600BP_Chaco	OUTGROUP	Paraguay		1	0	0	0	0	0	0	0	1
Pathan	OUTGROUP	Pakistan		26	0	0	0	0	0	0	0	26
Peru_1600BP	OUTGROUP	Peru		3	0	0	0	0	0	0	0	3
Peru_1800BP	OUTGROUP	Peru		1	0	0	0	0	0	0	0	1
Peru_3500BP	OUTGROUP	Peru		0	1	0	0	0	0	0	0	1
Peru_4100BP_LaGalgada	OUTGROUP	Peru		0	2	0	0	0	0	0	0	2
Peru_4200BP	OUTGROUP	Peru		0	3	0	0	0	0	0	0	3
Peru_5800BP	OUTGROUP	Peru		0	2	0	0	0	0	0	0	2
Peru_8600BP	OUTGROUP	Peru		0	0	4	0	0	0	0	0	4
Peru_9000BP	OUTGROUP	Peru		0	0	2	0	0	0	0	0	2
Peru_900BP	OUTGROUP	Peru		6	0	0	0	0	0	0	0	6
Peru_Antaura_Tiwanaku	OUTGROUP	Peru		1	0	0	0	0	0	0	0	1
Peru_ChinchaValley_LateHorizon	OUTGROUP	Peru		8	0	0	0	0	0	0	0	8
Peru_Colonial_Colonial	OUTGROUP	Peru		1	0	0	0	0	0	0	0	1
Peru_Cotahuasi_Tiwanaku	OUTGROUP	Peru		1	0	0	0	0	0	0	0	1
Peru_Cullcunche_Tiwanaku	OUTGROUP	Peru		1	0	0	0	0	0	0	0	1
Peru_EIP_1300BP	OUTGROUP	Peru		3	0	0	0	0	0	0	0	3
Peru_EIP_1350BP	OUTGROUP	Peru		2	0	0	0	0	0	0	0	2
Peru_EIP_1450BP	OUTGROUP	Peru		3	0	0	0	0	0	0	0	3
Peru_EIP_Moche	OUTGROUP	Peru		2	0	0	0	0	0	0	0	2
Peru_EarlyHorizon_2250BP_Paracas	OUTGROUP	Peru		1	0	0	0	0	0	0	0	1
Peru_LIP	OUTGROUP	Peru		2	0	0	0	0	0	0	0	2
Peru_LIP_550BP	OUTGROUP	Peru		2	0	0	0	0	0	0	0	2
Peru_LIP_600BP	OUTGROUP	Peru		2	0	0	0	0	0	0	0	2
Peru_LIP_600BP_LaGalgada	OUTGROUP	Peru		3	0	0	0	0	0	0	0	3
Peru_LIP_650BP	OUTGROUP	Peru		4	0	0	0	0	0	0	0	4
Peru_LIP_Chimu	OUTGROUP	Peru		3	0	0	0	0	0	0	0	3
Peru_LIP_Ychsma	OUTGROUP	Peru		3	0	0	0	0	0	0	0	3
Peru_LateArchaic_4500BP	OUTGROUP	Peru		0	1	0	0	0	0	0	0	1
Peru_LateHolocene_500BP	OUTGROUP	Peru		1	0	0	0	0	0	0	0	1
Peru_LateHolocene_Inca	OUTGROUP	Peru		1	0	0	0	0	0	0	0	1
Peru_MHorizon	OUTGROUP	Peru		1	0	0	0	0	0	0	0	1
Peru_MHorizon_LIP_850BP	OUTGROUP	Peru		1	0	0	0	0	0	0	0	1
Peru_MHorizon_LIP_Lambayeque	OUTGROUP	Peru		3	0	0	0	0	0	0	0	3
Peru_MHorizon_WariHighlands	OUTGROUP	Peru		1	0	0	0	0	0	0	0	1
Peru_Maucallacta_Tiwanaku	OUTGROUP	Peru		1	0	0	0	0	0	0	0	1
Peru_MiddleHolocene_1000BP	OUTGROUP	Peru		3	0	0	0	0	0	0	0	3
Peru_MiddleHolocene_950BP	OUTGROUP	Peru		2	0	0	0	0	0	0	0	2
Peru_Unknown	OUTGROUP	Peru		0	1	0	0	0	0	0	0	1
Philippines_Kankanaey	OUTGROUP	Philippines		1	0	0	0	0	0	0	0	1
Philippines_RedSlippedPottery	OUTGROUP	Philippines		1	0	0	0	0	0	0	0	1
Piapoco	OUTGROUP	Colombia		9	0	0	0	0	0	0	0	9
Pima	OUTGROUP	Mexico		15	0	0	0	0	0	0	0	15
Poland_BA	EUROPE_CONTROL	Poland		0	7	0	0	0	0	0	0	7
Poland_BA_Trzciniec	EUROPE_CONTROL	Poland		0	35	0	0	0	0	0	0	35
Poland_BKG	EUROPE_CONTROL	Poland		0	0	6	0	0	0	0	0	6
Poland_BKG-1	EUROPE_CONTROL	Poland		0	0	1	0	0	0	0	0	1
Poland_BKG-2	EUROPE_CONTROL	Poland		0	0	1	0	0	0	0	0	1
Poland_BellBeaker	EUROPE_CONTROL	Poland		0	12	0	0	0	0	0	0	12
Poland_ChopiceVeseleCulture	EUROPE_CONTROL	Poland		0	2	0	0	0	0	0	0	2
Poland_CordedWare	EUROPE_CONTROL	Poland		0	15	0	0	0	0	0	0	15
Poland_CordedWare-1	EUROPE_CONTROL	Poland		0	2	0	0	0	0	0	0	2
Poland_CordedWare-3	EUROPE_CONTROL	Poland		0	3	0	0	0	0	0	0	3
Poland_CordedWare-o	EUROPE_CONTROL	Poland		0	2	0	0	0	0	0	0	2
Poland_EBA	EUROPE_CONTROL	Poland		0	3	0	0	0	0	0	0	3
Poland_EBA_Unetice	EUROPE_CONTROL	Poland		0	5	0	0	0	0	0	0	5
Poland_EarlyMedieval_Slav	EUROPE_CONTROL	Poland		44	0	0	0	0	0	0	0	44
Poland_EarlySlav	EUROPE_CONTROL	Poland		24	0	0	0	0	0	0	0	24
Poland_Eneolithic	EUROPE_CONTROL	Poland		0	6	0	0	0	0	0	0	6
Poland_GlobularAmphora	EUROPE_CONTROL	Poland		0	33	0	0	0	0	0	0	33
Poland_IA	EUROPE_CONTROL	Poland		124	0	0	0	0	0	0	0	124
Poland_IA-oEastAsia	EUROPE_CONTROL	Poland		1	0	0	0	0	0	0	0	1
Poland_IA_Przeworsk	EUROPE_CONTROL	Poland		2	0	0	0	0	0	0	0	2
Poland_IA_Wielbark	EUROPE_CONTROL	Poland		45	6	0	0	0	0	0	0	51
Poland_IA_Wielbark-oEEF	EUROPE_CONTROL	Poland		2	0	0	0	0	0	0	0	2
Poland_Magdalenian	EUROPE_CONTROL	Poland		0	0	0	1	0	0	0	0	1
Poland_Medieval-1	EUROPE_CONTROL	Poland		1	0	0	0	0	0	0	0	1
Poland_Medieval-2	EUROPE_CONTROL	Poland		1	0	0	0	0	0	0	0	1
Poland_Mesolithic	EUROPE_CONTROL	Poland		0	0	3	0	0	0	0	0	3
Poland_N_ELBK	EUROPE_CONTROL	Poland		0	0	3	0	0	0	0	0	3
Poland_N_LLBK_LLengyel	EUROPE_CONTROL	Poland		0	0	5	0	0	0	0	0	5
Poland_Roman_Wielbark	EUROPE_CONTROL	Poland		33	0	0	0	0	0	0	0	33
Poland_TRB	EUROPE_CONTROL	Poland		0	2	0	0	0	0	0	0	2
Poland_TRB-o	EUROPE_CONTROL	Poland		0	1	0	0	0	0	0	0	1
Poland_Viking	EUROPE_CONTROL	Poland		8	0	0	0	0	0	0	0	8
Polish	EUROPE_CONTROL	Poland		1	0	0	0	0	0	0	0	1
Portugal_BA	IBERIA	Portugal		13	0	0	0	0	0	0	0	13
Portugal_C	IBERIA	Portugal		1	12	0	0	0	0	0	0	13
Portugal_EBA	IBERIA	Portugal		0	3	0	0	0	0	0	0	3
Portugal_EN_Cardial	IBERIA	Portugal		0	0	2	0	0	0	0	0	2
Portugal_EarlyMedieval	IBERIA	Portugal		5	0	0	0	0	0	0	0	5
Portugal_Gruta_do_Caldeirao_Medieval_Visigoth	IBERIA	Portugal		2	0	0	0	0	0	0	0	2
Portugal_Islamic	IBERIA	Portugal		9	0	0	0	0	0	0	0	9
Portugal_KingdomOfPortugal	IBERIA	Portugal		26	0	0	0	0	0	0	0	26
Portugal_LBA	IBERIA	Portugal		0	2	0	0	0	0	0	0	2
Portugal_LN	IBERIA	Portugal		0	2	0	0	0	0	0	0	2
Portugal_LN_C	IBERIA	Portugal		0	8	0	0	0	0	0	0	8
Portugal_LN_C-o	IBERIA	Portugal		0	1	0	0	0	0	0	0	1
Portugal_LateAntiquity_ImperialRoman_Roman	IBERIA	Portugal		8	0	0	0	0	0	0	0	8
Portugal_LateAntiquity_ImperialRoman_Roman-oAfrica	IBERIA	Portugal		1	0	0	0	0	0	0	0	1
Portugal_LateAntiquity_Roman-oAfrica	IBERIA	Portugal		1	0	0	0	0	0	0	0	1
Portugal_LateRoman	IBERIA	Portugal		3	0	0	0	0	0	0	0	3
Portugal_MBA	IBERIA	Portugal		0	4	0	0	0	0	0	0	4
Portugal_MN	IBERIA	Portugal		0	6	0	0	0	0	0	0	6
Portugal_Megalithic_LN	IBERIA	Portugal		0	2	0	0	0	0	0	0	2
Portugal_Mesolithic	IBERIA	Portugal		0	0	1	0	0	0	0	0	1
Portugal_N	IBERIA	Portugal		0	10	0	0	0	0	0	0	10
Portugal_NapoleonicWar	IBERIA	Portugal		2	0	0	0	0	0	0	0	2
Portugal_PostMedieval	IBERIA	Portugal		1	0	0	0	0	0	0	0	1
Portugal_Reconquista	IBERIA	Portugal		6	0	0	0	0	0	0	0	6
Portugal_Roman	IBERIA	Portugal		6	0	0	0	0	0	0	0	6
PuertoRico_Ceramic	OUTGROUP	Puerto Rico		14	0	0	0	0	0	0	0	14
PuertoRico_Ceramic-Dup	OUTGROUP	Puerto Rico		1	0	0	0	0	0	0	0	1
Punjabi	OUTGROUP	Pakistan		9	0	0	0	0	0	0	0	9
Quechua	OUTGROUP	Peru		3	0	0	0	0	0	0	0	3
RAJ	OUTGROUP	India		10	0	0	0	0	0	0	0	10
RIA	OUTGROUP	India		10	0	0	0	0	0	0	0	10
Relli_1	OUTGROUP	India		1	0	0	0	0	0	0	0	1
Relli_2	OUTGROUP	India		1	0	0	0	0	0	0	0	1
RepublicofKorea	OUTGROUP	Republic of Korea		0	0	2	0	0	0	0	0	2
RepublicofKorea_Changhang	OUTGROUP	Republic of Korea		0	0	2	0	0	0	0	0	2
RepublicofKorea_Taejungni	OUTGROUP	Republic of Korea		0	1	0	0	0	0	0	0	1
RepublicofKorea_ThreeKingdoms	OUTGROUP	Republic of Korea		7	0	0	0	0	0	0	0	7
RepublicofKorea_Yokchido	OUTGROUP	Republic of Korea		0	1	0	0	0	0	0	0	1
RepublicofKorea_Yondaedo-1	OUTGROUP	Republic of Korea		0	0	1	0	0	0	0	0	1
RepublicofKorea_Yondaedo-2	OUTGROUP	Republic of Korea		0	0	1	0	0	0	0	0	1
Romania_BA1-1	EUROPE_CONTROL	Romania	BALKANS	0	2	0	0	0	0	0	0	2
Romania_BA_Arman	EUROPE_CONTROL	Romania	BALKANS	0	7	0	0	0	0	0	0	7
Romania_BA_Arman-o	EUROPE_CONTROL	Romania	BALKANS	0	2	0	0	0	0	0	0	2
Romania_BaciuGuraBaciului_EN_StarcevoCris	EUROPE_CONTROL	Romania	BALKANS	0	0	1	0	0	0	0	0	1
Romania_Brailita_EBA_Yamnaya	EUROPE_CONTROL	Romania	BALKANS	0	1	0	0	0	0	0	0	1
Romania_Brailita_Medieval	EUROPE_CONTROL	Romania	BALKANS	1	0	0	0	0	0	0	0	1
Romania_Brailita_Mesolithic	EUROPE_CONTROL	Romania	BALKANS	0	0	1	0	0	0	0	0	1
Romania_C	EUROPE_CONTROL	Romania	BALKANS	0	1	0	0	0	0	0	0	1
Romania_C-oHG	EUROPE_CONTROL	Romania	BALKANS	0	1	0	0	0	0	0	0	1
Romania_C_Bodrogkeresztur	EUROPE_CONTROL	Romania	BALKANS	0	57	24	0	0	0	0	0	81
Romania_C_Bodrogkeresztur-1	EUROPE_CONTROL	Romania	BALKANS	0	0	1	0	0	0	0	0	1
Romania_C_Gumelnita	EUROPE_CONTROL	Romania	BALKANS	0	0	44	0	0	0	0	0	44
Romania_EBA_Catacomb	EUROPE_CONTROL	Romania	BALKANS	0	1	0	0	0	0	0	0	1
Romania_EBA_Gumelnita	EUROPE_CONTROL	Romania	BALKANS	0	1	0	0	0	0	0	0	1
Romania_EBA_Yamnaya	EUROPE_CONTROL	Romania	BALKANS	0	17	0	0	0	0	0	0	17
Romania_EBA_Yamnaya-oSouth	EUROPE_CONTROL	Romania	BALKANS	0	3	0	0	0	0	0	0	3
Romania_EN	EUROPE_CONTROL	Romania	BALKANS	0	0	3	0	0	0	0	0	3
Romania_EN-Dup	EUROPE_CONTROL	Romania	BALKANS	0	0	1	0	0	0	0	0	1
Romania_EN-oIran	EUROPE_CONTROL	Romania	BALKANS	0	0	1	0	0	0	0	0	1
Romania_EN_Cris	EUROPE_CONTROL	Romania	BALKANS	0	0	2	0	0	0	0	0	2
Romania_EN_Starcevo	EUROPE_CONTROL	Romania	BALKANS	0	0	1	0	0	0	0	0	1
Romania_EN_StarcevoCris	EUROPE_CONTROL	Romania	BALKANS	0	0	2	0	0	0	0	0	2
Romania_EN_StarcevoKorosCris	EUROPE_CONTROL	Romania	BALKANS	0	0	1	0	0	0	0	0	1
Romania_Eneolithic-oEEF	EUROPE_CONTROL	Romania	BALKANS	0	0	7	0	0	0	0	0	7
Romania_Eneolithic_LN	EUROPE_CONTROL	Romania	BALKANS	0	0	1	0	0	0	0	0	1
Romania_Eneolithic_LN_Boian	EUROPE_CONTROL	Romania	BALKANS	0	0	2	0	0	0	0	0	2
Romania_Eneolithic_LN_Gumelnita	EUROPE_CONTROL	Romania	BALKANS	0	1	0	0	0	0	0	0	1
Romania_Glavanesti_BA-1	EUROPE_CONTROL	Romania	BALKANS	0	1	0	0	0	0	0	0	1
Romania_Hun	EUROPE_CONTROL	Romania	BALKANS	1	0	0	0	0	0	0	0	1
Romania_Hun-oEastAsia	EUROPE_CONTROL	Romania	BALKANS	1	0	0	0	0	0	0	0	1
Romania_IUP	EUROPE_CONTROL	Romania	BALKANS	0	0	0	0	1	0	0	0	1
Romania_IronGates_LateMesolithic	EUROPE_CONTROL	Romania	BALKANS	0	0	2	0	0	0	0	0	2
Romania_IronGates_Mesolithic	EUROPE_CONTROL	Romania	BALKANS	0	0	8	0	0	0	0	0	8
Romania_IronGates_Mesolithic-Dup	EUROPE_CONTROL	Romania	BALKANS	0	0	1	0	0	0	0	0	1
Romania_IronGates_N	EUROPE_CONTROL	Romania	BALKANS	0	1	0	0	0	0	0	0	1
Romania_MLBA	EUROPE_CONTROL	Romania	BALKANS	0	3	0	0	0	0	0	0	3
Romania_Medieval	EUROPE_CONTROL	Romania	BALKANS	1	0	0	0	0	0	0	0	1
Romania_Mesolithic	EUROPE_CONTROL	Romania	BALKANS	0	0	2	0	0	0	0	0	2
Romania_N	EUROPE_CONTROL	Romania	BALKANS	0	0	3	0	0	0	0	0	3
Romania_N-o	EUROPE_CONTROL	Romania	BALKANS	0	0	2	0	0	0	0	0	2
Romania_N_Boian	EUROPE_CONTROL	Romania	BALKANS	0	0	4	0	0	0	0	0	4
Romania_N_Dudesti	EUROPE_CONTROL	Romania	BALKANS	0	0	1	0	0	0	0	0	1
Romania_Tei	EUROPE_CONTROL	Romania	BALKANS	0	1	0	0	0	0	0	0	1
Romania_UP	EUROPE_CONTROL	Romania	BALKANS	0	0	0	0	3	0	0	0	3
Romania_villageDeceaMuresului_Eneolithic_LN_DeceaMuresului	EUROPE_CONTROL	Romania	BALKANS	0	0	1	0	0	0	0	0	1
Romania_villageIclod_Eneolithic_LN	EUROPE_CONTROL	Romania	BALKANS	0	0	1	0	0	0	0	0	1
Russia_Adygea_EN_ProtoMaikop	EUROPE_CONTROL	Russia		0	0	1	0	0	0	0	0	1
Russia_Adygea_Eneolithic	EUROPE_CONTROL	Russia		0	0	3	0	0	0	0	0	3
Russia_Adygea_MLBA	EUROPE_CONTROL	Russia		0	5	0	0	0	0	0	0	5
Russia_Adygea_Maikop	EUROPE_CONTROL	Russia		0	3	0	0	0	0	0	0	3
Russia_Adygea_Maikop_Novosvobodnaya	EUROPE_CONTROL	Russia		0	9	0	0	0	0	0	0	9
Russia_Afanasievo	EUROPE_CONTROL	Russia		0	2	0	0	0	0	0	0	2
Russia_AfontovaGora_UP	EUROPE_CONTROL	Russia		0	0	0	2	0	0	0	0	2
Russia_Alan	EUROPE_CONTROL	Russia		5	0	0	0	0	0	0	0	5
Russia_AltaiKrai_Afanasievo	EUROPE_CONTROL	Russia		0	5	0	0	0	0	0	0	5
Russia_AltaiKrai_Eneolithic	EUROPE_CONTROL	Russia		0	18	0	0	0	0	0	0	18
Russia_AltaiKrai_Eneolithic_Altai	EUROPE_CONTROL	Russia		0	0	1	0	0	0	0	0	1
Russia_AltaiKrai_LN	EUROPE_CONTROL	Russia		0	0	5	0	0	0	0	0	5
Russia_AltaiKrai_MLBA	EUROPE_CONTROL	Russia		0	1	0	0	0	0	0	0	1
Russia_AltaiKrai_Medieval-2	EUROPE_CONTROL	Russia		1	0	0	0	0	0	0	0	1
Russia_AltaiKrai_N	EUROPE_CONTROL	Russia		0	7	25	0	0	0	0	0	32
Russia_AltaiKrai_N-oEastAsia	EUROPE_CONTROL	Russia		0	1	0	0	0	0	0	0	1
Russia_AltaiKrai_N_Bolshemys	EUROPE_CONTROL	Russia		0	4	4	0	0	0	0	0	8
Russia_AltaiKrai_N_Itkul	EUROPE_CONTROL	Russia		0	0	1	0	0	0	0	0	1
Russia_Altai_Afanasievo	EUROPE_CONTROL	Russia		0	20	0	0	0	0	0	0	20
Russia_Altai_EIA_Afanasievo	EUROPE_CONTROL	Russia		0	2	0	0	0	0	0	0	2
Russia_Altai_Eneolithic_Afanasievo	EUROPE_CONTROL	Russia		0	6	0	0	0	0	0	0	6
Russia_Altai_IA-3	EUROPE_CONTROL	Russia		0	3	0	0	0	0	0	0	3
Russia_Andronovo	EUROPE_CONTROL	Russia		0	3	0	0	0	0	0	0	3
Russia_Andronovo-o	EUROPE_CONTROL	Russia		0	1	0	0	0	0	0	0	1
Russia_Antiquity_OldBeringSea	EUROPE_CONTROL	Russia		0	1	0	0	0	0	0	0	1
Russia_Aymyrlyg_IA_Hun	EUROPE_CONTROL	Russia		0	6	0	0	0	0	0	0	6
Russia_Aymyrlyg_IA_Saka	EUROPE_CONTROL	Russia		0	6	0	0	0	0	0	0	6
Russia_BA_NorthCaucasus_Steppe	EUROPE_CONTROL	Russia		0	2	0	0	0	0	0	0	2
Russia_BA_Okunevo	EUROPE_CONTROL	Russia		0	19	0	0	0	0	0	0	19
Russia_BA_Okunevo-1	EUROPE_CONTROL	Russia		0	1	0	0	0	0	0	0	1
Russia_Bashkortostan_EIA2	EUROPE_CONTROL	Russia		0	1	0	0	0	0	0	0	1
Russia_Bashkortostan_EIA2_PyanyBor	EUROPE_CONTROL	Russia		1	9	0	0	0	0	0	0	10
Russia_Bashkortostan_EarlyMedieval_Karayakupovo	EUROPE_CONTROL	Russia		5	0	0	0	0	0	0	0	5
Russia_Bashkortostan_LBA	EUROPE_CONTROL	Russia		0	12	0	0	0	0	0	0	12
Russia_Bashkortostan_Medieval_LateChiyalik	EUROPE_CONTROL	Russia		9	0	0	0	0	0	0	0	9
Russia_Bashkortostan_MigrationPeriod_Kushnarenkovo	EUROPE_CONTROL	Russia		1	0	0	0	0	0	0	0	1
Russia_Bashkortostan_MigrationPeriod_Nevolino	EUROPE_CONTROL	Russia		1	0	0	0	0	0	0	0	1
Russia_Bashkortostan_Roman_Bakhmutinsky_Mazuninsky	EUROPE_CONTROL	Russia		3	0	0	0	0	0	0	0	3
Russia_Bashkortostan_Roman_Mazunino	EUROPE_CONTROL	Russia		3	0	0	0	0	0	0	0	3
Russia_BolshoyOleniyOstrov_BA	EUROPE_CONTROL	Russia		0	1	0	0	0	0	0	0	1
Russia_BolshoyOleniyOstrov_MBA	EUROPE_CONTROL	Russia		0	11	0	0	0	0	0	0	11
Russia_Boyasky_IA_Mazunino	EUROPE_CONTROL	Russia		4	0	0	0	0	0	0	0	4
Russia_Buryatia_EIA	EUROPE_CONTROL	Russia		0	1	0	0	0	0	0	0	1
Russia_Buryatia_EN_Kitoi	EUROPE_CONTROL	Russia		0	0	2	0	0	0	0	0	2
Russia_Buryatia_MBA	EUROPE_CONTROL	Russia		0	1	0	0	0	0	0	0	1
Russia_Buryatia_N	EUROPE_CONTROL	Russia		0	0	8	0	0	0	0	0	8
Russia_Buryatia_XiongnuPeriod	EUROPE_CONTROL	Russia		2	5	0	0	0	0	0	0	7
Russia_Catacomb_Steppe	EUROPE_CONTROL	Russia		0	3	0	0	0	0	0	0	3
Russia_Caucasus_EBA	EUROPE_CONTROL	Russia		0	1	0	0	0	0	0	0	1
Russia_Caucasus_Eneolithic	EUROPE_CONTROL	Russia		0	0	1	0	0	0	0	0	1
Russia_Caucasus_KuraAraxes	EUROPE_CONTROL	Russia		0	1	0	0	0	0	0	0	1
Russia_Caucasus_KuraAraxes-2	EUROPE_CONTROL	Russia		0	1	0	0	0	0	0	0	1
Russia_Caucasus_MBA	EUROPE_CONTROL	Russia		0	4	0	0	0	0	0	0	4
Russia_Caucasus_Maikop	EUROPE_CONTROL	Russia		0	1	0	0	0	0	0	0	1
Russia_ChalmnyVarre_Historic	EUROPE_CONTROL	Russia		2	0	0	0	0	0	0	0	2
Russia_Chechnya_Roman_MigrationPeriod	EUROPE_CONTROL	Russia		1	0	0	0	0	0	0	0	1
Russia_Chelyabinsk_BA	EUROPE_CONTROL	Russia		0	30	0	0	0	0	0	0	30
Russia_Chelyabinsk_EBA_Yamnaya	EUROPE_CONTROL	Russia		0	10	0	0	0	0	0	0	10
Russia_Chelyabinsk_Eneolithic_Kulmetovskiy	EUROPE_CONTROL	Russia		0	1	1	0	0	0	0	0	2
Russia_Chelyabinsk_Karayakupovo_Kushnarenkovo	EUROPE_CONTROL	Russia		8	0	0	0	0	0	0	0	8
Russia_Chelyabinsk_MBA_Poltavka	EUROPE_CONTROL	Russia		0	2	0	0	0	0	0	0	2
Russia_Chelyabinsk_MLBA_Sintashta	EUROPE_CONTROL	Russia		0	36	0	0	0	0	0	0	36
Russia_Chelyabinsk_MLBA_Sintashta-1	EUROPE_CONTROL	Russia		0	4	0	0	0	0	0	0	4
Russia_Chelyabinsk_MLBA_Sintashta-2	EUROPE_CONTROL	Russia		0	3	0	0	0	0	0	0	3
Russia_Chelyabinsk_MLBA_Sintashta-3	EUROPE_CONTROL	Russia		0	1	0	0	0	0	0	0	1
Russia_Chelyabinsk_N_BA	EUROPE_CONTROL	Russia		0	1	0	0	0	0	0	0	1
Russia_Chelyabinsk_Petrovka	EUROPE_CONTROL	Russia		0	3	0	0	0	0	0	0	3
Russia_Chukotka_Antiquity_OldBeringSea	EUROPE_CONTROL	Russia		2	1	0	0	0	0	0	0	3
Russia_Chukotka_EarlyModern_OldBeringSea	EUROPE_CONTROL	Russia		11	0	0	0	0	0	0	0	11
Russia_Chukotka_LN_EBA	EUROPE_CONTROL	Russia		0	1	0	0	0	0	0	0	1
Russia_Chukotka_LN_EBA-o	EUROPE_CONTROL	Russia		0	0	1	0	0	0	0	0	1
Russia_Chukotka_Medieval	EUROPE_CONTROL	Russia		1	0	0	0	0	0	0	0	1
Russia_Chukotka_OldBeringSea	EUROPE_CONTROL	Russia		8	1	0	0	0	0	0	0	9
Russia_Dagestan_EMBA	EUROPE_CONTROL	Russia		0	1	0	0	0	0	0	0	1
Russia_Denisova	EUROPE_CONTROL	Russia		0	0	0	0	0	3	0	0	3
Russia_DenisovaCave	EUROPE_CONTROL	Russia		0	0	0	0	1	0	0	0	1
Russia_DenisovaCave_MPleistocene	EUROPE_CONTROL	Russia		0	0	0	0	0	0	1	0	1
Russia_Denisova_Neanderthal_Mix	EUROPE_CONTROL	Russia		0	0	0	0	0	1	0	0	1
Russia_Dubrovsky_IA_Mazunino	EUROPE_CONTROL	Russia		2	0	0	0	0	0	0	0	2
Russia_EBA_Caucasus_Yamnaya	EUROPE_CONTROL	Russia		0	3	0	0	0	0	0	0	3
Russia_EBA_Glazkovo	EUROPE_CONTROL	Russia		0	1	0	0	0	0	0	0	1
Russia_EBA_Irkutsk	EUROPE_CONTROL	Russia		0	2	0	0	0	0	0	0	2
Russia_EBA_Kalmykia_Yamnaya	EUROPE_CONTROL	Russia		0	2	0	0	0	0	0	0	2
Russia_EBA_NorthCaucasus	EUROPE_CONTROL	Russia		0	1	0	0	0	0	0	0	1
Russia_EBA_Yamnaya	EUROPE_CONTROL	Russia		0	6	0	0	0	0	0	0	6
Russia_EIA_IA_Sargatka	EUROPE_CONTROL	Russia		0	12	0	0	0	0	0	0	12
Russia_EIA_IA_Sargatka-o	EUROPE_CONTROL	Russia		0	1	0	0	0	0	0	0	1
Russia_EIA_Koban	EUROPE_CONTROL	Russia		0	5	0	0	0	0	0	0	5
Russia_EIA_LateSarmatian	EUROPE_CONTROL	Russia		0	2	0	0	0	0	0	0	2
Russia_EMA_Viking_OldRus	EUROPE_CONTROL	Russia		1	0	0	0	0	0	0	0	1
Russia_EMBA_Don_Yamnaya	EUROPE_CONTROL	Russia		0	2	0	0	0	0	0	0	2
Russia_EMBA_FatyanovoBalanovo_CordedWare_Volga	EUROPE_CONTROL	Russia		0	1	0	0	0	0	0	0	1
Russia_EN_Angara	EUROPE_CONTROL	Russia		0	0	1	0	0	0	0	0	1
Russia_EN_Kitoi	EUROPE_CONTROL	Russia		0	0	1	0	0	0	0	0	1
Russia_EarlyMedieval	EUROPE_CONTROL	Russia		1	0	0	0	0	0	0	0	1
Russia_EarlyMedieval_Viking	EUROPE_CONTROL	Russia		2	0	0	0	0	0	0	0	2
Russia_EarlyMedieval_Viking_OldRus	EUROPE_CONTROL	Russia		7	0	0	0	0	0	0	0	7
Russia_EarlyMedieval_Viking_OldRus-o	EUROPE_CONTROL	Russia		3	0	0	0	0	0	0	0	3
Russia_EarlyMedieval_Vyatichi	EUROPE_CONTROL	Russia		1	0	0	0	0	0	0	0	1
Russia_EarlySarmatian	EUROPE_CONTROL	Russia		0	4	0	0	0	0	0	0	4
Russia_EasternScythian	EUROPE_CONTROL	Russia		0	1	0	0	0	0	0	0	1
Russia_EasternScythian-o	EUROPE_CONTROL	Russia		0	1	0	0	0	0	0	0	1
Russia_Ekazhevo_IA_Alan	EUROPE_CONTROL	Russia		1	0	0	0	0	0	0	0	1
Russia_Eneolithic_Caucasus	EUROPE_CONTROL	Russia		0	1	4	0	0	0	0	0	5
Russia_Eneolithic_CaveBurials	EUROPE_CONTROL	Russia		0	1	0	0	0	0	0	0	1
Russia_Eneolithic_EBA_Caucasus	EUROPE_CONTROL	Russia		0	18	0	0	0	0	0	0	18
Russia_Eneolithic_Lyalovo	EUROPE_CONTROL	Russia		0	1	0	0	0	0	0	0	1
Russia_Eneolithic_Lyalovo-Dup	EUROPE_CONTROL	Russia		0	3	0	0	0	0	0	0	3
Russia_Eneolithic_Meshoko	EUROPE_CONTROL	Russia		0	0	1	0	0	0	0	0	1
Russia_Eneolithic_SeredniiStih_Don	EUROPE_CONTROL	Russia		0	8	3	0	0	0	0	0	11
Russia_Eneolithic_Steppe	EUROPE_CONTROL	Russia		0	0	1	0	0	0	0	0	1
Russia_Eneolithic_Volosovo	EUROPE_CONTROL	Russia		0	9	4	0	0	0	0	0	13
Russia_Eneolithic_Volosovo-Dup	EUROPE_CONTROL	Russia		0	13	2	0	0	0	0	0	15
Russia_GornoAltaisk_Afanasievo	EUROPE_CONTROL	Russia		0	3	0	0	0	0	0	0	3
Russia_IA_OldBeringSea	EUROPE_CONTROL	Russia		0	1	0	0	0	0	0	0	1
Russia_Irkutsk_BA	EUROPE_CONTROL	Russia		0	2	0	0	0	0	0	0	2
Russia_Irkutsk_BA_Irkutsk	EUROPE_CONTROL	Russia		0	2	0	0	0	0	0	0	2
Russia_Irkutsk_EBA	EUROPE_CONTROL	Russia		0	18	1	0	0	0	0	0	19
Russia_Irkutsk_EBA-o	EUROPE_CONTROL	Russia		0	2	0	0	0	0	0	0	2
Russia_Irkutsk_EBA_Glazkovo	EUROPE_CONTROL	Russia		0	2	0	0	0	0	0	0	2
Russia_Irkutsk_EN	EUROPE_CONTROL	Russia		0	0	10	0	0	0	0	0	10
Russia_Irkutsk_EN_Kitoi	EUROPE_CONTROL	Russia		0	0	2	0	0	0	0	0	2
Russia_Irkutsk_EN_Serovskaya	EUROPE_CONTROL	Russia		0	0	1	0	0	0	0	0	1
Russia_Irkutsk_Eneolithic	EUROPE_CONTROL	Russia		0	1	4	0	0	0	0	0	5
Russia_Irkutsk_Eneolithic_BA	EUROPE_CONTROL	Russia		0	1	0	0	0	0	0	0	1
Russia_Irkutsk_Glazkovo	EUROPE_CONTROL	Russia		0	2	0	0	0	0	0	0	2
Russia_Irkutsk_N	EUROPE_CONTROL	Russia		0	6	5	0	0	0	0	0	11
Russia_Irkutsk_N_Angara	EUROPE_CONTROL	Russia		0	10	2	0	0	0	0	0	12
Russia_Irkutsk_N_Angara-o	EUROPE_CONTROL	Russia		0	1	0	0	0	0	0	0	1
Russia_Irkutsk_N_Pribaikal	EUROPE_CONTROL	Russia		0	0	1	0	0	0	0	0	1
Russia_Irkutsk_Serovskaya	EUROPE_CONTROL	Russia		0	1	0	0	0	0	0	0	1
Russia_Ivanovo_BA	EUROPE_CONTROL	Russia		0	8	0	0	0	0	0	0	8
Russia_Ivanovo_BA-o	EUROPE_CONTROL	Russia		0	1	0	0	0	0	0	0	1
Russia_Ivanovo_EMBA	EUROPE_CONTROL	Russia		0	1	0	0	0	0	0	0	1
Russia_Ivanovo_EarlyMedieval	EUROPE_CONTROL	Russia		4	0	0	0	0	0	0	0	4
Russia_Ivanovo_Eneolithic_Volosovo	EUROPE_CONTROL	Russia		0	3	1	0	0	0	0	0	4
Russia_Ivanovo_Eneolithic_Volosovo_Lyalovo	EUROPE_CONTROL	Russia		0	0	4	0	0	0	0	0	4
Russia_Ivanovo_LN	EUROPE_CONTROL	Russia		0	0	1	0	0	0	0	0	1
Russia_Ivanovo_LN-Dup	EUROPE_CONTROL	Russia		0	0	1	0	0	0	0	0	1
Russia_Ivanovo_LN_Lyalovo	EUROPE_CONTROL	Russia		0	0	5	0	0	0	0	0	5
Russia_Ivanovo_LN_Lyalovo-Dup	EUROPE_CONTROL	Russia		0	0	6	0	0	0	0	0	6
Russia_Ivanovo_MLBA_CordedWare_Fatyanovo	EUROPE_CONTROL	Russia		0	2	0	0	0	0	0	0	2
Russia_Ivanovo_Medieval	EUROPE_CONTROL	Russia		6	0	0	0	0	0	0	0	6
Russia_KabardinoBalkaria_Maikop	EUROPE_CONTROL	Russia		0	1	0	0	0	0	0	0	1
Russia_Kalmykia_EBA_Yamnaya	EUROPE_CONTROL	Russia		0	30	0	0	0	0	0	0	30
Russia_Kalmykia_EBA_Yamnaya-1	EUROPE_CONTROL	Russia		0	1	0	0	0	0	0	0	1
Russia_Kalmykia_EMBA_EasternManych	EUROPE_CONTROL	Russia		0	3	0	0	0	0	0	0	3
Russia_Kalmykia_EMBA_Yamnaya	EUROPE_CONTROL	Russia		0	1	0	0	0	0	0	0	1
Russia_Kalmykia_Eneolithic	EUROPE_CONTROL	Russia		0	0	1	0	0	0	0	0	1
Russia_Kalmykia_Medieval_Modern	EUROPE_CONTROL	Russia		1	0	0	0	0	0	0	0	1
Russia_Kalmykia_Medieval_Modern-2	EUROPE_CONTROL	Russia		1	0	0	0	0	0	0	0	1
Russia_KamchatkaKrai_IA	EUROPE_CONTROL	Russia		3	0	0	0	0	0	0	0	3
Russia_Karasuk	EUROPE_CONTROL	Russia		0	5	0	0	0	0	0	0	5
Russia_Karasuk-1	EUROPE_CONTROL	Russia		0	1	0	0	0	0	0	0	1
Russia_Karasuk-oAegean	EUROPE_CONTROL	Russia		0	2	0	0	0	0	0	0	2
Russia_Karelia_Mesolithic	EUROPE_CONTROL	Russia		0	0	16	0	0	0	0	0	16
Russia_Karelia_Mesolithic_HG	EUROPE_CONTROL	Russia		0	0	5	0	0	0	0	0	5
Russia_KemerovoOblastKuzbass_N	EUROPE_CONTROL	Russia		0	0	3	0	0	0	0	0	3
Russia_Khakassia_Afanasievo	EUROPE_CONTROL	Russia		0	27	0	0	0	0	0	0	27
Russia_Khakassia_Afanasievo_Khakassia	EUROPE_CONTROL	Russia		0	3	0	0	0	0	0	0	3
Russia_Khakassia_Afanasievo_Yenisei	EUROPE_CONTROL	Russia		0	1	0	0	0	0	0	0	1
Russia_Khakassia_EBA_Afanasievo	EUROPE_CONTROL	Russia		0	1	0	0	0	0	0	0	1
Russia_Khakassia_EBA_Afanasievo-oOkunevo	EUROPE_CONTROL	Russia		0	3	0	0	0	0	0	0	3
Russia_Khakassia_EIA_TagarPeriod	EUROPE_CONTROL	Russia		0	1	0	0	0	0	0	0	1
Russia_Khakassia_Eneolithic_Afanasievo	EUROPE_CONTROL	Russia		0	3	0	0	0	0	0	0	3
Russia_Khakassia_Karasuk	EUROPE_CONTROL	Russia		0	2	0	0	0	0	0	0	2
Russia_KhantyMansiyskAutonomousOkrugUgra_HanMan	EUROPE_CONTROL	Russia		2	0	0	0	0	0	0	0	2
Russia_Khazar_Don	EUROPE_CONTROL	Russia		2	0	0	0	0	0	0	0	2
Russia_Koban	EUROPE_CONTROL	Russia		0	1	0	0	0	0	0	0	1
Russia_Kostenki_UP	EUROPE_CONTROL	Russia		0	0	0	0	2	0	0	0	2
Russia_KrasnodarKrai_LBA_Dolmen	EUROPE_CONTROL	Russia		0	1	0	0	0	0	0	0	1
Russia_KrasnodarKrai_N	EUROPE_CONTROL	Russia		0	0	1	0	0	0	0	0	1
Russia_KrasnoyarskKrai_Afanasievo	EUROPE_CONTROL	Russia		0	1	0	0	0	0	0	0	1
Russia_KrasnoyarskKrai_EBA	EUROPE_CONTROL	Russia		0	1	0	0	0	0	0	0	1
Russia_KrasnoyarskKrai_EBA_Glazkovo	EUROPE_CONTROL	Russia		0	1	0	0	0	0	0	0	1
Russia_KrasnoyarskKrai_EMBA_Samuskaya	EUROPE_CONTROL	Russia		0	4	0	0	0	0	0	0	4
Russia_KrasnoyarskKrai_LBA_IA-1	EUROPE_CONTROL	Russia		0	1	0	0	0	0	0	0	1
Russia_KrasnoyarskKrai_LBA_Karasuk_Yenisei	EUROPE_CONTROL	Russia		0	2	0	0	0	0	0	0	2
Russia_KrasnoyarskKrai_LN	EUROPE_CONTROL	Russia		0	0	1	0	0	0	0	0	1
Russia_KrasnoyarskKrai_LN_Yenisei-Dup	EUROPE_CONTROL	Russia		0	2	0	0	0	0	0	0	2
Russia_KrasnoyarskKrai_MLBA	EUROPE_CONTROL	Russia		0	20	0	0	0	0	0	0	20
Russia_KrasnoyarskKrai_MLBA-o	EUROPE_CONTROL	Russia		0	1	0	0	0	0	0	0	1
Russia_KrasnoyarskKrai_MLBA_Andronovo	EUROPE_CONTROL	Russia		0	4	0	0	0	0	0	0	4
Russia_KrasnoyarskKrai_N	EUROPE_CONTROL	Russia		0	0	4	0	0	0	0	0	4
Russia_KrasnoyarskKrai_N_Angara	EUROPE_CONTROL	Russia		0	1	1	0	0	0	0	0	2
Russia_Kurgan_EIA_IA	EUROPE_CONTROL	Russia		0	4	0	0	0	0	0	0	4
Russia_Kurgan_Eneolithic_CombWare	EUROPE_CONTROL	Russia		0	1	0	0	0	0	0	0	1
Russia_Kurgan_N	EUROPE_CONTROL	Russia		0	0	1	0	0	0	0	0	1
Russia_LBA_Mezhovka	EUROPE_CONTROL	Russia		0	2	0	0	0	0	0	0	2
Russia_LIA_Tashtyk	EUROPE_CONTROL	Russia		1	0	0	0	0	0	0	0	1
Russia_LateMaikop	EUROPE_CONTROL	Russia		0	2	0	0	0	0	0	0	2
Russia_LateMaikop_Caucasus	EUROPE_CONTROL	Russia		0	3	0	0	0	0	0	0	3
Russia_LateSarmatian	EUROPE_CONTROL	Russia		5	0	0	0	0	0	0	0	5
Russia_Lipetsk_N_Don	EUROPE_CONTROL	Russia		0	0	1	0	0	0	0	0	1
Russia_MBA_Catacomb-o	EUROPE_CONTROL	Russia		0	1	0	0	0	0	0	0	1
Russia_MBA_Catacomb_Don	EUROPE_CONTROL	Russia		0	1	0	0	0	0	0	0	1
Russia_MBA_Caucasus	EUROPE_CONTROL	Russia		0	39	0	0	0	0	0	0	39
Russia_MLBA_Caucasus	EUROPE_CONTROL	Russia		0	27	0	0	0	0	0	0	27
Russia_MLBA_Sintashta	EUROPE_CONTROL	Russia		0	3	0	0	0	0	0	0	3
Russia_Maikop	EUROPE_CONTROL	Russia		0	1	0	0	0	0	0	0	1
Russia_Maikop_Steppe	EUROPE_CONTROL	Russia		0	1	0	0	0	0	0	0	1
Russia_Maikop_Steppe-2	EUROPE_CONTROL	Russia		0	2	0	0	0	0	0	0	2
Russia_Medieval_Caucasus	EUROPE_CONTROL	Russia		3	0	0	0	0	0	0	0	3
Russia_Medieval_Kusnarenkovo_Karajakupovo	EUROPE_CONTROL	Russia		1	0	0	0	0	0	0	0	1
Russia_Medieval_Nomad	EUROPE_CONTROL	Russia		1	0	0	0	0	0	0	0	1
Russia_Medieval_OldRus	EUROPE_CONTROL	Russia		1	0	0	0	0	0	0	0	1
Russia_MigrationPeriod_RyazanOka	EUROPE_CONTROL	Russia		1	0	0	0	0	0	0	0	1
Russia_Mordovia_Eneolithic_Ekaterinovka	EUROPE_CONTROL	Russia		0	1	0	0	0	0	0	0	1
Russia_Moscow_BA	EUROPE_CONTROL	Russia		0	2	0	0	0	0	0	0	2
Russia_Moscow_EMBA	EUROPE_CONTROL	Russia		0	1	0	0	0	0	0	0	1
Russia_Moscow_Mesolithic	EUROPE_CONTROL	Russia		0	0	2	0	0	0	0	0	2
Russia_Murmansk_MBA	EUROPE_CONTROL	Russia		0	4	0	0	0	0	0	0	4
Russia_N_Volosovo_Lyalovo	EUROPE_CONTROL	Russia		0	0	1	0	0	0	0	0	1
Russia_Novosibirsk_BA	EUROPE_CONTROL	Russia		0	1	0	0	0	0	0	0	1
Russia_Novosibirsk_EBA	EUROPE_CONTROL	Russia		0	1	0	0	0	0	0	0	1
Russia_Novosibirsk_Eneolithic	EUROPE_CONTROL	Russia		0	1	1	0	0	0	0	0	2
Russia_Novosibirsk_LBA	EUROPE_CONTROL	Russia		0	1	0	0	0	0	0	0	1
Russia_Novosibirsk_LN	EUROPE_CONTROL	Russia		0	0	1	0	0	0	0	0	1
Russia_Novosibirsk_MLBA	EUROPE_CONTROL	Russia		0	1	0	0	0	0	0	0	1
Russia_Novosibirsk_Mesolithic	EUROPE_CONTROL	Russia		0	0	1	0	0	0	0	0	1
Russia_Novosibirsk_N	EUROPE_CONTROL	Russia		0	0	12	0	0	0	0	0	12
Russia_Novosibirsk_N-1	EUROPE_CONTROL	Russia		0	0	1	0	0	0	0	0	1
Russia_OldBeringSea_Antiquity	EUROPE_CONTROL	Russia		1	0	0	0	0	0	0	0	1
Russia_OldBeringSea_Antiquity_OldBeringSea	EUROPE_CONTROL	Russia		0	1	0	0	0	0	0	0	1
Russia_Omsk_EBA_Okunevsky	EUROPE_CONTROL	Russia		0	5	0	0	0	0	0	0	5
Russia_Omsk_EIA_Irtysh_Sargatka	EUROPE_CONTROL	Russia		0	2	0	0	0	0	0	0	2
Russia_Omsk_EMBA_Irtysh_SeimaTurbino	EUROPE_CONTROL	Russia		0	2	0	0	0	0	0	0	2
Russia_Omsk_EMBA_Irtysh_SeimaTurbino-1	EUROPE_CONTROL	Russia		0	3	0	0	0	0	0	0	3
Russia_Omsk_EMBA_Irtysh_SeimaTurbino-2	EUROPE_CONTROL	Russia		0	4	0	0	0	0	0	0	4
Russia_Omsk_EMBA_Irtysh_SeimaTurbino-3	EUROPE_CONTROL	Russia		0	1	0	0	0	0	0	0	1
Russia_Omsk_EMBA_Irtysh_SeimaTurbino-oEastAsia	EUROPE_CONTROL	Russia		0	1	0	0	0	0	0	0	1
Russia_Omsk_EMBA_Irtysh_SeimaTurbino-oYamnaya	EUROPE_CONTROL	Russia		0	1	0	0	0	0	0	0	1
Russia_Omsk_Eneolithic	EUROPE_CONTROL	Russia		0	8	1	0	0	0	0	0	9
Russia_Omsk_Eneolithic-2	EUROPE_CONTROL	Russia		0	1	1	0	0	0	0	0	2
Russia_Omsk_Eneolithic_Chernoozersky	EUROPE_CONTROL	Russia		0	10	0	0	0	0	0	0	10
Russia_Omsk_Eneolithic_Chernoozersky-2	EUROPE_CONTROL	Russia		0	0	2	0	0	0	0	0	2
Russia_Omsk_Eneolithic_Okunevsky	EUROPE_CONTROL	Russia		0	4	0	0	0	0	0	0	4
Russia_Omsk_HanMan	EUROPE_CONTROL	Russia		8	0	0	0	0	0	0	0	8
Russia_Omsk_HanMan-o	EUROPE_CONTROL	Russia		1	0	0	0	0	0	0	0	1
Russia_Omsk_IA-1	EUROPE_CONTROL	Russia		0	1	0	0	0	0	0	0	1
Russia_Omsk_IA-2	EUROPE_CONTROL	Russia		0	1	0	0	0	0	0	0	1
Russia_Omsk_IA-3	EUROPE_CONTROL	Russia		0	1	0	0	0	0	0	0	1
Russia_Omsk_IA_Irmenskaya	EUROPE_CONTROL	Russia		0	1	0	0	0	0	0	0	1
Russia_Omsk_IA_Irmenskaya-o	EUROPE_CONTROL	Russia		0	1	0	0	0	0	0	0	1
Russia_Omsk_LN	EUROPE_CONTROL	Russia		0	0	2	0	0	0	0	0	2
Russia_Omsk_LateAntiquity_Chernoozersky	EUROPE_CONTROL	Russia		1	0	0	0	0	0	0	0	1
Russia_Omsk_Modern_Chernoozersky	EUROPE_CONTROL	Russia		2	0	0	0	0	0	0	0	2
Russia_Omsk_N	EUROPE_CONTROL	Russia		0	0	2	0	0	0	0	0	2
Russia_Omsk_N-o	EUROPE_CONTROL	Russia		0	1	0	0	0	0	0	0	1
Russia_Orenburg_EBA_Yamnaya	EUROPE_CONTROL	Russia		0	16	0	0	0	0	0	0	16
Russia_Orenburg_EarlySarmatian	EUROPE_CONTROL	Russia		0	2	0	0	0	0	0	0	2
Russia_Orenburg_Mesolithic-1	EUROPE_CONTROL	Russia		0	0	2	0	0	0	0	0	2
Russia_Orenburg_N	EUROPE_CONTROL	Russia		0	0	1	0	0	0	0	0	1
Russia_PermKrai_EarlyMedieval_Nevolino	EUROPE_CONTROL	Russia		1	0	0	0	0	0	0	0	1
Russia_PrimorskyKrai_AmurRiver_N	EUROPE_CONTROL	Russia		0	0	6	0	0	0	0	0	6
Russia_PrimorskyKrai_IA_Yankovsky	EUROPE_CONTROL	Russia		0	1	0	0	0	0	0	0	1
Russia_PrimorskyKrai_MN	EUROPE_CONTROL	Russia		0	5	1	0	0	0	0	0	6
Russia_PrimorskyKrai_MN_Boisman	EUROPE_CONTROL	Russia		0	1	12	0	0	0	0	0	13
Russia_PrimorskyKrai_N	EUROPE_CONTROL	Russia		0	0	1	0	0	0	0	0	1
Russia_Roman_RyazanOka	EUROPE_CONTROL	Russia		8	0	0	0	0	0	0	0	8
Russia_Roman_TarandGraves	EUROPE_CONTROL	Russia		6	0	0	0	0	0	0	0	6
Russia_Rostov_BA_EarlyCatacomb	EUROPE_CONTROL	Russia		0	1	0	0	0	0	0	0	1
Russia_Rostov_BA_LateYamnaya	EUROPE_CONTROL	Russia		0	1	0	0	0	0	0	0	1
Russia_Rostov_BA_WestManychCatacomb	EUROPE_CONTROL	Russia		0	1	0	0	0	0	0	0	1
Russia_Rostov_EBA_Don_Yamnaya	EUROPE_CONTROL	Russia		0	25	0	0	0	0	0	0	25
Russia_Rostov_EBA_Don_Yamnaya-1	EUROPE_CONTROL	Russia		0	1	0	0	0	0	0	0	1
Russia_Rostov_EBA_Don_Yamnaya-3	EUROPE_CONTROL	Russia		0	1	0	0	0	0	0	0	1
Russia_Rostov_EBA_Srubnaya-1	EUROPE_CONTROL	Russia		0	1	0	0	0	0	0	0	1
Russia_Rostov_EBA_Yamnaya	EUROPE_CONTROL	Russia		0	16	0	0	0	0	0	0	16
Russia_Rostov_EBA_Yamnaya-o	EUROPE_CONTROL	Russia		0	9	0	0	0	0	0	0	9
Russia_Rostov_EMBA_Don_Yamnaya	EUROPE_CONTROL	Russia		0	5	0	0	0	0	0	0	5
Russia_Rostov_Eneolithic	EUROPE_CONTROL	Russia		0	0	1	0	0	0	0	0	1
Russia_Rostov_Eneolithic-2	EUROPE_CONTROL	Russia		0	0	2	0	0	0	0	0	2
Russia_Rostov_Eneolithic_Steppe	EUROPE_CONTROL	Russia		0	2	0	0	0	0	0	0	2
Russia_Rostov_MBA_Catacomb	EUROPE_CONTROL	Russia		0	1	0	0	0	0	0	0	1
Russia_Rostovka_EMBA_Irtysh_SeimaTurbino	EUROPE_CONTROL	Russia		0	9	0	0	0	0	0	0	9
Russia_Sakha_BA_Yakutia	EUROPE_CONTROL	Russia		0	1	0	0	0	0	0	0	1
Russia_Sakha_Belkachi	EUROPE_CONTROL	Russia		0	1	0	0	0	0	0	0	1
Russia_Sakha_EN	EUROPE_CONTROL	Russia		0	0	1	0	0	0	0	0	1
Russia_Sakha_LN	EUROPE_CONTROL	Russia		0	3	0	0	0	0	0	0	3
Russia_Sakha_LN_Ymyakhtakh	EUROPE_CONTROL	Russia		0	1	0	0	0	0	0	0	1
Russia_Sakha_Medieval	EUROPE_CONTROL	Russia		1	0	0	0	0	0	0	0	1
Russia_Sakha_Mesolithic	EUROPE_CONTROL	Russia		0	0	2	0	0	0	0	0	2
Russia_Sakha_N_Yakutia	EUROPE_CONTROL	Russia		0	0	1	0	0	0	0	0	1
Russia_SaltovoMayaki	EUROPE_CONTROL	Russia		1	0	0	0	0	0	0	0	1
Russia_Samara_EBA_IA_c_Yamnaya	EUROPE_CONTROL	Russia		0	1	0	0	0	0	0	0	1
Russia_Samara_EBA_Yamnaya	EUROPE_CONTROL	Russia		0	46	0	0	0	0	0	0	46
Russia_Samara_EN_Mesolithic	EUROPE_CONTROL	Russia		0	0	3	0	0	0	0	0	3
Russia_Samara_Eneolithic	EUROPE_CONTROL	Russia		0	5	3	0	0	0	0	0	8
Russia_Samara_Eneolithic-o	EUROPE_CONTROL	Russia		0	2	0	0	0	0	0	0	2
Russia_Samara_Eneolithic_Ekaterinovka	EUROPE_CONTROL	Russia		0	0	42	0	0	0	0	0	42
Russia_Samara_Eneolithic_Ekaterinovka-o	EUROPE_CONTROL	Russia		0	0	2	0	0	0	0	0	2
Russia_Samara_Eneolithic_Khvalynsk	EUROPE_CONTROL	Russia		0	0	1	0	0	0	0	0	1
Russia_Samara_Eneolithic_Syezzheye	EUROPE_CONTROL	Russia		0	0	9	0	0	0	0	0	9
Russia_Samara_Khazar	EUROPE_CONTROL	Russia		8	0	0	0	0	0	0	0	8
Russia_Samara_Khazar-1	EUROPE_CONTROL	Russia		1	0	0	0	0	0	0	0	1
Russia_Samara_Khazar-3	EUROPE_CONTROL	Russia		1	0	0	0	0	0	0	0	1
Russia_Samara_Khazar-4	EUROPE_CONTROL	Russia		2	0	0	0	0	0	0	0	2
Russia_Samara_Khazar-oEastAsia	EUROPE_CONTROL	Russia		1	0	0	0	0	0	0	0	1
Russia_Samara_LBA_Srubnaya	EUROPE_CONTROL	Russia		0	11	0	0	0	0	0	0	11
Russia_Samara_LBA_Srubnaya-1	EUROPE_CONTROL	Russia		0	1	0	0	0	0	0	0	1
Russia_Samara_LBA_Srubnaya_Daunian	EUROPE_CONTROL	Russia		0	1	0	0	0	0	0	0	1
Russia_Samara_LateEneolithic	EUROPE_CONTROL	Russia		0	1	0	0	0	0	0	0	1
Russia_Samara_MBA_Poltavka	EUROPE_CONTROL	Russia		0	5	0	0	0	0	0	0	5
Russia_Samara_MBA_Poltavka-2	EUROPE_CONTROL	Russia		0	1	0	0	0	0	0	0	1
Russia_Samara_MBA_Poltavka-oEEF	EUROPE_CONTROL	Russia		0	2	0	0	0	0	0	0	2
Russia_Samara_MBA_Potapovka	EUROPE_CONTROL	Russia		0	2	0	0	0	0	0	0	2
Russia_Samara_MBA_Potapovka-2	EUROPE_CONTROL	Russia		0	1	0	0	0	0	0	0	1
Russia_Samara_MLBA_Potapovka	EUROPE_CONTROL	Russia		0	1	0	0	0	0	0	0	1
Russia_Samara_MLBA_Potapovka-1	EUROPE_CONTROL	Russia		0	1	0	0	0	0	0	0	1
Russia_Saratov_EBA_IA_c_Yamnaya	EUROPE_CONTROL	Russia		0	2	0	0	0	0	0	0	2
Russia_Saratov_Eneolithic	EUROPE_CONTROL	Russia		0	0	9	0	0	0	0	0	9
Russia_Saratov_Eneolithic_Khvalynsk	EUROPE_CONTROL	Russia		0	0	46	0	0	0	0	0	46
Russia_Saratov_Scythian	EUROPE_CONTROL	Russia		0	2	0	0	0	0	0	0	2
Russia_Sarmatian	EUROPE_CONTROL	Russia		0	8	0	0	0	0	0	0	8
Russia_Sidelkino2_Mesolithic-Dup	EUROPE_CONTROL	Russia		0	0	1	0	0	0	0	0	1
Russia_StavropolKrai_BA	EUROPE_CONTROL	Russia		0	1	0	0	0	0	0	0	1
Russia_StavropolKrai_BA_Steppe_Lola	EUROPE_CONTROL	Russia		0	1	0	0	0	0	0	0	1
Russia_StavropolKrai_Caucasus_EBA	EUROPE_CONTROL	Russia		0	1	0	0	0	0	0	0	1
Russia_StavropolKrai_EBA-o	EUROPE_CONTROL	Russia		0	1	0	0	0	0	0	0	1
Russia_StavropolKrai_EBA_Yamnaya	EUROPE_CONTROL	Russia		0	5	0	0	0	0	0	0	5
Russia_StavropolKrai_Eneolithic	EUROPE_CONTROL	Russia		0	2	1	0	0	0	0	0	3
Russia_StavropolKrai_Eneolithic_Steppe	EUROPE_CONTROL	Russia		0	0	2	0	0	0	0	0	2
Russia_StavropolKrai_MLBA	EUROPE_CONTROL	Russia		0	1	0	0	0	0	0	0	1
Russia_Steppe_Catacomb	EUROPE_CONTROL	Russia		0	1	0	0	0	0	0	0	1
Russia_Steppe_Maikop	EUROPE_CONTROL	Russia		0	2	0	0	0	0	0	0	2
Russia_Steppe_Maikop-o	EUROPE_CONTROL	Russia		0	2	0	0	0	0	0	0	2
Russia_Sunghir_UP	EUROPE_CONTROL	Russia		0	0	0	0	4	0	0	0	4
Russia_Sverdlovsk_Gamayun	EUROPE_CONTROL	Russia		0	0	1	0	0	0	0	0	1
Russia_Tagar	EUROPE_CONTROL	Russia		0	8	0	0	0	0	0	0	8
Russia_Tatarstan_EIA1_Ananyino	EUROPE_CONTROL	Russia		0	1	0	0	0	0	0	0	1
Russia_Tatarstan_EarlyMedieval	EUROPE_CONTROL	Russia		1	0	0	0	0	0	0	0	1
Russia_Tatarstan_EarlyMedieval_EarlyBulgar	EUROPE_CONTROL	Russia		6	0	0	0	0	0	0	0	6
Russia_Tatarstan_EarlyMedieval_Karayakupovo	EUROPE_CONTROL	Russia		5	0	0	0	0	0	0	0	5
Russia_Tatarstan_EarlyMedieval_Karayakupovo_Kushnarenkovo	EUROPE_CONTROL	Russia		2	0	0	0	0	0	0	0	2
Russia_Tatarstan_Eneolithic	EUROPE_CONTROL	Russia		0	1	23	0	0	0	0	0	24
Russia_Tatarstan_LBA_Maklasheevka	EUROPE_CONTROL	Russia		0	1	0	0	0	0	0	0	1
Russia_Tatarstan_LBA_Srubnaya	EUROPE_CONTROL	Russia		0	2	0	0	0	0	0	0	2
Russia_Tatarstan_Medieval_EarlyChiyalik	EUROPE_CONTROL	Russia		8	0	0	0	0	0	0	0	8
Russia_Tatarstan_Medieval_Modern	EUROPE_CONTROL	Russia		1	0	0	0	0	0	0	0	1
Russia_Tatarstan_Roman_Mazunino	EUROPE_CONTROL	Russia		2	0	0	0	0	0	0	0	2
Russia_Tuva_IA_AldyBel	EUROPE_CONTROL	Russia		0	2	0	0	0	0	0	0	2
Russia_Tver_BA	EUROPE_CONTROL	Russia		0	2	0	0	0	0	0	0	2
Russia_Tver_EMBA	EUROPE_CONTROL	Russia		0	1	0	0	0	0	0	0	1
Russia_Tyumen_EIA_Sargatka	EUROPE_CONTROL	Russia		2	0	0	0	0	0	0	0	2
Russia_Tyumen_EN	EUROPE_CONTROL	Russia		0	0	1	0	0	0	0	0	1
Russia_Tyumen_EN_Mesolithic	EUROPE_CONTROL	Russia		0	0	3	0	0	0	0	0	3
Russia_Tyumen_HanMan	EUROPE_CONTROL	Russia		1	0	0	0	0	0	0	0	1
Russia_Tyumen_Medieval_Alakul	EUROPE_CONTROL	Russia		1	0	0	0	0	0	0	0	1
Russia_Tyumen_N	EUROPE_CONTROL	Russia		0	0	1	0	0	0	0	0	1
Russia_Tyumen_N_HG	EUROPE_CONTROL	Russia		0	0	1	0	0	0	0	0	1
Russia_Udmurtia_EIA2_Roman_PyanyBor_Mazunino	EUROPE_CONTROL	Russia		1	0	0	0	0	0	0	0	1
Russia_Udmurtia_EarlyMedieval	EUROPE_CONTROL	Russia		1	0	0	0	0	0	0	0	1
Russia_Udmurtia_EarlyMedieval-oEastAsia	EUROPE_CONTROL	Russia		1	0	0	0	0	0	0	0	1
Russia_Udmurtia_EarlyMedieval_Karayakupovo	EUROPE_CONTROL	Russia		1	0	0	0	0	0	0	0	1
Russia_Udmurtia_EarlyMedieval_Nevolino	EUROPE_CONTROL	Russia		1	0	0	0	0	0	0	0	1
Russia_Udmurtia_Medieval_LateChiyalik	EUROPE_CONTROL	Russia		9	0	0	0	0	0	0	0	9
Russia_Udmurtia_Medieval_LateChiyalik-oEurope	EUROPE_CONTROL	Russia		1	0	0	0	0	0	0	0	1
Russia_Udmurtia_Roman_Mazunino	EUROPE_CONTROL	Russia		2	0	0	0	0	0	0	0	2
Russia_Ulyanovsk_EN	EUROPE_CONTROL	Russia		0	0	1	0	0	0	0	0	1
Russia_Ulyanovsk_Khazar-2	EUROPE_CONTROL	Russia		1	0	0	0	0	0	0	0	1
Russia_UpperVolga_Eneolithic_Volosovo	EUROPE_CONTROL	Russia		0	1	0	0	0	0	0	0	1
Russia_UralRiver_Mesolithic	EUROPE_CONTROL	Russia		0	0	1	0	0	0	0	0	1
Russia_UstIshim_IUP	EUROPE_CONTROL	Russia		0	0	0	0	1	0	0	0	1
Russia_Viking	EUROPE_CONTROL	Russia		15	0	0	0	0	0	0	0	15
Russia_Viking-o	EUROPE_CONTROL	Russia		2	0	0	0	0	0	0	0	2
Russia_Vladimir_LateMedieval_OldRus	EUROPE_CONTROL	Russia		2	0	0	0	0	0	0	0	2
Russia_Vladimir_Modern	EUROPE_CONTROL	Russia		5	0	0	0	0	0	0	0	5
Russia_Volgograd_EBA-1	EUROPE_CONTROL	Russia		0	1	0	0	0	0	0	0	1
Russia_Volgograd_EBA_Berezhnovka	EUROPE_CONTROL	Russia		0	0	6	0	0	0	0	0	6
Russia_Volgograd_EBA_IA_c_Yamnaya	EUROPE_CONTROL	Russia		0	1	0	0	0	0	0	0	1
Russia_Volgograd_EBA_Yamnaya	EUROPE_CONTROL	Russia		0	8	0	0	0	0	0	0	8
Russia_Volgograd_EBA_Yamnaya-o	EUROPE_CONTROL	Russia		0	1	0	0	0	0	0	0	1
Russia_Volgograd_Eneolithic_Berezhnovka	EUROPE_CONTROL	Russia		0	0	2	0	0	0	0	0	2
Russia_Vologda_EIA	EUROPE_CONTROL	Russia		0	1	0	0	0	0	0	0	1
Russia_Vologda_Mesolithic	EUROPE_CONTROL	Russia		0	0	23	0	0	0	0	0	23
Russia_Voronezh_N	EUROPE_CONTROL	Russia		0	0	6	0	0	0	0	0	6
Russia_Voronezh_N_Mariupol	EUROPE_CONTROL	Russia		0	0	6	0	0	0	0	0	6
Russia_XiongnuPeriod	EUROPE_CONTROL	Russia		1	0	0	0	0	0	0	0	1
Russia_YanaRiver_UP	EUROPE_CONTROL	Russia		0	0	0	0	1	0	0	0	1
Russia_Yaroslav_EMBA	EUROPE_CONTROL	Russia		0	7	0	0	0	0	0	0	7
Russia_Yaroslav_EMBA-o	EUROPE_CONTROL	Russia		0	1	0	0	0	0	0	0	1
Russia_Yaroslavl_BA	EUROPE_CONTROL	Russia		0	2	0	0	0	0	0	0	2
Russia_Yaroslavl_EMBA	EUROPE_CONTROL	Russia		0	12	0	0	0	0	0	0	12
Russia_ZabaykalskyKrai_BA	EUROPE_CONTROL	Russia		0	1	0	0	0	0	0	0	1
Russia_ZabaykalskyKrai_Mesolithic	EUROPE_CONTROL	Russia		0	0	3	0	0	0	0	0	3
Russia_ZabaykalskyKrai_N	EUROPE_CONTROL	Russia		0	0	2	0	0	0	0	0	2
Russia_Zaboryinsky_IA_Mazunino	EUROPE_CONTROL	Russia		1	0	0	0	0	0	0	0	1
Russia_Zaragizh_MigrationPeriod_Alan	EUROPE_CONTROL	Russia		6	0	0	0	0	0	0	0	6
Russia_shoreofOkhotskSea_BA	EUROPE_CONTROL	Russia		0	2	0	0	0	0	0	0	2
Russian	EUROPE_CONTROL	Russia		27	0	0	0	0	0	0	0	27
STU	OUTGROUP	Sri Lanka		99	0	0	0	0	0	0	0	99
STU-1	OUTGROUP	Sri Lanka		2	0	0	0	0	0	0	0	2
STU-2	OUTGROUP	Sri Lanka		2	0	0	0	0	0	0	0	2
Saami	EUROPE_CONTROL	Finland		3	0	0	0	0	0	0	0	3
Saharawi	MAGHREB	Morocco		2	0	0	0	0	0	0	0	2
SaintHelena	OUTGROUP	Saint Helena		3	0	0	0	0	0	0	0	3
SaintLucia_Ceramic	OUTGROUP	Saint Lucia		9	0	0	0	0	0	0	0	9
SaintMartin_Colonial_African	OUTGROUP	Sint Maarten		3	0	0	0	0	0	0	0	3
Samaritan	LEVANT	Israel		1	0	0	0	0	0	0	0	1
Sardinian	EUROPE_CONTROL	Italy	SARDINIA	31	0	0	0	0	0	0	0	31
Scotland_BellBeaker	EUROPE_CONTROL	United Kingdom		0	2	0	0	0	0	0	0	2
Scotland_EBA_C	EUROPE_CONTROL	United Kingdom		0	8	0	0	0	0	0	0	8
Scotland_EBA_C-oEEF	EUROPE_CONTROL	United Kingdom		0	1	0	0	0	0	0	0	1
Scotland_EBA_C-ohighEEF	EUROPE_CONTROL	United Kingdom		0	1	0	0	0	0	0	0	1
Scotland_EBA_C_mediumhighEEF-omediumhighEEF	EUROPE_CONTROL	United Kingdom		0	1	0	0	0	0	0	0	1
Scotland_EIA	EUROPE_CONTROL	United Kingdom		0	2	0	0	0	0	0	0	2
Scotland_EarlyMedieval	EUROPE_CONTROL	United Kingdom		1	0	0	0	0	0	0	0	1
Scotland_EarlyMedieval_Pictish	EUROPE_CONTROL	United Kingdom		2	0	0	0	0	0	0	0	2
Scotland_IA	EUROPE_CONTROL	United Kingdom		5	1	0	0	0	0	0	0	6
Scotland_LBA	EUROPE_CONTROL	United Kingdom		0	9	0	0	0	0	0	0	9
Scotland_LIA	EUROPE_CONTROL	United Kingdom		10	3	0	0	0	0	0	0	13
Scotland_LIA_MIA	EUROPE_CONTROL	United Kingdom		0	7	0	0	0	0	0	0	7
Scotland_MBA	EUROPE_CONTROL	United Kingdom		0	22	0	0	0	0	0	0	22
Scotland_MIA	EUROPE_CONTROL	United Kingdom		0	3	0	0	0	0	0	0	3
Scotland_Mesolithic	EUROPE_CONTROL	United Kingdom		0	0	1	0	0	0	0	0	1
Scotland_N	EUROPE_CONTROL	United Kingdom		0	65	0	0	0	0	0	0	65
Scotland_N-olowEEF	EUROPE_CONTROL	United Kingdom		0	6	0	0	0	0	0	0	6
Scotland_N_mediumlowEEF-omediumlowEEF	EUROPE_CONTROL	United Kingdom		0	5	0	0	0	0	0	0	5
Scotland_Orkney_Mine_Howe_IA	EUROPE_CONTROL	United Kingdom		2	0	0	0	0	0	0	0	2
Scotland_RaschoilleCave_N	EUROPE_CONTROL	United Kingdom		0	1	0	0	0	0	0	0	1
Scotland_Viking	EUROPE_CONTROL	United Kingdom		7	0	0	0	0	0	0	0	7
Scotland_Viking-o	EUROPE_CONTROL	United Kingdom		3	0	0	0	0	0	0	0	3
Scottish	EUROPE_CONTROL	United Kingdom		3	0	0	0	0	0	0	0	3
Serbia_BA-o	EUROPE_CONTROL	Serbia	BALKANS	0	1	0	0	0	0	0	0	1
Serbia_BA_Maros	EUROPE_CONTROL	Serbia	BALKANS	0	5	0	0	0	0	0	0	5
Serbia_C_BA_Bodrogkeresztur_Tiszapolgar	EUROPE_CONTROL	Serbia	BALKANS	0	0	2	0	0	0	0	0	2
Serbia_EBA_Maros	EUROPE_CONTROL	Serbia	BALKANS	0	29	0	0	0	0	0	0	29
Serbia_EBA_Maros-oAegean	EUROPE_CONTROL	Serbia	BALKANS	0	2	0	0	0	0	0	0	2
Serbia_EBA_Yamnaya	EUROPE_CONTROL	Serbia	BALKANS	0	2	0	0	0	0	0	0	2
Serbia_EMN	EUROPE_CONTROL	Serbia	BALKANS	0	0	1	0	0	0	0	0	1
Serbia_EN	EUROPE_CONTROL	Serbia	BALKANS	0	0	6	0	0	0	0	0	6
Serbia_EN_Starcevo	EUROPE_CONTROL	Serbia	BALKANS	0	0	9	0	0	0	0	0	9
Serbia_EN_Starcevo-o	EUROPE_CONTROL	Serbia	BALKANS	0	0	2	0	0	0	0	0	2
Serbia_EarlyMedieval_Byzantine_Slav	EUROPE_CONTROL	Serbia	BALKANS	5	0	0	0	0	0	0	0	5
Serbia_Gepids	EUROPE_CONTROL	Serbia	BALKANS	2	0	0	0	0	0	0	0	2
Serbia_ImperialRoman	EUROPE_CONTROL	Serbia	BALKANS	26	0	0	0	0	0	0	0	26
Serbia_ImperialRoman-oAfrica	EUROPE_CONTROL	Serbia	BALKANS	1	0	0	0	0	0	0	0	1
Serbia_ImperialRoman_African	EUROPE_CONTROL	Serbia	BALKANS	1	0	0	0	0	0	0	0	1
Serbia_ImperialRoman_Elite_Roman	EUROPE_CONTROL	Serbia	BALKANS	6	0	0	0	0	0	0	0	6
Serbia_ImperialRoman_Roman	EUROPE_CONTROL	Serbia	BALKANS	1	0	0	0	0	0	0	0	1
Serbia_ImperialRoman_Roman-oLevant	EUROPE_CONTROL	Serbia	BALKANS	1	0	0	0	0	0	0	0	1
Serbia_IronGates_ImperialRoman	EUROPE_CONTROL	Serbia	BALKANS	1	0	0	0	0	0	0	0	1
Serbia_IronGates_MBA	EUROPE_CONTROL	Serbia	BALKANS	0	2	0	0	0	0	0	0	2
Serbia_IronGates_Mesolithic	EUROPE_CONTROL	Serbia	BALKANS	0	0	72	0	0	0	0	0	72
Serbia_IronGates_Mesolithic-o	EUROPE_CONTROL	Serbia	BALKANS	0	0	2	0	0	0	0	0	2
Serbia_IronGates_Mesolithic-oHighEEF	EUROPE_CONTROL	Serbia	BALKANS	0	0	2	0	0	0	0	0	2
Serbia_IronGates_Mesolithic-oLowEEF	EUROPE_CONTROL	Serbia	BALKANS	0	0	1	0	0	0	0	0	1
Serbia_IronGates_N	EUROPE_CONTROL	Serbia	BALKANS	0	0	2	0	0	0	0	0	2
Serbia_IronGates_N-oHG	EUROPE_CONTROL	Serbia	BALKANS	0	0	1	0	0	0	0	0	1
Serbia_LBA	EUROPE_CONTROL	Serbia	BALKANS	0	1	0	0	0	0	0	0	1
Serbia_LateAntiquity_ImperialRoman	EUROPE_CONTROL	Serbia	BALKANS	20	0	0	0	0	0	0	0	20
Serbia_LateAntiquity_ImperialRoman_Roman	EUROPE_CONTROL	Serbia	BALKANS	2	0	0	0	0	0	0	0	2
Serbia_LateAntiquity_ImperialRoman_Roman_possible	EUROPE_CONTROL	Serbia	BALKANS	2	0	0	0	0	0	0	0	2
Serbia_LateRoman	EUROPE_CONTROL	Serbia	BALKANS	1	0	0	0	0	0	0	0	1
Serbia_MN_StarcevoCris	EUROPE_CONTROL	Serbia	BALKANS	0	0	1	0	0	0	0	0	1
Serbia_Medieval	EUROPE_CONTROL	Serbia	BALKANS	4	0	0	0	0	0	0	0	4
Serbia_Medieval_Byzantine_Slav	EUROPE_CONTROL	Serbia	BALKANS	3	0	0	0	0	0	0	0	3
Serbia_MigrationPeriod_Gepids	EUROPE_CONTROL	Serbia	BALKANS	3	0	0	0	0	0	0	0	3
Serbia_MigrationPeriod_Gepids-oAegean	EUROPE_CONTROL	Serbia	BALKANS	1	0	0	0	0	0	0	0	1
Serbia_OttomanPeriod_Ottoman	EUROPE_CONTROL	Serbia	BALKANS	3	0	0	0	0	0	0	0	3
Serbia_Roman	EUROPE_CONTROL	Serbia	BALKANS	2	0	0	0	0	0	0	0	2
Serbia_Roman_LateAntiquity	EUROPE_CONTROL	Serbia	BALKANS	11	0	0	0	0	0	0	0	11
She	OUTGROUP	China		12	0	0	0	0	0	0	0	12
Sindhi_1	OUTGROUP	Pakistan		5	0	0	0	0	0	0	0	5
Sindhi_2	OUTGROUP	Pakistan		1	0	0	0	0	0	0	0	1
Sindhi_Pakistan	OUTGROUP	Pakistan		19	0	0	0	0	0	0	0	19
Slovakia_CiferPac_Medieval_Avar_Slav	EUROPE_CONTROL	Slovakia		7	0	0	0	0	0	0	0	7
Slovakia_EBA_Medieval_Nitrianska	EUROPE_CONTROL	Slovakia		1	0	0	0	0	0	0	0	1
Slovakia_EBA_Nitrianska	EUROPE_CONTROL	Slovakia		1	0	0	0	0	0	0	0	1
Slovakia_EBA_Yamnaya	EUROPE_CONTROL	Slovakia		0	1	0	0	0	0	0	0	1
Slovakia_EIA_Vekerzug	EUROPE_CONTROL	Slovakia		0	20	0	0	0	0	0	0	20
Slovakia_Gerulata_Roman	EUROPE_CONTROL	Slovakia		3	0	0	0	0	0	0	0	3
Slovakia_LIA_LaTene	EUROPE_CONTROL	Slovakia		1	4	0	0	0	0	0	0	5
Slovakia_LaTene_Roman	EUROPE_CONTROL	Slovakia		3	0	0	0	0	0	0	0	3
Slovakia_Medieval-2	EUROPE_CONTROL	Slovakia		2	0	0	0	0	0	0	0	2
Slovakia_MigrationPeriod	EUROPE_CONTROL	Slovakia		6	0	0	0	0	0	0	0	6
Slovakia_N	EUROPE_CONTROL	Slovakia		0	0	3	0	0	0	0	0	3
Slovakia_N_LBK	EUROPE_CONTROL	Slovakia		0	0	53	0	0	0	0	0	53
Slovakia_N_LBK-o	EUROPE_CONTROL	Slovakia		0	0	1	0	0	0	0	0	1
Slovakia_N_ZeliezovceGroup	EUROPE_CONTROL	Slovakia		0	0	2	0	0	0	0	0	2
Slovakia_PopradMatejovce_LateAntiquity	EUROPE_CONTROL	Slovakia		1	0	0	0	0	0	0	0	1
Slovakia_Roman	EUROPE_CONTROL	Slovakia		1	0	0	0	0	0	0	0	1
Slovakia_Yamnaya	EUROPE_CONTROL	Slovakia		0	2	0	0	0	0	0	0	2
Slovenia_EIA	EUROPE_CONTROL	Slovenia	BALKANS	0	23	0	0	0	0	0	0	23
Slovenia_LBA	EUROPE_CONTROL	Slovenia	BALKANS	0	1	0	0	0	0	0	0	1
Slovenia_LBA_EIA	EUROPE_CONTROL	Slovenia	BALKANS	0	1	0	0	0	0	0	0	1
Slovenia_MBA	EUROPE_CONTROL	Slovenia	BALKANS	0	3	0	0	0	0	0	0	3
Slovenia_MIA-oSouth	EUROPE_CONTROL	Slovenia	BALKANS	0	2	0	0	0	0	0	0	2
Slovenia_VenetiaHistria_ImperialRoman	EUROPE_CONTROL	Slovenia	BALKANS	2	0	0	0	0	0	0	0	2
Slovenia_VenetiaHistria_LateAntiquity_ImperialRoman	EUROPE_CONTROL	Slovenia	BALKANS	4	0	0	0	0	0	0	0	4
Slovenia_VenetiaHistria_LateAntiquity_ImperialRoman-oEurope	EUROPE_CONTROL	Slovenia	BALKANS	1	0	0	0	0	0	0	0	1
SolomonIslands_500BP	OUTGROUP	Solomon Islands		1	0	0	0	0	0	0	0	1
SouthAfrica_1200BP	OUTGROUP	South Africa		1	0	0	0	0	0	0	0	1
SouthAfrica_2000BP	OUTGROUP	South Africa		0	1	0	0	0	0	0	0	1
SouthAfrica_400BP	OUTGROUP	South Africa		4	0	0	0	0	0	0	0	4
SouthAfrica_CapeStFrancis_LSA	OUTGROUP	South Africa		0	1	0	0	0	0	0	0	1
SouthAfrica_GrBrakRivCave_LSA	OUTGROUP	South Africa		0	1	0	0	0	0	0	0	1
SouthAfrica_LateHolocene	OUTGROUP	South Africa		1	4	2	0	0	0	0	0	7
SouthAfrica_MatjesRiver_LSA	OUTGROUP	South Africa		0	1	0	0	0	0	0	0	1
SouthAfrica_MatjesRiver_LSA_Wilton	OUTGROUP	South Africa		0	1	1	0	0	0	0	0	2
SouthAfrica_OakhurstRockshelter_LateHolocene	OUTGROUP	South Africa		0	0	1	0	0	0	0	0	1
SouthAfrica_Springbokvlakte_Ceramic	OUTGROUP	South Africa		1	0	0	0	0	0	0	0	1
Spain_Angostura_LateMiddleAges	IBERIA	Spain		1	0	0	0	0	0	0	0	1
Spain_Antoncojo_EarlyMiddleAges	IBERIA	Spain		1	0	0	0	0	0	0	0	1
Spain_Arenas_MiddleAges	IBERIA	Spain		1	0	0	0	0	0	0	0	1
Spain_Azilian	IBERIA	Spain		0	0	1	0	0	0	0	0	1
Spain_BA	IBERIA	Spain		0	24	0	0	0	0	0	0	24
Spain_BA-oSteppe	IBERIA	Spain		0	1	0	0	0	0	0	0	1
Spain_BarrancoMajona_LateMiddleAges	IBERIA	Spain		2	0	0	0	0	0	0	0	2
Spain_C	IBERIA	Spain		0	97	0	0	0	0	0	0	97
Spain_C-oAfrica	IBERIA	Spain		0	1	0	0	0	0	0	0	1
Spain_C-oSteppe	IBERIA	Spain		0	13	0	0	0	0	0	0	13
Spain_C_IA_c	IBERIA	Spain		0	3	0	0	0	0	0	0	3
Spain_Camino_de_las_Yeseras_MigrationPeriod_Visigoth	IBERIA	Spain		2	0	0	0	0	0	0	0	2
Spain_Carolingian	IBERIA	Spain		5	0	0	0	0	0	0	0	5
Spain_Cascajo_LateMiddleAges	IBERIA	Spain		1	0	0	0	0	0	0	0	1
Spain_Classical_Greek	IBERIA	Spain		0	5	0	0	0	0	0	0	5
Spain_Classical_Greek-oAegean	IBERIA	Spain		0	1	0	0	0	0	0	0	1
Spain_Cuermeja_LateMiddleAges	IBERIA	Spain		1	0	0	0	0	0	0	0	1
Spain_EBA	IBERIA	Spain		0	70	0	0	0	0	0	0	70
Spain_EBA_African	IBERIA	Spain		0	1	0	0	0	0	0	0	1
Spain_EBA_Argar	IBERIA	Spain		0	14	0	0	0	0	0	0	14
Spain_EBA_BA_Argar	IBERIA	Spain		0	9	0	0	0	0	0	0	9
Spain_EIA_Tartessian	IBERIA	Spain		0	1	0	0	0	0	0	0	1
Spain_EN	IBERIA	Spain		0	0	19	0	0	0	0	0	19
Spain_EN-o	IBERIA	Spain		0	0	1	0	0	0	0	0	1
Spain_Early	IBERIA	Spain		0	1	0	0	0	0	0	0	1
Spain_EarlyMedieval	IBERIA	Spain		5	0	0	0	0	0	0	0	5
Spain_ElAgujero_LateMiddleAges	IBERIA	Spain		1	0	0	0	0	0	0	0	1
Spain_ElHormiguero_LateAntiquity	IBERIA	Spain		1	0	0	0	0	0	0	0	1
Spain_ElHormiguero_MiddleAges	IBERIA	Spain		2	0	0	0	0	0	0	0	2
Spain_ElPortillo_LateMiddleAges	IBERIA	Spain		1	0	0	0	0	0	0	0	1
Spain_Emirate_Islamic	IBERIA	Spain		1	0	0	0	0	0	0	0	1
Spain_Estevillas_Virgen_de_la_Torre_MigrationPeriod_Visigoth	IBERIA	Spain		3	0	0	0	0	0	0	0	3
Spain_Gerian_MiddleAges	IBERIA	Spain		1	0	0	0	0	0	0	0	1
Spain_Gravettian	IBERIA	Spain		0	0	0	0	1	0	0	0	1
Spain_Guayadeque_EarlyMiddleAges	IBERIA	Spain		1	0	0	0	0	0	0	0	1
Spain_Guayadeque_LateAntiquity	IBERIA	Spain		3	0	0	0	0	0	0	0	3
Spain_HuertodelosMorales_LateAntiquity	IBERIA	Spain		1	0	0	0	0	0	0	0	1
Spain_IA	IBERIA	Spain		0	15	0	0	0	0	0	0	15
Spain_IA-o	IBERIA	Spain		0	2	0	0	0	0	0	0	2
Spain_IA_CeltIberian	IBERIA	Spain		0	4	0	0	0	0	0	0	4
Spain_IA_CeltIberian-o	IBERIA	Spain		0	1	0	0	0	0	0	0	1
Spain_IA_Tartessian	IBERIA	Spain		0	2	0	0	0	0	0	0	2
Spain_ImperialRoman-oAegean	IBERIA	Spain		1	0	0	0	0	0	0	0	1
Spain_ImperialRoman-oAfrica	IBERIA	Spain		1	0	0	0	0	0	0	0	1
Spain_ImperialRoman-oAfrica2	IBERIA	Spain		1	0	0	0	0	0	0	0	1
Spain_ImperialRoman-oLocal	IBERIA	Spain		3	0	0	0	0	0	0	0	3
Spain_ImperialRoman-oMixed	IBERIA	Spain		3	0	0	0	0	0	0	0	3
Spain_Islamic	IBERIA	Spain		1	0	0	0	0	0	0	0	1
Spain_LBA	IBERIA	Spain		0	9	0	0	0	0	0	0	9
Spain_LBA-2	IBERIA	Spain		0	1	0	0	0	0	0	0	1
Spain_LBA_Menorca	IBERIA	Spain		0	1	0	0	0	0	0	0	1
Spain_LIA	IBERIA	Spain		0	5	0	0	0	0	0	0	5
Spain_LN_BA_LatePunic-oLNBA	IBERIA	Spain		0	2	0	0	0	0	0	0	2
Spain_LaFortaleza_LateAntiquity	IBERIA	Spain		1	0	0	0	0	0	0	0	1
Spain_LateAntiquity	IBERIA	Spain		17	0	0	0	0	0	0	0	17
Spain_LateAntiquity_Christian	IBERIA	Spain		30	0	0	0	0	0	0	0	30
Spain_LateAntiquity_ImperialRoman	IBERIA	Spain		5	0	0	0	0	0	0	0	5
Spain_LateAntiquity_ImperialRoman-oAfrica	IBERIA	Spain		2	0	0	0	0	0	0	0	2
Spain_LateAntiquity_ImperialRoman-oLocal	IBERIA	Spain		1	0	0	0	0	0	0	0	1
Spain_LateArchaic_Classical_Hellenistic	IBERIA	Spain		0	23	0	0	0	0	0	0	23
Spain_LateArchaic_Classical_Hellenistic-oAegean	IBERIA	Spain		0	6	0	0	0	0	0	0	6
Spain_LateArchaic_Classical_Hellenistic-oLocal	IBERIA	Spain		0	2	0	0	0	0	0	0	2
Spain_LatePunic	IBERIA	Spain		0	11	0	0	0	0	0	0	11
Spain_LatePunic-1	IBERIA	Spain		0	1	0	0	0	0	0	0	1
Spain_LatePunic-o	IBERIA	Spain		0	8	0	0	0	0	0	0	8
Spain_LatePunic-oAfrica	IBERIA	Spain		0	2	0	0	0	0	0	0	2
Spain_LosPasitos_MiddleAges	IBERIA	Spain		1	0	0	0	0	0	0	0	1
Spain_Los_Berrocales_MigrationPeriod_Visigoth	IBERIA	Spain		1	0	0	0	0	0	0	0	1
Spain_MBA	IBERIA	Spain		0	17	0	0	0	0	0	0	17
Spain_MLN	IBERIA	Spain		0	48	2	0	0	0	0	0	50
Spain_Magdalenian	IBERIA	Spain		0	0	0	1	0	0	0	0	1
Spain_Medieval	IBERIA	Spain		6	0	0	0	0	0	0	0	6
Spain_Medieval-oNearEast	IBERIA	Spain		1	0	0	0	0	0	0	0	1
Spain_Medieval_Islamic	IBERIA	Spain		10	0	0	0	0	0	0	0	10
Spain_Medieval_Islamic_Zira	IBERIA	Spain		3	0	0	0	0	0	0	0	3
Spain_Medieval_Visigoth	IBERIA	Spain		1	0	0	0	0	0	0	0	1
Spain_Mesolithic	IBERIA	Spain		0	0	14	0	0	0	0	0	14
Spain_MontanaMina_MiddleAges	IBERIA	Spain		1	0	0	0	0	0	0	0	1
Spain_MonterreyEstiviel_MigrationPeriod_Visigoth	IBERIA	Spain		1	0	0	0	0	0	0	0	1
Spain_NazariPeriod_African_Muslim	IBERIA	Spain		1	0	0	0	0	0	0	0	1
Spain_NazariPeriod_LateMuslim	IBERIA	Spain		2	0	0	0	0	0	0	0	2
Spain_NazariPeriod_Muslim	IBERIA	Spain		5	0	0	0	0	0	0	0	5
Spain_NazariPeriod_Muslim-o	IBERIA	Spain		1	0	0	0	0	0	0	0	1
Spain_Punic	IBERIA	Spain		0	6	0	0	0	0	0	0	6
Spain_Punic-2	IBERIA	Spain		0	2	0	0	0	0	0	0	2
Spain_Punic-oEurope	IBERIA	Spain		0	1	0	0	0	0	0	0	1
Spain_Punic_African	IBERIA	Spain		0	1	0	0	0	0	0	0	1
Spain_PuntaAzul_LateMiddleAges	IBERIA	Spain		2	0	0	0	0	0	0	0	2
Spain_PuntaAzul_MiddleAges	IBERIA	Spain		2	0	0	0	0	0	0	0	2
Spain_Roman-oAfrica1	IBERIA	Spain		1	0	0	0	0	0	0	0	1
Spain_Roman-oAfrica2	IBERIA	Spain		1	0	0	0	0	0	0	0	1
Spain_Roman-oAfrica3	IBERIA	Spain		1	0	0	0	0	0	0	0	1
Spain_Roman-oEurope	IBERIA	Spain		0	1	0	0	0	0	0	0	1
Spain_Roman-oEurope2	IBERIA	Spain		1	0	0	0	0	0	0	0	1
Spain_Roman_LateAntiquity-oAfrica	IBERIA	Spain		2	0	0	0	0	0	0	0	2
Spain_Roman_LateAntiquity-oMixed	IBERIA	Spain		1	0	0	0	0	0	0	0	1
Spain_SE_Iberia	IBERIA	Spain		0	2	0	0	0	0	0	0	2
Spain_SE_Iberia_C	IBERIA	Spain		0	20	0	0	0	0	0	0	20
Spain_SW_Iberia	IBERIA	Spain		0	1	0	0	0	0	0	0	1
Spain_SW_Iberia_BA	IBERIA	Spain		0	1	0	0	0	0	0	0	1
Spain_SW_Iberia_C	IBERIA	Spain		0	8	0	0	0	0	0	0	8
Spain_SW_Iberia_C-o	IBERIA	Spain		0	1	0	0	0	0	0	0	1
Spain_Salitre_MiddleAges	IBERIA	Spain		1	0	0	0	0	0	0	0	1
Spain_SaltoCasimiro_MiddleAges	IBERIA	Spain		1	0	0	0	0	0	0	0	1
Spain_Solutrean	IBERIA	Spain		0	0	0	0	1	0	0	0	1
Spain_UP_HG	IBERIA	Spain		0	0	0	0	1	0	0	0	1
Spain_Zapateria_EBA_Argar	IBERIA	Spain		0	1	0	0	0	0	0	0	1
Spanish	IBERIA	Spain		53	0	0	0	0	0	0	0	53
Spanish-1	IBERIA	Spain		1	0	0	0	0	0	0	0	1
Spanish_North	IBERIA	Spain		5	0	0	0	0	0	0	0	5
Sudan_Kulubnarti21R2_KulubnartiR_Christian	NORTH_AFRICA_EAST	Sudan		12	0	0	0	0	0	0	0	12
Sudan_Kulubnarti21R2_KulubnartiR_Christian-oNilotic	NORTH_AFRICA_EAST	Sudan		2	0	0	0	0	0	0	0	2
Sudan_Kulubnarti21S46_KulubnartiS_Christian	NORTH_AFRICA_EAST	Sudan		14	0	0	0	0	0	0	0	14
Sudan_KulubnartiR_Christian	NORTH_AFRICA_EAST	Sudan		11	0	0	0	0	0	0	0	11
Sudan_KulubnartiR_Christian-oNilotic	NORTH_AFRICA_EAST	Sudan		1	0	0	0	0	0	0	0	1
Sudan_KulubnartiS_Christian	NORTH_AFRICA_EAST	Sudan		22	0	0	0	0	0	0	0	22
Sudan_KulubnartiS_Christian-oNilotic	NORTH_AFRICA_EAST	Sudan		2	0	0	0	0	0	0	0	2
Sudan_KulubnartiS_Christian-oWestEurasia	NORTH_AFRICA_EAST	Sudan		1	0	0	0	0	0	0	0	1
Surui	OUTGROUP	Brazil		10	0	0	0	0	0	0	0	10
Sweden_AlbacksbackenMaglarp_EarlyRoman	EUROPE_CONTROL	Sweden		5	0	0	0	0	0	0	0	5
Sweden_AlbacksbackenMaglarp_LN	EUROPE_CONTROL	Sweden		0	5	0	0	0	0	0	0	5
Sweden_AlbacksbackenMaglarp_Roman	EUROPE_CONTROL	Sweden		4	0	0	0	0	0	0	0	4
Sweden_AlbacksbackenMaglarp_Viking	EUROPE_CONTROL	Sweden		1	0	0	0	0	0	0	0	1
Sweden_Asslerod_LN	EUROPE_CONTROL	Sweden		0	1	0	0	0	0	0	0	1
Sweden_BA	EUROPE_CONTROL	Sweden		0	3	0	0	0	0	0	0	3
Sweden_BattleAxe	EUROPE_CONTROL	Sweden		0	1	0	0	0	0	0	0	1
Sweden_Bengtstorp_EarlyRoman	EUROPE_CONTROL	Sweden		0	1	0	0	0	0	0	0	1
Sweden_C_BA	EUROPE_CONTROL	Sweden		0	3	0	0	0	0	0	0	3
Sweden_EN	EUROPE_CONTROL	Sweden		0	1	0	0	0	0	0	0	1
Sweden_EN_LateMesolithic	EUROPE_CONTROL	Sweden		0	0	1	0	0	0	0	0	1
Sweden_EarlyViking	EUROPE_CONTROL	Sweden		3	0	0	0	0	0	0	0	3
Sweden_Firsesten_Steppe-oSteppe2	EUROPE_CONTROL	Sweden		0	1	0	0	0	0	0	0	1
Sweden_Fralsegarden_EBA-oSteppe1	EUROPE_CONTROL	Sweden		0	2	0	0	0	0	0	0	2
Sweden_Fralsegarden_EBA-oSteppe2	EUROPE_CONTROL	Sweden		0	2	0	0	0	0	0	0	2
Sweden_Hojagard_IA_Jastorf	EUROPE_CONTROL	Sweden		1	0	0	0	0	0	0	0	1
Sweden_IA	EUROPE_CONTROL	Sweden		1	0	0	0	0	0	0	0	1
Sweden_IA-1	EUROPE_CONTROL	Sweden		1	0	0	0	0	0	0	0	1
Sweden_IA-2	EUROPE_CONTROL	Sweden		1	0	0	0	0	0	0	0	1
Sweden_LN	EUROPE_CONTROL	Sweden		0	5	0	0	0	0	0	0	5
Sweden_LN_EBA	EUROPE_CONTROL	Sweden		0	8	0	0	0	0	0	0	8
Sweden_LN_EBA-o	EUROPE_CONTROL	Sweden		0	1	0	0	0	0	0	0	1
Sweden_LN_Viking	EUROPE_CONTROL	Sweden		13	0	0	0	0	0	0	0	13
Sweden_Landbogarden_IA	EUROPE_CONTROL	Sweden		1	0	0	0	0	0	0	0	1
Sweden_LateMesolithic_Ertebolle	EUROPE_CONTROL	Sweden		0	0	1	0	0	0	0	0	1
Sweden_Lilla_Smedby_EarlyRoman	EUROPE_CONTROL	Sweden		1	0	0	0	0	0	0	0	1
Sweden_MN	EUROPE_CONTROL	Sweden		0	3	0	0	0	0	0	0	3
Sweden_MN_C_BA	EUROPE_CONTROL	Sweden		0	2	0	0	0	0	0	0	2
Sweden_MN_TRB	EUROPE_CONTROL	Sweden		0	1	0	0	0	0	0	0	1
Sweden_Medieval	EUROPE_CONTROL	Sweden		5	0	0	0	0	0	0	0	5
Sweden_Megalithic	EUROPE_CONTROL	Sweden		0	5	0	0	0	0	0	0	5
Sweden_Mesolithic	EUROPE_CONTROL	Sweden		0	0	4	0	0	0	0	0	4
Sweden_Mesolithic_HG	EUROPE_CONTROL	Sweden		0	0	7	0	0	0	0	0	7
Sweden_Morbylanga_LateRoman	EUROPE_CONTROL	Sweden		1	0	0	0	0	0	0	0	1
Sweden_N	EUROPE_CONTROL	Sweden		0	68	0	0	0	0	0	0	68
Sweden_N_LN	EUROPE_CONTROL	Sweden		0	2	0	0	0	0	0	0	2
Sweden_N_MN_TRB	EUROPE_CONTROL	Sweden		0	4	0	0	0	0	0	0	4
Sweden_N_possible	EUROPE_CONTROL	Sweden		0	1	0	0	0	0	0	0	1
Sweden_Nastegarden_Steppe-oSteppe2	EUROPE_CONTROL	Sweden		0	5	0	0	0	0	0	0	5
Sweden_PittedWare	EUROPE_CONTROL	Sweden		0	17	0	0	0	0	0	0	17
Sweden_PittedWare-o	EUROPE_CONTROL	Sweden		0	1	0	0	0	0	0	0	1
Sweden_PostMedieval	EUROPE_CONTROL	Sweden		12	0	0	0	0	0	0	0	12
Sweden_PreViking	EUROPE_CONTROL	Sweden		1	0	0	0	0	0	0	0	1
Sweden_Rossberga_N	EUROPE_CONTROL	Sweden		0	22	0	0	0	0	0	0	22
Sweden_Rossberga_N_HG	EUROPE_CONTROL	Sweden		0	1	0	0	0	0	0	0	1
Sweden_Rossberga_N_possible	EUROPE_CONTROL	Sweden		0	1	0	0	0	0	0	0	1
Sweden_Sorby_Storlinge_EarlyRoman	EUROPE_CONTROL	Sweden		1	0	0	0	0	0	0	0	1
Sweden_TRB	EUROPE_CONTROL	Sweden		0	2	0	0	0	0	0	0	2
Sweden_Viking	EUROPE_CONTROL	Sweden		136	0	0	0	0	0	0	0	136
Sweden_Viking-1	EUROPE_CONTROL	Sweden		3	0	0	0	0	0	0	0	3
Sweden_Viking-2	EUROPE_CONTROL	Sweden		1	0	0	0	0	0	0	0	1
Switzerland_BellBeaker	EUROPE_CONTROL	Switzerland		0	3	0	0	0	0	0	0	3
Switzerland_EBA-1	EUROPE_CONTROL	Switzerland		0	8	0	0	0	0	0	0	8
Switzerland_EBA-2	EUROPE_CONTROL	Switzerland		0	17	0	0	0	0	0	0	17
Switzerland_EBA_II-2	EUROPE_CONTROL	Switzerland		0	1	0	0	0	0	0	0	1
Switzerland_Epipaleolithic	EUROPE_CONTROL	Switzerland		0	0	0	1	0	0	0	0	1
Switzerland_LN	EUROPE_CONTROL	Switzerland		0	46	2	0	0	0	0	0	48
Switzerland_LN-o	EUROPE_CONTROL	Switzerland		0	1	0	0	0	0	0	0	1
Switzerland_LN-oSteppe	EUROPE_CONTROL	Switzerland		0	1	0	0	0	0	0	0	1
Syria_EMBA	LEVANT	Syria		0	12	0	0	0	0	0	0	12
Syria_EarlyMedieval_Byzantine_Byzantine	LEVANT	Syria		1	0	0	0	0	0	0	0	1
Syria_Medieval-oAfrica	LEVANT	Syria		1	0	0	0	0	0	0	0	1
Syria_Umayyad	LEVANT	Syria		2	0	0	0	0	0	0	0	2
TSI	EUROPE_CONTROL	Italy	ITALY	108	0	0	0	0	0	0	0	108
Taiwan_8000BP	OUTGROUP	Taiwan		0	0	2	0	0	0	0	0	2
Taiwan_EN	OUTGROUP	Taiwan		0	0	2	0	0	0	0	0	2
Taiwan_Gongguan	OUTGROUP	Taiwan		0	1	0	0	0	0	0	0	1
Taiwan_IA	OUTGROUP	Taiwan		41	0	0	0	0	0	0	0	41
Tajik	OUTGROUP	Tajikistan		3	0	0	0	0	0	0	0	3
Tajik-o	OUTGROUP	Tajikistan		1	0	0	0	0	0	0	0	1
Tajik_Pamiri	OUTGROUP	Tajikistan		2	0	0	0	0	0	0	0	2
Tajikistan_BA	OUTGROUP	Tajikistan		0	2	0	0	0	0	0	0	2
Tajikistan_BA_Farkhor	OUTGROUP	Tajikistan		0	1	0	0	0	0	0	0	1
Tajikistan_C	OUTGROUP	Tajikistan		0	3	0	0	0	0	0	0	3
Tajikistan_Khatlon_KushanPeriod	OUTGROUP	Tajikistan		1	4	0	0	0	0	0	0	5
Tajikistan_Mesolithic	OUTGROUP	Tajikistan		0	0	1	0	0	0	0	0	1
Tanzania_1300BP	EAST_AFRICA	Tanzania		2	0	0	0	0	0	0	0	2
Tanzania_1400BP	EAST_AFRICA	Tanzania		2	0	0	0	0	0	0	0	2
Tanzania_3000BP	EAST_AFRICA	Tanzania		0	1	0	0	0	0	0	0	1
Tanzania_600BP	EAST_AFRICA	Tanzania		1	0	0	0	0	0	0	0	1
Tanzania_LSA_Kisese	EAST_AFRICA	Tanzania		0	0	1	0	0	0	0	0	1
Tanzania_PastoralN	EAST_AFRICA	Tanzania		2	4	0	0	0	0	0	0	6
Tanzania_PastoralN_IA-o	EAST_AFRICA	Tanzania		0	1	0	0	0	0	0	0	1
Tanzania_PastoralN_IA-oForager	EAST_AFRICA	Tanzania		1	2	0	0	0	0	0	0	3
Tanzania_Swahili	EAST_AFRICA	Tanzania		7	0	0	0	0	0	0	0	7
Tanzania_Swahili-oNearEast	EAST_AFRICA	Tanzania		1	0	0	0	0	0	0	0	1
Tatar_Irtysh_Barabinsk	EUROPE_CONTROL	Russia		2	0	0	0	0	0	0	0	2
Tatar_Tomsk	EUROPE_CONTROL	Russia		2	0	0	0	0	0	0	0	2
Tatar_Volga	EUROPE_CONTROL	Russia		2	0	0	0	0	0	0	0	2
Teleut	EUROPE_CONTROL	Russia		2	0	0	0	0	0	0	0	2
Thai	OUTGROUP	Thailand		2	0	0	0	0	0	0	0	2
Thailand_BA	OUTGROUP	Thailand		0	3	0	0	0	0	0	0	3
Thailand_IA	OUTGROUP	Thailand		4	1	0	0	0	0	0	0	5
Thailand_IA_LogCoffin	OUTGROUP	Thailand		32	0	0	0	0	0	0	0	32
Tonga_2500BP	OUTGROUP	Tonga		0	1	0	0	0	0	0	0	1
Tonga_2700BP	OUTGROUP	Tonga		0	1	0	0	0	0	0	0	1
Tonga_800BP	OUTGROUP	Tonga		1	0	0	0	0	0	0	0	1
Tsimshian	OUTGROUP	Canada		1	0	0	0	0	0	0	0	1
Tu	OUTGROUP	China		12	0	0	0	0	0	0	0	12
Tubalar	EUROPE_CONTROL	Russia		2	0	0	0	0	0	0	0	2
Tujia	OUTGROUP	China		11	0	0	0	0	0	0	0	11
Tunisia_LN	MAGHREB	Tunisia		0	1	0	0	0	0	0	0	1
Tunisia_N	MAGHREB	Tunisia		0	0	2	0	0	0	0	0	2
Tunisia_N-1	MAGHREB	Tunisia		0	0	2	0	0	0	0	0	2
Tunisia_N-2	MAGHREB	Tunisia		0	0	3	0	0	0	0	0	3
Tunisia_Punic	MAGHREB	Tunisia		0	42	0	0	0	0	0	0	42
Tunisia_Punic-oAfrica	MAGHREB	Tunisia		0	7	0	0	0	0	0	0	7
Tunisia_Punic-oAfrica1	MAGHREB	Tunisia		0	4	0	0	0	0	0	0	4
Tunisia_Punic-oAfrica2	MAGHREB	Tunisia		0	6	0	0	0	0	0	0	6
Turkey	OUTGROUP	Turkey	ANATOLIA	0	1	0	0	0	0	0	0	1
Turkey_Ancient	OUTGROUP	Turkey	ANATOLIA	0	24	0	0	0	0	0	0	24
Turkey_Ancient-1	OUTGROUP	Turkey	ANATOLIA	0	6	0	0	0	0	0	0	6
Turkey_Ancient-2	OUTGROUP	Turkey	ANATOLIA	0	2	0	0	0	0	0	0	2
Turkey_Ancient-3	OUTGROUP	Turkey	ANATOLIA	0	1	0	0	0	0	0	0	1
Turkey_Ancient_Persian	OUTGROUP	Turkey	ANATOLIA	0	1	0	0	0	0	0	0	1
Turkey_AssyrianColonyPeriod	OUTGROUP	Turkey	ANATOLIA	0	3	0	0	0	0	0	0	3
Turkey_BA	OUTGROUP	Turkey	ANATOLIA	0	13	0	0	0	0	0	0	13
Turkey_C	OUTGROUP	Turkey	ANATOLIA	0	51	14	0	0	0	0	0	65
Turkey_Catalhoyuk_C	OUTGROUP	Turkey	ANATOLIA	0	0	2	0	0	0	0	0	2
Turkey_Catalhoyuk_EN	OUTGROUP	Turkey	ANATOLIA	0	0	17	0	0	0	0	0	17
Turkey_Catalhoyuk_EarlyC_LN	OUTGROUP	Turkey	ANATOLIA	0	0	2	0	0	0	0	0	2
Turkey_Catalhoyuk_LN	OUTGROUP	Turkey	ANATOLIA	0	0	32	0	0	0	0	0	32
Turkey_Catalhoyuk_MN	OUTGROUP	Turkey	ANATOLIA	0	0	46	0	0	0	0	0	46
Turkey_Catalhoyuk_N	OUTGROUP	Turkey	ANATOLIA	0	0	10	0	0	0	0	0	10
Turkey_EBA	OUTGROUP	Turkey	ANATOLIA	0	26	0	0	0	0	0	0	26
Turkey_EBA-1	OUTGROUP	Turkey	ANATOLIA	0	5	0	0	0	0	0	0	5
Turkey_EarlyMedieval_Byzantine	OUTGROUP	Turkey	ANATOLIA	10	0	0	0	0	0	0	0	10
Turkey_EarlyMedieval_Byzantine-1	OUTGROUP	Turkey	ANATOLIA	2	0	0	0	0	0	0	0	2
Turkey_EarlyMedieval_Byzantine-2	OUTGROUP	Turkey	ANATOLIA	1	0	0	0	0	0	0	0	1
Turkey_EarlyMedieval_Byzantine-3	OUTGROUP	Turkey	ANATOLIA	1	0	0	0	0	0	0	0	1
Turkey_Epipaleolithic	OUTGROUP	Turkey	ANATOLIA	0	0	0	1	0	0	0	0	1
Turkey_Hellenistic-o	OUTGROUP	Turkey	ANATOLIA	0	1	0	0	0	0	0	0	1
Turkey_IA	OUTGROUP	Turkey	ANATOLIA	0	6	0	0	0	0	0	0	6
Turkey_ImperialRoman	OUTGROUP	Turkey	ANATOLIA	4	0	0	0	0	0	0	0	4
Turkey_ImperialRoman-o	OUTGROUP	Turkey	ANATOLIA	1	0	0	0	0	0	0	0	1
Turkey_ImperialRoman_Roman	OUTGROUP	Turkey	ANATOLIA	5	0	0	0	0	0	0	0	5
Turkey_LN	OUTGROUP	Turkey	ANATOLIA	0	0	1	0	0	0	0	0	1
Turkey_LateAntiquity_Byzantine	OUTGROUP	Turkey	ANATOLIA	9	0	0	0	0	0	0	0	9
Turkey_LateAntiquity_ImperialRoman	OUTGROUP	Turkey	ANATOLIA	7	0	0	0	0	0	0	0	7
Turkey_LateAntiquity_ImperialRoman-1	OUTGROUP	Turkey	ANATOLIA	1	0	0	0	0	0	0	0	1
Turkey_LateAntiquity_ImperialRoman-2	OUTGROUP	Turkey	ANATOLIA	1	0	0	0	0	0	0	0	1
Turkey_MBA	OUTGROUP	Turkey	ANATOLIA	0	13	0	0	0	0	0	0	13
Turkey_MLBA	OUTGROUP	Turkey	ANATOLIA	0	31	0	0	0	0	0	0	31
Turkey_MLBA-o	OUTGROUP	Turkey	ANATOLIA	0	1	0	0	0	0	0	0	1
Turkey_Medieval	OUTGROUP	Turkey	ANATOLIA	2	0	0	0	0	0	0	0	2
Turkey_Medieval_Byzantine	OUTGROUP	Turkey	ANATOLIA	34	0	0	0	0	0	0	0	34
Turkey_Medieval_Byzantine-1	OUTGROUP	Turkey	ANATOLIA	3	0	0	0	0	0	0	0	3
Turkey_N	OUTGROUP	Turkey	ANATOLIA	0	1	65	0	0	0	0	0	66
Turkey_N-o	OUTGROUP	Turkey	ANATOLIA	0	0	1	0	0	0	0	0	1
Turkey_OldHittitePeriod	OUTGROUP	Turkey	ANATOLIA	0	2	0	0	0	0	0	0	2
Turkey_OttomanPeriod	OUTGROUP	Turkey	ANATOLIA	5	0	0	0	0	0	0	0	5
Turkey_OttomanPeriod_ArabGraves	OUTGROUP	Turkey	ANATOLIA	12	0	0	0	0	0	0	0	12
Turkey_OttomanPeriod_Modern	OUTGROUP	Turkey	ANATOLIA	1	0	0	0	0	0	0	0	1
Turkey_OttomanPeriod_Ottoman-1	OUTGROUP	Turkey	ANATOLIA	1	0	0	0	0	0	0	0	1
Turkey_OttomanPeriod_Ottoman-2	OUTGROUP	Turkey	ANATOLIA	1	0	0	0	0	0	0	0	1
Turkey_PPN	OUTGROUP	Turkey	ANATOLIA	0	0	29	0	0	0	0	0	29
Turkey_PPN-o	OUTGROUP	Turkey	ANATOLIA	0	0	1	0	0	0	0	0	1
Turkey_PPNA	OUTGROUP	Turkey	ANATOLIA	0	0	1	0	0	0	0	0	1
Turkey_Roman_LateAntiquity	OUTGROUP	Turkey	ANATOLIA	1	0	0	0	0	0	0	0	1
Turkey_Urartian	OUTGROUP	Turkey	ANATOLIA	0	5	0	0	0	0	0	0	5
Turkey_Urartian-o	OUTGROUP	Turkey	ANATOLIA	0	1	0	0	0	0	0	0	1
Turkish	OUTGROUP	Turkey	ANATOLIA	2	0	0	0	0	0	0	0	2
Turkmen	OUTGROUP	Turkmenistan		2	0	0	0	0	0	0	0	2
Turkmenistan_BA	OUTGROUP	Turkmenistan		0	2	0	0	0	0	0	0	2
Turkmenistan_BA-1	OUTGROUP	Turkmenistan		0	4	0	0	0	0	0	0	4
Turkmenistan_BA-4	OUTGROUP	Turkmenistan		0	1	0	0	0	0	0	0	1
Turkmenistan_BA1-1	OUTGROUP	Turkmenistan		0	27	0	0	0	0	0	0	27
Turkmenistan_BA2-2	OUTGROUP	Turkmenistan		0	3	0	0	0	0	0	0	3
Turkmenistan_BA3-3	OUTGROUP	Turkmenistan		0	1	0	0	0	0	0	0	1
Turkmenistan_C	OUTGROUP	Turkmenistan		0	24	0	0	0	0	0	0	24
Turkmenistan_C-o	OUTGROUP	Turkmenistan		0	1	0	0	0	0	0	0	1
Turkmenistan_EBA	OUTGROUP	Turkmenistan		0	1	0	0	0	0	0	0	1
Turkmenistan_Eneolithic	OUTGROUP	Turkmenistan		0	0	1	0	0	0	0	0	1
Turkmenistan_IA	OUTGROUP	Turkmenistan		0	1	0	0	0	0	0	0	1
Turkmenistan_LBA	OUTGROUP	Turkmenistan		0	2	0	0	0	0	0	0	2
Turkmenistan_LBA-o	OUTGROUP	Turkmenistan		0	1	0	0	0	0	0	0	1
UBR	OUTGROUP	India		10	0	0	0	0	0	0	0	10
USA_1000BP	OUTGROUP	USA		1	0	0	0	0	0	0	0	1
USA_11000BP	OUTGROUP	USA		0	0	2	0	0	0	0	0	2
USA_1300BP	OUTGROUP	USA		1	0	0	0	0	0	0	0	1
USA_1500BP	OUTGROUP	USA		10	0	0	0	0	0	0	0	10
USA_1600BP	OUTGROUP	USA		9	4	0	0	0	0	0	0	13
USA_1850BP	OUTGROUP	USA		3	0	0	0	0	0	0	0	3
USA_300BP	OUTGROUP	USA		1	0	0	0	0	0	0	0	1
USA_400BP	OUTGROUP	USA		2	0	0	0	0	0	0	0	2
USA_4800BP	OUTGROUP	USA		0	18	0	0	0	0	0	0	18
USA_600BP	OUTGROUP	USA		1	0	0	0	0	0	0	0	1
USA_650BP	OUTGROUP	USA		2	0	0	0	0	0	0	0	2
USA_9000BP	OUTGROUP	USA		0	0	1	0	0	0	0	0	1
USA_900BP	OUTGROUP	USA		7	0	0	0	0	0	0	0	7
USA_Alaska_Ancient_1100BP_Athabaskan	OUTGROUP	USA		5	0	0	0	0	0	0	0	5
USA_Alaska_Athabaskan	OUTGROUP	USA		1	0	0	0	0	0	0	0	1
USA_Alaska_NeoAleut	OUTGROUP	USA		6	0	0	0	0	0	0	0	6
USA_Alaska_PaleoAleut	OUTGROUP	USA		4	1	0	0	0	0	0	0	5
USA_AncientBeringian	OUTGROUP	USA		0	0	2	0	0	0	0	0	2
USA_California_1000BP	OUTGROUP	USA		1	0	0	0	0	0	0	0	1
USA_California_1000BP_Chumash_Barbareno	OUTGROUP	USA		3	0	0	0	0	0	0	0	3
USA_California_1100BP	OUTGROUP	USA		1	0	0	0	0	0	0	0	1
USA_California_1400BP	OUTGROUP	USA		2	0	0	0	0	0	0	0	2
USA_California_1500BP	OUTGROUP	USA		2	0	0	0	0	0	0	0	2
USA_California_1700BP	OUTGROUP	USA		1	0	0	0	0	0	0	0	1
USA_California_1900BP	OUTGROUP	USA		1	0	0	0	0	0	0	0	1
USA_California_200BP_NativeAmerican	OUTGROUP	USA		1	0	0	0	0	0	0	0	1
USA_California_2600BP	OUTGROUP	USA		0	1	0	0	0	0	0	0	1
USA_California_3000BP	OUTGROUP	USA		0	6	0	0	0	0	0	0	6
USA_California_3200BP	OUTGROUP	USA		0	2	0	0	0	0	0	0	2
USA_California_3400BP	OUTGROUP	USA		0	2	0	0	0	0	0	0	2
USA_California_4000BP	OUTGROUP	USA		0	1	0	0	0	0	0	0	1
USA_California_400BP	OUTGROUP	USA		3	0	0	0	0	0	0	0	3
USA_California_4800BP	OUTGROUP	USA		0	3	0	0	0	0	0	0	3
USA_California_4900BP	OUTGROUP	USA		0	4	0	0	0	0	0	0	4
USA_California_600BP	OUTGROUP	USA		11	0	0	0	0	0	0	0	11
USA_California_7000BP	OUTGROUP	USA		0	0	6	0	0	0	0	0	6
USA_California_7400BP	OUTGROUP	USA		0	0	5	0	0	0	0	0	5
USA_California_800BP	OUTGROUP	USA		8	0	0	0	0	0	0	0	8
USA_California_900BP	OUTGROUP	USA		4	0	0	0	0	0	0	0	4
USA_California_LateHolocene_Chumash_Barbareno	OUTGROUP	USA		5	0	0	0	0	0	0	0	5
USA_Colonist	OUTGROUP	USA		1	0	0	0	0	0	0	0	1
USA_LateUnai	OUTGROUP	USA		0	2	0	0	0	0	0	0	2
USA_Maryland_Historic_AfricanAmerican	OUTGROUP	USA		24	0	0	0	0	0	0	0	24
USA_Maryland_Historic_AfricanAmerican-oHighEuropean	OUTGROUP	USA		2	0	0	0	0	0	0	0	2
USA_Maryland_Historic_African_European	OUTGROUP	USA		1	0	0	0	0	0	0	0	1
USA_NewMexico_Chaco	OUTGROUP	USA		5	0	0	0	0	0	0	0	5
USA_NorthernMariana_Latte_Chamoru	OUTGROUP	USA		43	0	0	0	0	0	0	0	43
USA_NorthernMariana_Latte_Chamoru-o	OUTGROUP	USA		2	0	0	0	0	0	0	0	2
Uganda_LIA	EAST_AFRICA	Uganda		1	0	0	0	0	0	0	0	1
Ukraine_BA	EUROPE_CONTROL	Ukraine		0	1	0	0	0	0	0	0	1
Ukraine_Bochkove_EarlyMedieval_SaltovoMayaki	EUROPE_CONTROL	Ukraine		1	0	0	0	0	0	0	0	1
Ukraine_C	EUROPE_CONTROL	Ukraine		0	8	0	0	0	0	0	0	8
Ukraine_Cheremushna_LIA_Scythian	EUROPE_CONTROL	Ukraine		0	1	0	0	0	0	0	0	1
Ukraine_Cherkasy_Eneolithic_SeredniiStih	EUROPE_CONTROL	Ukraine		0	2	0	0	0	0	0	0	2
Ukraine_Classical	EUROPE_CONTROL	Ukraine		10	0	0	0	0	0	0	0	10
Ukraine_Dnieperpetrovsk_EBA_Yamnaya	EUROPE_CONTROL	Ukraine		0	4	0	0	0	0	0	0	4
Ukraine_Dnieperpetrovsk_Eneolithic_SeredniiStih	EUROPE_CONTROL	Ukraine		0	1	3	0	0	0	0	0	4
Ukraine_Dnieperpetrovsk_Eneolithic_SeredniiStih-oEHG	EUROPE_CONTROL	Ukraine		0	0	3	0	0	0	0	0	3
Ukraine_Dnieperpetrovsk_N	EUROPE_CONTROL	Ukraine		0	0	4	0	0	0	0	0	4
Ukraine_DonetsBasin_Eneolithic_SeredniiStih	EUROPE_CONTROL	Ukraine		0	0	7	0	0	0	0	0	7
Ukraine_DonetsBasin_Eneolithic_SeredniiStih-1	EUROPE_CONTROL	Ukraine		0	0	1	0	0	0	0	0	1
Ukraine_DonetsBasin_Eneolithic_SeredniiStih-3	EUROPE_CONTROL	Ukraine		0	1	0	0	0	0	0	0	1
Ukraine_DonetsBasin_MBA	EUROPE_CONTROL	Ukraine		0	2	0	0	0	0	0	0	2
Ukraine_Donetsk_N	EUROPE_CONTROL	Ukraine		0	0	1	0	0	0	0	0	1
Ukraine_EBA	EUROPE_CONTROL	Ukraine		0	4	0	0	0	0	0	0	4
Ukraine_EBA_Catacomb	EUROPE_CONTROL	Ukraine		0	1	0	0	0	0	0	0	1
Ukraine_EBA_Yamnaya-o	EUROPE_CONTROL	Ukraine		0	1	0	0	0	0	0	0	1
Ukraine_EIA	EUROPE_CONTROL	Ukraine		0	1	0	0	0	0	0	0	1
Ukraine_EIA1_ForestSteppe_Scythian	EUROPE_CONTROL	Ukraine		0	1	0	0	0	0	0	0	1
Ukraine_EIA1_ForestSteppe_Scythian-1	EUROPE_CONTROL	Ukraine		0	4	0	0	0	0	0	0	4
Ukraine_EIA2_BuhDniester_ForestSteppe_Scythian	EUROPE_CONTROL	Ukraine		0	1	0	0	0	0	0	0	1
Ukraine_EIA2_ForestSteppe_Scythian	EUROPE_CONTROL	Ukraine		0	2	0	0	0	0	0	0	2
Ukraine_EIA_Cimmerian	EUROPE_CONTROL	Ukraine		0	1	0	0	0	0	0	0	1
Ukraine_EIA_Cimmerian-1	EUROPE_CONTROL	Ukraine		0	1	0	0	0	0	0	0	1
Ukraine_EIA_LateSrubna-o	EUROPE_CONTROL	Ukraine		0	1	0	0	0	0	0	0	1
Ukraine_EIA_Scythian	EUROPE_CONTROL	Ukraine		0	5	0	0	0	0	0	0	5
Ukraine_EarlyMedieval	EUROPE_CONTROL	Ukraine		8	0	0	0	0	0	0	0	8
Ukraine_EarlyMedieval_Viking_OldRus	EUROPE_CONTROL	Ukraine		2	0	0	0	0	0	0	0	2
Ukraine_EarlyMedieval_Viking_OldRus-o	EUROPE_CONTROL	Ukraine		1	0	0	0	0	0	0	0	1
Ukraine_EarlyModern_Cossack	EUROPE_CONTROL	Ukraine		2	0	0	0	0	0	0	0	2
Ukraine_Eneolithic_C_Usatove	EUROPE_CONTROL	Ukraine		0	6	4	0	0	0	0	0	10
Ukraine_Eneolithic_EBA_Usatove	EUROPE_CONTROL	Ukraine		0	3	0	0	0	0	0	0	3
Ukraine_Eneolithic_SeredniiStih	EUROPE_CONTROL	Ukraine		0	0	3	0	0	0	0	0	3
Ukraine_Eneolithic_Trypillia	EUROPE_CONTROL	Ukraine		0	17	0	0	0	0	0	0	17
Ukraine_Epipaleolithic_Mesolithic	EUROPE_CONTROL	Ukraine		0	0	1	0	0	0	0	0	1
Ukraine_GoldenHorde_LateMedieval	EUROPE_CONTROL	Ukraine		5	0	0	0	0	0	0	0	5
Ukraine_IA_Hallstatt_Thracian	EUROPE_CONTROL	Ukraine		0	6	0	0	0	0	0	0	6
Ukraine_IA_Lusatian	EUROPE_CONTROL	Ukraine		0	3	0	0	0	0	0	0	3
Ukraine_IvanoFrankivsk_MBA_Catacomb-1	EUROPE_CONTROL	Ukraine		0	1	0	0	0	0	0	0	1
Ukraine_Kirovohrad_EBA	EUROPE_CONTROL	Ukraine		0	1	0	0	0	0	0	0	1
Ukraine_Kirovohrad_EN	EUROPE_CONTROL	Ukraine		0	0	3	0	0	0	0	0	3
Ukraine_Kirovohrad_Eneolithic-oHG	EUROPE_CONTROL	Ukraine		0	1	0	0	0	0	0	0	1
Ukraine_Kirovohrad_Eneolithic_SeredniiStih	EUROPE_CONTROL	Ukraine		0	0	6	0	0	0	0	0	6
Ukraine_Kirovohrad_Eneolithic_SeredniiStih-Dup	EUROPE_CONTROL	Ukraine		0	0	2	0	0	0	0	0	2
Ukraine_Kirovohrad_N	EUROPE_CONTROL	Ukraine		0	0	26	0	0	0	0	0	26
Ukraine_Kirovohrad_N-2	EUROPE_CONTROL	Ukraine		0	0	3	0	0	0	0	0	3
Ukraine_Kirovohrad_N-Dup	EUROPE_CONTROL	Ukraine		0	0	3	0	0	0	0	0	3
Ukraine_Kirovohrad_N-oHG	EUROPE_CONTROL	Ukraine		0	3	0	0	0	0	0	0	3
Ukraine_Kyiv_EIA1_ForestSteppe_Scythian-1	EUROPE_CONTROL	Ukraine		0	2	0	0	0	0	0	0	2
Ukraine_Kyiv_Eneolithic_SeredniiStih	EUROPE_CONTROL	Ukraine		0	1	0	0	0	0	0	0	1
Ukraine_LBA	EUROPE_CONTROL	Ukraine		0	5	0	0	0	0	0	0	5
Ukraine_LBA_Cimmerian	EUROPE_CONTROL	Ukraine		0	1	0	0	0	0	0	0	1
Ukraine_LBA_EIA	EUROPE_CONTROL	Ukraine		0	1	0	0	0	0	0	0	1
Ukraine_LBA_EIA_Don	EUROPE_CONTROL	Ukraine		0	1	0	0	0	0	0	0	1
Ukraine_LBA_Trzciniec_Komarow	EUROPE_CONTROL	Ukraine		0	1	0	0	0	0	0	0	1
Ukraine_LBA_Vysotska	EUROPE_CONTROL	Ukraine		0	2	0	0	0	0	0	0	2
Ukraine_LIA	EUROPE_CONTROL	Ukraine		0	1	0	0	0	0	0	0	1
Ukraine_LIA_Antiquity_Antiquity	EUROPE_CONTROL	Ukraine		0	2	0	0	0	0	0	0	2
Ukraine_LIA_Scythian	EUROPE_CONTROL	Ukraine		0	24	0	0	0	0	0	0	24
Ukraine_LateMedieval	EUROPE_CONTROL	Ukraine		5	0	0	0	0	0	0	0	5
Ukraine_LateMedieval_Nogai	EUROPE_CONTROL	Ukraine		7	0	0	0	0	0	0	0	7
Ukraine_Liubivka_Classical_Sarmatian	EUROPE_CONTROL	Ukraine		1	0	0	0	0	0	0	0	1
Ukraine_MBA_CordedWare	EUROPE_CONTROL	Ukraine		0	1	0	0	0	0	0	0	1
Ukraine_MIA_Scythian	EUROPE_CONTROL	Ukraine		0	7	0	0	0	0	0	0	7
Ukraine_MalaRogozianka_LIA_Scythian	EUROPE_CONTROL	Ukraine		0	1	0	0	0	0	0	0	1
Ukraine_Medieval_OldRus	EUROPE_CONTROL	Ukraine		1	0	0	0	0	0	0	0	1
Ukraine_Mesolithic	EUROPE_CONTROL	Ukraine		0	0	14	0	0	0	0	0	14
Ukraine_Mesolithic-Dup	EUROPE_CONTROL	Ukraine		0	0	2	0	0	0	0	0	2
Ukraine_N	EUROPE_CONTROL	Ukraine		0	0	31	0	0	0	0	0	31
Ukraine_N_Mariupol	EUROPE_CONTROL	Ukraine		0	0	11	0	0	0	0	0	11
Ukraine_Odesa_EBA	EUROPE_CONTROL	Ukraine		0	6	0	0	0	0	0	0	6
Ukraine_Odesa_EBA_Catacomb	EUROPE_CONTROL	Ukraine		0	2	0	0	0	0	0	0	2
Ukraine_Odesa_EBA_Catacomb_Yamnaya_possible	EUROPE_CONTROL	Ukraine		0	3	0	0	0	0	0	0	3
Ukraine_Odesa_EBA_Yamnaya	EUROPE_CONTROL	Ukraine		0	8	0	0	0	0	0	0	8
Ukraine_Odesa_Eneolithic	EUROPE_CONTROL	Ukraine		0	0	3	0	0	0	0	0	3
Ukraine_Odesa_Eneolithic-oCaucasus	EUROPE_CONTROL	Ukraine		0	0	6	0	0	0	0	0	6
Ukraine_Odesa_Eneolithic_SeredniiStih	EUROPE_CONTROL	Ukraine		0	4	0	0	0	0	0	0	4
Ukraine_Odesa_Eneolithic_Usatove	EUROPE_CONTROL	Ukraine		0	3	0	0	0	0	0	0	3
Ukraine_Odesa_Eneolithic_Usatove-oCaucasus2	EUROPE_CONTROL	Ukraine		0	0	1	0	0	0	0	0	1
Ukraine_Odesa_MBA_Babino_MultiCordonedWare	EUROPE_CONTROL	Ukraine		0	5	0	0	0	0	0	0	5
Ukraine_Odessa_EBA_Yamnaya	EUROPE_CONTROL	Ukraine		0	1	0	0	0	0	0	0	1
Ukraine_Roman-o	EUROPE_CONTROL	Ukraine		1	0	0	0	0	0	0	0	1
Ukraine_Roman_BuhDniester	EUROPE_CONTROL	Ukraine		1	0	0	0	0	0	0	0	1
Ukraine_Roman_BuhDniester-o	EUROPE_CONTROL	Ukraine		1	0	0	0	0	0	0	0	1
Ukraine_Shevchenko_EBA_Yamnaya	EUROPE_CONTROL	Ukraine		0	3	0	0	0	0	0	0	3
Ukraine_Shushaku_Classical_Chernyakhov	EUROPE_CONTROL	Ukraine		1	0	0	0	0	0	0	0	1
Ukraine_Ternopil_Eneolithic_Trypillia	EUROPE_CONTROL	Ukraine		0	16	0	0	0	0	0	0	16
Ukraine_VertebaCave_Eneolithic_Trypillia	EUROPE_CONTROL	Ukraine		0	1	0	0	0	0	0	0	1
Ukraine_Zaporizhia_EBA_Yamnaya	EUROPE_CONTROL	Ukraine		0	2	0	0	0	0	0	0	2
Ukraine_Zaporizhia_EN	EUROPE_CONTROL	Ukraine		0	0	9	0	0	0	0	0	9
Ukraine_Zaporizhia_Eneolithic_SeredniiStih	EUROPE_CONTROL	Ukraine		0	0	3	0	0	0	0	0	3
Ukraine_Zaporizhia_N	EUROPE_CONTROL	Ukraine		0	0	20	0	0	0	0	0	20
Ukraine_Zaporizhia_N_DnieperDonets_MtCemetery	EUROPE_CONTROL	Ukraine		0	0	4	0	0	0	0	0	4
Ukraine_Zaporizhia_N_DnieperDonets_MtCemetery-Dup	EUROPE_CONTROL	Ukraine		0	0	2	0	0	0	0	0	2
Ulchi	EUROPE_CONTROL	Russia		2	0	0	0	0	0	0	0	2
Unknown_Achaemenid	OUTGROUP			0	5	0	0	0	0	0	0	5
Unknown_Medieval	OUTGROUP			1	0	0	0	0	0	0	0	1
Uruguay_PreColonial	OUTGROUP	Uruguay		2	0	0	0	0	0	0	0	2
Uyghur	OUTGROUP	China		15	0	0	0	0	0	0	0	15
Uzbek	OUTGROUP	Uzbekistan		3	0	0	0	0	0	0	0	3
Uzbekistan_Antiquity	OUTGROUP	Uzbekistan		4	17	0	0	0	0	0	0	21
Uzbekistan_Antiquity_HephthalitePeriod	OUTGROUP	Uzbekistan		1	0	0	0	0	0	0	0	1
Uzbekistan_BA	OUTGROUP	Uzbekistan		0	26	0	0	0	0	0	0	26
Uzbekistan_BA-1	OUTGROUP	Uzbekistan		0	1	0	0	0	0	0	0	1
Uzbekistan_BA-2	OUTGROUP	Uzbekistan		0	1	0	0	0	0	0	0	1
Uzbekistan_BA-o	OUTGROUP	Uzbekistan		0	2	0	0	0	0	0	0	2
Uzbekistan_BA1-1	OUTGROUP	Uzbekistan		0	8	0	0	0	0	0	0	8
Uzbekistan_BA2-2	OUTGROUP	Uzbekistan		0	2	0	0	0	0	0	0	2
Uzbekistan_BA3-3	OUTGROUP	Uzbekistan		0	1	0	0	0	0	0	0	1
Uzbekistan_Eneolithic	OUTGROUP	Uzbekistan		0	2	0	0	0	0	0	0	2
Uzbekistan_HephthalitePeriod	OUTGROUP	Uzbekistan		2	0	0	0	0	0	0	0	2
Uzbekistan_KushanPeriod	OUTGROUP	Uzbekistan		1	0	0	0	0	0	0	0	1
VLR	OUTGROUP	India		9	0	0	0	0	0	0	0	9
Vanuatu_1100BP	OUTGROUP	Vanuatu		1	0	0	0	0	0	0	0	1
Vanuatu_1200BP	OUTGROUP	Vanuatu		2	0	0	0	0	0	0	0	2
Vanuatu_1300BP	OUTGROUP	Vanuatu		2	0	0	0	0	0	0	0	2
Vanuatu_150BP	OUTGROUP	Vanuatu		6	0	0	0	0	0	0	0	6
Vanuatu_2000BP	OUTGROUP	Vanuatu		0	1	0	0	0	0	0	0	1
Vanuatu_200BP	OUTGROUP	Vanuatu		1	0	0	0	0	0	0	0	1
Vanuatu_200BP-oPolynesian	OUTGROUP	Vanuatu		1	0	0	0	0	0	0	0	1
Vanuatu_2200BP	OUTGROUP	Vanuatu		0	2	0	0	0	0	0	0	2
Vanuatu_2300BP	OUTGROUP	Vanuatu		0	1	0	0	0	0	0	0	1
Vanuatu_2400BP	OUTGROUP	Vanuatu		0	1	0	0	0	0	0	0	1
Vanuatu_2500BP	OUTGROUP	Vanuatu		0	2	0	0	0	0	0	0	2
Vanuatu_2600BP	OUTGROUP	Vanuatu		0	1	0	0	0	0	0	0	1
Vanuatu_2700BP	OUTGROUP	Vanuatu		0	1	0	0	0	0	0	0	1
Vanuatu_2900BP	OUTGROUP	Vanuatu		0	5	0	0	0	0	0	0	5
Vanuatu_3000BP	OUTGROUP	Vanuatu		0	3	0	0	0	0	0	0	3
Vanuatu_400BP	OUTGROUP	Vanuatu		2	0	0	0	0	0	0	0	2
Vanuatu_400BP-o	OUTGROUP	Vanuatu		1	0	0	0	0	0	0	0	1
Vanuatu_500BP	OUTGROUP	Vanuatu		1	0	0	0	0	0	0	0	1
Venezuela_Ceramic	OUTGROUP	Venezuela		0	8	0	0	0	0	0	0	8
Vietnam_BA	OUTGROUP	Vietnam		2	0	0	0	0	0	0	0	2
Vietnam_BA_DongSon	OUTGROUP	Vietnam		0	4	0	0	0	0	0	0	4
Vietnam_Historical	OUTGROUP	Vietnam		1	0	0	0	0	0	0	0	1
Vietnam_LN	OUTGROUP	Vietnam		0	4	0	0	0	0	0	0	4
Vietnam_N	OUTGROUP	Vietnam		0	8	0	0	0	0	0	0	8
VindijaCave_Neanderthal	EUROPE_CONTROL	Croatia	BALKANS	0	0	0	0	0	1	0	0	1
Wales_EBA_C	EUROPE_CONTROL	United Kingdom		0	1	0	0	0	0	0	0	1
Wales_IA	EUROPE_CONTROL	United Kingdom		0	2	0	0	0	0	0	0	2
Wales_LBA	EUROPE_CONTROL	United Kingdom		0	1	0	0	0	0	0	0	1
Wales_LIA	EUROPE_CONTROL	United Kingdom		0	1	0	0	0	0	0	0	1
Wales_MBA	EUROPE_CONTROL	United Kingdom		0	1	0	0	0	0	0	0	1
Wales_MIA	EUROPE_CONTROL	United Kingdom		0	1	0	0	0	0	0	0	1
Wales_N	EUROPE_CONTROL	United Kingdom		0	8	0	0	0	0	0	0	8
Wales_Viking	EUROPE_CONTROL	United Kingdom		1	0	0	0	0	0	0	0	1
Xibo	OUTGROUP	China		11	0	0	0	0	0	0	0	11
YRI	WEST_AFRICA	Nigeria		102	0	0	0	0	0	0	0	102
YRI-o	WEST_AFRICA	Nigeria		7	0	0	0	0	0	0	0	7
YRI-oRelative	WEST_AFRICA	Nigeria		1	0	0	0	0	0	0	0	1
Yadava	OUTGROUP	India		2	0	0	0	0	0	0	0	2
Yakut	EUROPE_CONTROL	Russia		22	0	0	0	0	0	0	0	22
Yakut_1	EUROPE_CONTROL	Russia		3	0	0	0	0	0	0	0	3
Yakut_2	EUROPE_CONTROL	Russia		2	0	0	0	0	0	0	0	2
Yemen_Medieval_Soqotri	OUTGROUP	Yemen		36	0	0	0	0	0	0	0	36
Yi	OUTGROUP	China		12	0	0	0	0	0	0	0	12
Yoruba	WEST_AFRICA	Nigeria		24	0	0	0	0	0	0	0	24
Yukpa	OUTGROUP	Venezuela		1	0	0	0	0	0	0	0	1
Zambia_LSA	EAST_AFRICA	Zambia		0	1	0	0	0	0	0	0	1
hg19ref	OUTGROUP			1	0	0	0	0	0	0	0	1
