custom_pop_label	n_samples	n_populations	populations
AFRICA_E_T0	209	24	BantuKenya; Dinka; Kenya_Historic; Kenya_IA_Pastoral; Kenya_IA_Pastoral-o; Kenya_LIA; Kenya_LSA; Kenya_Medieval_Swahili; Kenya_PastoralN; Kenya_PastoralN_Elmenteitan; Kenya_Somali; Kenya_Swahili; LWK; Luhya; Luo; Masai; Tanzania_1300BP; Tanzania_1400BP; Tanzania_600BP; Tanzania_PastoralN; Tanzania_PastoralN_IA-oForager; Tanzania_Swahili; Tanzania_Swahili-oNearEast; Uganda_LIA
AFRICA_E_T1	37	16	Ethiopia_MotaCave_4500BP; Kenya_EPN; Kenya_Kansyore; Kenya_LSA_Kansyore; Kenya_PastoralN; Kenya_PastoralN_Elmenteitan; Kenya_PastoralN_Elmenteitan-o; Kenya_PastoralN_Nderit; Malawi_LSA_2500BP; Malawi_LSA_5200BP; Malawi_LSA_6000BP; Tanzania_3000BP; Tanzania_PastoralN; Tanzania_PastoralN_IA-o; Tanzania_PastoralN_IA-oForager; Zambia_LSA
AFRICA_E_T2	5	3	Malawi_LSA_6000BP; Malawi_LSA_8500BP; Tanzania_LSA_Kisese
AFRICA_E_T3	2	1	Malawi_LSA_15500BP
AFRICA_W_T0	483	19	DemocraticRepublicoftheCongo_MatangaiTuruNorthwest_IA; DemocraticRepublicoftheCongo_Protohistoric; DemocraticRepublicoftheCongo_Protohistoric-o; ESN; GWD; GWD-oEurope; Gambian; Igbo; Kongo; Lemande; MSL; Mandenka; Mbuti; MbutiPygmy; Mende; YRI; YRI-o; YRI-oRelative; Yoruba
AFRICA_W_T1	3	1	Cameroon_ShumLaka_SMA
AFRICA_W_T2	4	1	Cameroon_ShumLaka_SMA
ANATOLIA_T0	104	21	Turkey_EarlyMedieval_Byzantine; Turkey_EarlyMedieval_Byzantine-1; Turkey_EarlyMedieval_Byzantine-2; Turkey_EarlyMedieval_Byzantine-3; Turkey_ImperialRoman; Turkey_ImperialRoman-o; Turkey_ImperialRoman_Roman; Turkey_LateAntiquity_Byzantine; Turkey_LateAntiquity_ImperialRoman; Turkey_LateAntiquity_ImperialRoman-1; Turkey_LateAntiquity_ImperialRoman-2; Turkey_Medieval; Turkey_Medieval_Byzantine; Turkey_Medieval_Byzantine-1; Turkey_OttomanPeriod; Turkey_OttomanPeriod_ArabGraves; Turkey_OttomanPeriod_Modern; Turkey_OttomanPeriod_Ottoman-1; Turkey_OttomanPeriod_Ottoman-2; Turkey_Roman_LateAntiquity; Turkish
ANATOLIA_T1	194	20	Turkey; Turkey_Ancient; Turkey_Ancient-1; Turkey_Ancient-2; Turkey_Ancient-3; Turkey_Ancient_Persian; Turkey_AssyrianColonyPeriod; Turkey_BA; Turkey_C; Turkey_EBA; Turkey_EBA-1; Turkey_Hellenistic-o; Turkey_IA; Turkey_MBA; Turkey_MLBA; Turkey_MLBA-o; Turkey_N; Turkey_OldHittitePeriod; Turkey_Urartian; Turkey_Urartian-o
ANATOLIA_T2	221	13	Turkey_C; Turkey_Catalhoyuk_C; Turkey_Catalhoyuk_EN; Turkey_Catalhoyuk_EarlyC_LN; Turkey_Catalhoyuk_LN; Turkey_Catalhoyuk_MN; Turkey_Catalhoyuk_N; Turkey_LN; Turkey_N; Turkey_N-o; Turkey_PPN; Turkey_PPN-o; Turkey_PPNA
ANATOLIA_T3	1	1	Turkey_Epipaleolithic
BALKANS_T0	255	80	Albania_Barc_Medieval-o; Albania_Barc_PostMedieval; Albania_Barc_PostMedieval-oTurkish; Albania_Bardhoc_PostMedieval; Albania_Cinamak_IA; Albania_Dukat_Medieval; Albania_Kenete_Medieval; Albania_Medieval; Albania_Pazhok_PostMedieval; Albanian; Bulgaria_Koriyata_at_Suvorovo_Medieval; Bulgaria_LozyankaMogila_Roman_LateAntiquity; Bulgaria_Ryahovets_Medieval; Bulgaria_Samovodene_EarlyMedieval-oEastAsia; Bulgarian; Croatia_Dalmatia_ImperialRoman; Croatia_Dalmatia_ImperialRoman-oLevant; Croatia_Dalmatia_LateAntiquity_Roman; Croatia_Dalmatia_LateAntiquity_Roman-oCaucasus; Croatia_EIA; Croatia_EarlyMedieval; Croatia_EarlyMedieval-oAegean; Croatia_EarlyMedieval_Avar; Croatia_EarlyMedieval_Avar-oNorthEurope; Croatia_EarlyMedieval_EarlySlav; Croatia_EarlyMedieval_EarlySlav-oAegean; Croatia_ImperialRoman; Croatia_ImperialRoman-1; Croatia_ImperialRoman-3; Croatia_ImperialRoman-oAfrica; Croatia_ImperialRoman-oLevant; Croatia_ImperialRoman_Roman; Croatia_LateAntiquity; Croatia_LateAntiquity-oAegean; Croatia_LateAntiquity-oAfrica; Croatia_LateAntiquity-oEurope; Croatia_LateAntiquity_ImperialRoman; Croatia_LateAntiquity_ImperialRoman-oEurope; Croatia_LateAntiquity_ImperialRoman_Roman; Croatia_LateAntiquity_Roman-oNorthEurope; Croatia_Medieval; Croatia_Medieval_Modern; Croatia_Modern; Croatia_Roman_LateAntiquity; Croatia_Roman_LateAntiquity-o; Croatia_Roman_LateAntiquity-oAegean; Croatia_Roman_LateAntiquity-oEurope; Croatia_Roman_LateAntiquity-oLevant; Croatia_Roman_LateAntiquity-oNorthEurope; Croatia_VenetiaHistria_LateAntiquity_Roman; Montenegro_Dalmatia_ImperialRoman-oAegean; Montenegro_DocleaBjelovine_Roman; NorthMacedonia_Medieval; Romania_Brailita_Medieval; Romania_Hun; Romania_Hun-oEastAsia; Romania_Medieval; Serbia_EarlyMedieval_Byzantine_Slav; Serbia_Gepids; Serbia_ImperialRoman; Serbia_ImperialRoman-oAfrica; Serbia_ImperialRoman_African; Serbia_ImperialRoman_Elite_Roman; Serbia_ImperialRoman_Roman; Serbia_ImperialRoman_Roman-oLevant; Serbia_IronGates_ImperialRoman; Serbia_LateAntiquity_ImperialRoman; Serbia_LateAntiquity_ImperialRoman_Roman; Serbia_LateAntiquity_ImperialRoman_Roman_possible; Serbia_LateRoman; Serbia_Medieval; Serbia_Medieval_Byzantine_Slav; Serbia_MigrationPeriod_Gepids; Serbia_MigrationPeriod_Gepids-oAegean; Serbia_OttomanPeriod_Ottoman; Serbia_Roman; Serbia_Roman_LateAntiquity; Slovenia_VenetiaHistria_ImperialRoman; Slovenia_VenetiaHistria_LateAntiquity_ImperialRoman; Slovenia_VenetiaHistria_LateAntiquity_ImperialRoman-oEurope
BALKANS_T1	391	90	Albania_Cinamak_BA_IA; Albania_Cinamak_EBA; Albania_Cinamak_IA; Albania_Cinamak_IA-o; Albania_MBA; Bulgaria_BeliBreyag_EBA; Bulgaria_Boyanovo_EBA; Bulgaria_Boyanovo_EBA_Yamnaya; Bulgaria_Diamandovo_EIA; Bulgaria_Durankulak_C_ProtoYamnaya; Bulgaria_Dzhulyunitsa_EBA; Bulgaria_Dzhulyunitsa_EBA-1; Bulgaria_Dzhulyunitsa_IA; Bulgaria_EBA_Yamnaya; Bulgaria_GoljamataMogila_EBA_Yamnaya; Bulgaria_Kairyaka_EBA; Bulgaria_Kairyaka_EBA-2; Bulgaria_Kairyaka_MLBA; Bulgaria_KapitanAndreevo_EBA_MBA; Bulgaria_KapitanAndreevo_EIA; Bulgaria_Kazanlak_LIA; Bulgaria_LozyankaMogila_EBA_Ezero; Bulgaria_Mednikarovo_EBA_Yamnaya-o; Bulgaria_Mogila_EBA_Yamnaya; Bulgaria_NovaZagora_EBA; Bulgaria_Rozovo_LIA; Bulgaria_Sabrano_EBA_Ezero; Bulgaria_Smyadovo_EBA; Bulgaria_Stambolovo_EIA; Bulgaria_Svilengrad_EIA; Bulgaria_Svilengrad_EIA-o; Bulgaria_TellEzero_EBA; Bulgaria_TellKran_EBA; Bulgaria_Yunatsite_EBA; Croatia_BA; Croatia_C; Croatia_EIA; Croatia_LBA_EIA; Croatia_LIA; Croatia_LateC_EBA_Vucedol; Croatia_LateC_EBA_Vucedol-oSteppe; Croatia_MBA; Croatia_MBA_Cetina; Croatia_MBA_Cetina-Dup; Croatia_MBA_Cetina-o; Croatia_MLBA; Croatia_N_Starcevo; Croatia_Popova_CA; Croatia_Vucedol-o; Montenegro_IA; Montenegro_LBA; Montenegro_LN_Hvar; Montenegro_MLBA; Montenegro_MLBA-o; Montenegro_MLBA_Cetina; Montenegro_MLBA_Cetina-o; Montenegro_Mesolithic_LN_Hvar-oWHG; NorthMacedonia_BA; NorthMacedonia_Classical_Hellenistic; NorthMacedonia_Classical_Hellenistic-o; NorthMacedonia_IA; NorthMacedonia_N; Romania_BA1-1; Romania_BA_Arman; Romania_BA_Arman-o; Romania_Brailita_EBA_Yamnaya; Romania_C; Romania_C-oHG; Romania_C_Bodrogkeresztur; Romania_EBA_Catacomb; Romania_EBA_Gumelnita; Romania_EBA_Yamnaya; Romania_EBA_Yamnaya-oSouth; Romania_Eneolithic_LN_Gumelnita; Romania_Glavanesti_BA-1; Romania_IronGates_N; Romania_MLBA; Romania_Tei; Serbia_BA-o; Serbia_BA_Maros; Serbia_EBA_Maros; Serbia_EBA_Maros-oAegean; Serbia_EBA_Yamnaya; Serbia_IronGates_MBA; Serbia_LBA; Slovenia_EIA; Slovenia_LBA; Slovenia_LBA_EIA; Slovenia_MBA; Slovenia_MIA-oSouth
BALKANS_T2	384	74	Albania_N; Albania_N_C; Bulgaria_C; Bulgaria_Dzhulyunitsa_C; Bulgaria_Dzhulyunitsa_N; Bulgaria_Dzhulyunitsa_N-o; Bulgaria_Dzhulyunitsa_N-oEEF; Bulgaria_Ivanovo_C; Bulgaria_Krepost_N; Bulgaria_MalakPreslavets_N; Bulgaria_MalakPreslavets_N-oHighEEF; Bulgaria_MalakPreslavets_N-oLowEEF; Bulgaria_Ohoden_N; Bulgaria_PetkoKaravelovo_C; Bulgaria_Samovodene_N; Bulgaria_Smyadovo_C; Bulgaria_Smyadovo_C-oSteppe; Bulgaria_Sushina_C; Bulgaria_Sushina_C-o; Bulgaria_Varna_C; Bulgaria_Varna_C-2; Bulgaria_Varna_C-o; Bulgaria_Yabalkovo_N; Bulgaria_Yunatsite_C; Bulgaria_Yunatsite_C_Karanovo_Gumelnita; Croatia_C_Lasinja; Croatia_EN_Impressa; Croatia_EN_Starcevo; Croatia_MN; Croatia_MN_LaTene; Croatia_MN_Sopot; Croatia_MN_Starcevo; Croatia_Mesolithic_HG; Croatia_N_Cardial; Croatia_N_Lasinja; NorthMacedonia_N; NorthMacedonia_N-NotPermittedToPublish; Romania_BaciuGuraBaciului_EN_StarcevoCris; Romania_Brailita_Mesolithic; Romania_C_Bodrogkeresztur; Romania_C_Bodrogkeresztur-1; Romania_C_Gumelnita; Romania_EN; Romania_EN-Dup; Romania_EN-oIran; Romania_EN_Cris; Romania_EN_Starcevo; Romania_EN_StarcevoCris; Romania_EN_StarcevoKorosCris; Romania_Eneolithic-oEEF; Romania_Eneolithic_LN; Romania_Eneolithic_LN_Boian; Romania_IronGates_LateMesolithic; Romania_IronGates_Mesolithic; Romania_IronGates_Mesolithic-Dup; Romania_Mesolithic; Romania_N; Romania_N-o; Romania_N_Boian; Romania_N_Dudesti; Romania_villageDeceaMuresului_Eneolithic_LN_DeceaMuresului; Romania_villageIclod_Eneolithic_LN; Serbia_C_BA_Bodrogkeresztur_Tiszapolgar; Serbia_EMN; Serbia_EN; Serbia_EN_Starcevo; Serbia_EN_Starcevo-o; Serbia_IronGates_Mesolithic; Serbia_IronGates_Mesolithic-o; Serbia_IronGates_Mesolithic-oHighEEF; Serbia_IronGates_Mesolithic-oLowEEF; Serbia_IronGates_N; Serbia_IronGates_N-oHG; Serbia_MN_StarcevoCris
BALKANS_T4	6	3	Bulgaria_BachoKiroCave_IUP; Romania_IUP; Romania_UP
BALKANS_T5	1	1	VindijaCave_Neanderthal
CRETE_T0	2	1	Greek_Crete
CRETE_T1	65	7	Greece_Crete_Aposelemis_LBA; Greece_Crete_HgCharalambos_EMBA; Greece_Crete_KephalaPetrasSiteias; Greece_Crete_LBA; Greece_Crete_MoniOdigitria_BA; Greece_Crete_NecropolisofArmenoi_BA; Greece_Crete_Zakros_Karaviadaina_BA
CRETE_T2	5	1	Greece_Crete_Aposelemis_N
CYPRUS_T1	1	1	Cyprus_C
CYPRUS_T2	1	1	Cyprus_PPNB
EUROPE_CENTRAL_T0	2039	151	Austria_Avar; Austria_Avar-1; Austria_Avar-2; Austria_Avar-3; Austria_EarlyMedieval; Austria_ImperialRoman; Austria_ImperialRoman-oAfrica-oLevant; Austria_ImperialRoman-oLevant; Austria_LateAntiquity_ImperialRoman; Austria_LateAntiquity_ImperialRoman-oLevant; Czech; Czechia_EarlyMedieval_EarlySlav; Czechia_Holubice_MigrationPeriod_Lombards; Czechia_Luzice_MigrationPeriod_Lombards; Czechia_Medieval; Czechia_Modern_LaTene; Germany_AltInden_EarlyMedieval; Germany_AltInden_EarlyMedieval-oLevant; Germany_Alteglofsheim_EarlyMedieval-1; Germany_AltenerdingKlettham_EarlyMedieval; Germany_AltenerdingKlettham_EarlyMedieval-2; Germany_AltenerdingKlettham_EarlyMedieval-3; Germany_AltenerdingKlettham_EarlyMedieval-o; Germany_Altheim_EarlyMedieval; Germany_Anderten_Medieval_Saxon; Germany_BarbingIrlmauth_EarlyMedieval; Germany_Bonn; Germany_BurgweintingNordWest2_EarlyMedieval-1; Germany_BurgweintingNordWest2_EarlyMedieval-oSteppe; Germany_Drantum_Medieval_Saxon; Germany_Dunum_Medieval_Saxon; Germany_Hassleben; Germany_Hassleben-oNorthEurope; Germany_Hassleben_Elite-1; Germany_Hassleben_Elite-2; Germany_Hiddestorf_EarlyMedieval_Saxon; Germany_Issendorf_EarlyMedieval; Germany_Liebenau_EarlyMedieval_Saxon; Germany_Medieval_Jewish; Germany_Medieval_Jewish-highEastEU; Germany_Medieval_Jewish-lowEastEU; Germany_Niederstotzingen_EarlyMedieval; Germany_Niederstotzingen_EarlyMedieval_Nomad; Germany_Schleswig_LateMedieval; Germany_Schortens_EarlyMedieval; Germany_Straubing_EarlyMedieval; Germany_Straubing_EarlyMedieval-1; Germany_Straubing_EarlyMedieval-2; Germany_Straubing_EarlyMedieval-3; Germany_Straubing_EarlyMedieval-4; Germany_Zetel_EarlyMedieval_Saxon; Hungarian; Hungary_AbasarBoltteto_Medieval; Hungary_Avar; Hungary_Avar-1; Hungary_Avar-2; Hungary_Avar-5; Hungary_Avar-oHighEastAsia; Hungary_Avar-oLowEastAsia; Hungary_BudapestXIIINepfurdoSt_Hunnic; Hungary_Commoner; Hungary_Commoner-oEastAsia; Hungary_Conqueror; Hungary_Conqueror-1; Hungary_Conqueror-oEurope; Hungary_Conqueror_Commoner; Hungary_DanubeTisza-oHighEastAsia; Hungary_EHun; Hungary_EHun-oWest; Hungary_EarlyArpadian; Hungary_EarlyAvar; Hungary_EarlyAvar-2; Hungary_EarlyAvar-oHighEastAsia; Hungary_EarlyAvar-oLowEastAsia; Hungary_EarlyAvar-olowEastAsia; Hungary_EarlyMedieval_EarlyAvar-oHighEastAsia; Hungary_EarlyMedieval_LateAvar-oHighEastAsia; Hungary_EarlyMedieval_LateAvar_MiddleAvar-oHighEastAsia; Hungary_EarlyMedieval_LateAvar_MiddleAvar-oLowEastAsia; Hungary_EarlyMiddleAvar; Hungary_EarlyMiddleAvar-oHighEastAsia; Hungary_EarlyMiddleAvar-oLowEastAsia; Hungary_Elite; Hungary_Elite-oEurope; Hungary_Elite-oHighEastAsia; Hungary_Elite_Conqueror; Hungary_Elite_EarlyAvar-oHighEastAsia; Hungary_Elite_EarlyAvar-oLowEastAsia; Hungary_Elite_LateAvar-oHighEastAsia; Hungary_Elite_LateAvar-oLowEastAsia; Hungary_HajduBihar_Transtisza_EarlyAvar; Hungary_HajduBihar_Transtisza_EarlyAvar-oLowEastAsia; Hungary_HajduBihar_Transtisza_LateAvar; Hungary_HajduBihar_Transtisza_LateAvar-oLowEastAsia; Hungary_HajduboszormenyVidizug_Hunnic; Hungary_HajdunanasFurjhalomdulo2M340A_Hunnic; Hungary_Heves_LateAvar; Hungary_Hun; Hungary_Hun-oEastAsia; Hungary_Kiskundorozsma_MigrationPeriod_Sarmatian; Hungary_LateAvar; Hungary_LateAvar-oHighEastAsia; Hungary_LateAvar-oLowEastAsia; Hungary_Lombards; Hungary_Lombards-1; Hungary_Lombards-2; Hungary_Madaras_MigrationPeriod_Sarmatian; Hungary_Medieval; Hungary_Medieval-oLowEastAsia; Hungary_MiddleAvar; Hungary_MiddleAvar-oEastAsiaMedium; Hungary_MiddleAvar-oHighEastAsia; Hungary_MiddleAvar-oLowEastAsia; Hungary_MiddleLateAvar; Hungary_MiddleLateAvar-oEurope; Hungary_MiddleLateAvar-oHighEastAsia; Hungary_MiddleLateAvar-oLowEastAsia; Hungary_PusztataskonyLedenceI_Hunnic-1; Hungary_PusztataskonyLedenceI_Hunnic-2; Hungary_Roman_Transtisza_Sarmatian; Hungary_TiszagyendaBuszerzo_Hunnic-1; Hungary_TiszagyendaBuszerzo_Hunnic-2; Hungary_TiszagyendaLakhatom_Hunnic-1; Hungary_TiszagyendaLakhatom_Hunnic-2; Hungary_Transtisza_EHun; Hungary_Transtisza_EHun-oEast; Hungary_Transtisza_EarlyAvar-oHighEastAsia; Hungary_Transtisza_EarlyAvar-oLowEastAsia; Hungary_Transtisza_LateAvar-oLowEastAsia; Poland_EarlyMedieval_Slav; Poland_EarlySlav; Poland_IA; Poland_IA-oEastAsia; Poland_IA_Przeworsk; Poland_IA_Wielbark; Poland_IA_Wielbark-oEEF; Poland_Medieval-1; Poland_Medieval-2; Poland_Roman_Wielbark; Poland_Viking; Polish; Slovakia_CiferPac_Medieval_Avar_Slav; Slovakia_EBA_Medieval_Nitrianska; Slovakia_EBA_Nitrianska; Slovakia_Gerulata_Roman; Slovakia_LIA_LaTene; Slovakia_LaTene_Roman; Slovakia_Medieval-2; Slovakia_MigrationPeriod; Slovakia_PopradMatejovce_LateAntiquity; Slovakia_Roman
EUROPE_CENTRAL_T1	1219	192	Austria_Hallein_IA_Hallstatt; Austria_Hallstatt_IA_Hallstatt; Austria_IA_LaTene; Czechia_BA_BellBeaker; Czechia_BA_Veterov1-2; Czechia_BellBeaker; Czechia_BellBeaker-oAnatolia1; Czechia_BellBeaker-oAnatolia2; Czechia_BellBeaker-oSteppe; Czechia_C; Czechia_C_Baalberge; Czechia_C_Baalberge-1; Czechia_C_Baalberge-2; Czechia_EBA; Czechia_EBA-1; Czechia_EBA_CordedWare; Czechia_EBA_CordedWare-1; Czechia_EBA_CordedWare-2; Czechia_EBA_CordedWare-3; Czechia_EBA_Protounetice; Czechia_EBA_Starounetice; Czechia_EBA_Unetice; Czechia_EBA_Unetice-o; Czechia_EMBA; Czechia_Eneolithic; Czechia_IA; Czechia_IA_Hallstatt; Czechia_IA_Hallstatt-o; Czechia_IA_Hallstatt_LaTene; Czechia_IA_LaTene; Czechia_LBA; Czechia_LBA-3; Czechia_LN; Czechia_Lovosice_IA_Hallstatt; Czechia_MBA_Tumulus; Czechia_N; Czechia_N-oAnatolia; Czechia_N-oWHG; Czechia_N_Baden; Czechia_N_GlobularAmphora; Czechia_N_Hallstatt; Czechia_N_Jordanow_Michelsberg; Czechia_N_TRB; Czechia_Radovesice_II_IA_LaTene; Germany_Alberstedt_LN; Germany_Althausen_CordedWare; Germany_Anselfingen_EBA; Germany_AspergGrafenbuehl_IA_Hallstatt; Germany_AugsburgHugoEckenerStrasse; Germany_AugsburgHugoEckenerStrasse_BellBeaker; Germany_AugsburgHugoEckenerStrasse_BellBeaker-oEEF; Germany_Baltrum_MN; Germany_BenzingerodeHeimburg_BellBeaker; Germany_BenzingerodeHeimburg_LN; Germany_Bergrheinfeld_CordedWare; Germany_BlatterhohleCave_MN; Germany_BlatterhohleCave_MN-oWHG; Germany_DGFLan_BellBeaker; Germany_DingolfingLandau_BellBeaker; Germany_DitzingenSchockingen_IA; Germany_EBA_Afanasievo; Germany_EberdingenHochdorfBiegel_IA_Hallstatt; Germany_ErwitteSchmerlecke_MN; Germany_Esperstedt_CordedWare; Germany_Esperstedt_CordedWare-o; Germany_Esperstedt_EBA_Unetice; Germany_Esperstedt_MN; Germany_Esperstedt_MN_Baalberge; Germany_Eulau_EBA_Unetice; Germany_HalberstadtSonntagsfeld_LBA; Germany_HaunstettenPostillionstrasse_EBA; Germany_HaunstettenPostillionstrasse_MBA; Germany_HaunstettenUntererTalweg121_CordedWare; Germany_HaunstettenUntererTalweg5862_BellBeaker; Germany_HaunstettenUntererTalweg5862_BellBeaker-oEEF; Germany_HaunstettenUntererTalweg5862_EBA; Germany_HaunstettenUntererTalweg851_BellBeaker; Germany_HaunstettenUntererTalweg89_CordedWare; Germany_Heuneburg_IA_Hallstatt; Germany_IrlbachLKR_BellBeaker; Germany_Karsdorf_LN_Karsdorf; Germany_KleinaitingenGewerbegebietNord_EBA; Germany_KonigsbrunnAmpack_BellBeaker; Germany_KonigsbrunnObereKreuzstrasseBaugebiet110_EBA; Germany_KunzingBruck_BellBeaker; Germany_LangenenslingenAlteBurg_IA_Hallstatt; Germany_Leubingen1_EBA_Unetice; Germany_Leubingen2_EBA_Unetice; Germany_LudwigsburgRomerhugel_IA_Hallstatt; Germany_Magdalenenberg_IA_Hallstatt; Germany_ManchingOberstimm_BellBeaker; Germany_Niedertiefenbach_LN_Wartberg; Germany_OberottmarshausenKiesgrubeLauter_MBA; Germany_OberottmarshausenKiesgrubeLauter_MBA-o; Germany_OsterhofenAltenmarkt_BellBeaker; Germany_Ostorf_LN; Germany_Ostorf_LN-oOberkassel1; Germany_Quedlinburg12_BellBeaker; Germany_Quedlinburg7_BellBeaker; Germany_Quedlinburg8_EBA_Unetice; Germany_Quedlinburg9_MN_Baalberge; Germany_Rothenschirmbach_BellBeaker; Germany_Rubenheim_IA_Hallstatt; Germany_SalzmundeSchiepzig_MN_IA_c_Salzmuende; Germany_Singen_EBA; Germany_Singen_EBA-o; Germany_StkrStraubing_BellBeaker; Germany_Tangermunde_LN; Germany_Tangermunde_LN-oWHG; Germany_Tiefbrunn_CordedWare; Germany_Tiefbrunn_CordedWare-1; Germany_Tollensebattlefield_BA; Germany_Tollensebattlefield_BA-1; Germany_Tollensebattlefield_BA-2; Germany_Untermeitingen_BA; Germany_WehringenHochfeld_BellBeaker; Germany_WehringenHochfeld_EBA; Germany_Weichering_BellBeaker; Germany_WeyheDreye_LN-oOberkassel2; Germany_WormsHerrnsheim_BellBeaker; Hungary_BA; Hungary_BalatonkereszturRetidulo_EBA_II_EncrustedPottery; Hungary_BalatonkereszturRetidulo_EBA_I_Kisapostag; Hungary_BalatonkereszturRetidulo_LateC_SomogyvarVinkovci; Hungary_BalatonlelleFelsoGamasz_LateC_Baden; Hungary_EBA_BellBeaker; Hungary_EBA_Mako; Hungary_EBA_Maros; Hungary_EBA_Protonagyrev; Hungary_EIA; Hungary_EIA-3; Hungary_EIA_Hallstatt; Hungary_EIA_Mezocsat; Hungary_EIA_Mezocsat_Prescythian; Hungary_EIA_Mezocsat_Prescythian-1; Hungary_EIA_Mezocsat_Prescythian-3; Hungary_EIA_Prescythian; Hungary_IA_Celt; Hungary_IA_LaTene; Hungary_IA_LaTene-3; Hungary_IA_LaTene-o; Hungary_IA_LaTene-oEast; Hungary_IA_LaTene-oWest; Hungary_IA_Scythian; Hungary_IA_Scythian-2; Hungary_IA_Scythian-o; Hungary_IA_Scythian-oAegean; Hungary_IA_SremGroup; Hungary_LBA; Hungary_LBA_EIA_Kyjatice_Piliny; Hungary_LBA_EIA_Kyjatice_Piliny-o; Hungary_LBA_Halva; Hungary_LBA_IA; Hungary_LBA_IA_PreGava; Hungary_LateC_Baden; Hungary_LateC_Baden-o; Hungary_LateC_EBA_Yamnaya; Hungary_LateC_IA_c_Baden; Hungary_LateC_Protoboleraz; Hungary_LateC_Yamnaya; Hungary_LateC_Yamnaya-o; Hungary_MBA_Fuzesabony; Hungary_MBA_Vatya; Hungary_MBA_Vatya-2; Hungary_MBA_Vatya-o; Hungary_MN_Szakalhat_c; Poland_BA; Poland_BA_Trzciniec; Poland_BellBeaker; Poland_ChopiceVeseleCulture; Poland_CordedWare; Poland_CordedWare-1; Poland_CordedWare-3; Poland_CordedWare-o; Poland_EBA; Poland_EBA_Unetice; Poland_Eneolithic; Poland_GlobularAmphora; Poland_IA_Wielbark; Poland_TRB; Poland_TRB-o; Slovakia_EBA_Yamnaya; Slovakia_EIA_Vekerzug; Slovakia_LIA_LaTene; Slovakia_Yamnaya; Switzerland_BellBeaker; Switzerland_EBA-1; Switzerland_EBA-2; Switzerland_EBA_II-2; Switzerland_LN; Switzerland_LN-o; Switzerland_LN-oSteppe
EUROPE_CENTRAL_T2	629	91	Austria_AsparnSchletz_N_LBK; Austria_EN_LBK; Austria_Mesolithic; Austria_N_LBK; Austria_N_LBK-oHG; Czechia_C_Baalberge; Czechia_EN; Czechia_EN_LBK; Czechia_MN; Czechia_N; Czechia_N-oWHG; Czechia_N_Jordanow; Germany_BadDurrenberg_Mesolithic; Germany_Bockstein_Mesolithic; Germany_Bottendorf_Mesolithic; Germany_Criewen_Mesolithic; Germany_DerenburgMeerenstieg2_N_LBK; Germany_DillingenSteinheim_EN_LBK; Germany_Drigge_Mesolithic; Germany_EssenbachAmmerbreite_EN_LBK; Germany_FalkensteinHohle_Mesolithic; Germany_GrossFredenwalde_Mesolithic; Germany_HalberstadtSonntagsfeld_EN; Germany_HalberstadtSonntagsfeld_EN_LBK; Germany_HalberstadtSonntagsfeld_N; Germany_Herxheim_N_LBK; Germany_Karsdorf_EN_LBK; Germany_Schwetzingen_EN; Germany_Spiekeroog_Mesolithic; Germany_StuttgartMuhlhausen1_EN; Germany_StuttgartMuhlhausen2_EN; Germany_StuttgartMuhlhausen2_EN_LBK; Germany_Unterwiederstedt_EN_LBK; Germany_Urdhohle_Mesolithic; Germany_ViesenhaeuserHof_EN; Germany_ViesenhaeuserHof_EN_LBK; Hungary_C_Balaton_Lasinja; Hungary_C_Bodrogkeresztur; Hungary_C_Bodrogkeresztur-1; Hungary_C_Bodrogkeresztur-2; Hungary_EN_HG_Koros-oWHG; Hungary_EN_Koros; Hungary_EN_Koros-o; Hungary_EN_Koros-oWHG; Hungary_EN_LBK_DVK; Hungary_EN_SeredniiStihMigrant-oKhvalynsk; Hungary_EN_Starcevo; Hungary_EN_Starcevo-1; Hungary_EN_Starcevo-2; Hungary_EarlyC_Bodrogkeresztur_Tiszapolgar; Hungary_EarlyC_Tiszapolgar; Hungary_LN_Csoszhalom_Herpaly_Tisza; Hungary_LN_Lengyel; Hungary_LN_Lengyel-Dup; Hungary_LN_Sopot; Hungary_LN_Tisza; Hungary_MCHA_Hunyadihalom; Hungary_MN; Hungary_MN-Dup; Hungary_MN_ALBK; Hungary_MN_ALBK_Szakalhat; Hungary_MN_AVK; Hungary_MN_AVK-o; Hungary_MN_AVK-oHG1; Hungary_MN_AVK-oLevant; Hungary_MN_AVK_Bukk; Hungary_MN_AVK_Esztar; Hungary_MN_AVK_Szakalhat; Hungary_MN_AVK_Szatmar; Hungary_MN_AVK_Tiszadob; Hungary_MN_Koros; Hungary_MN_LBK; Hungary_MN_Mako_Nagyrev; Hungary_MN_Szakalhat; Hungary_MN_Szakalhat_c; Hungary_MN_Tisza; Hungary_MN_Vinca; Hungary_N_Koros; Hungary_N_LBK; Hungary_N_LateAVK; Poland_BKG; Poland_BKG-1; Poland_BKG-2; Poland_Mesolithic; Poland_N_ELBK; Poland_N_LLBK_LLengyel; Slovakia_N; Slovakia_N_LBK; Slovakia_N_LBK-o; Slovakia_N_ZeliezovceGroup; Switzerland_LN
EUROPE_CENTRAL_T3	8	6	Germany_BrillenhohleAchValley_Magdalenian; Germany_HohleFelsAchValley_Magdalenian; Germany_Oberkassel_Federmesser_LMagdalenian; Germany_Westerheim_Magdalenian-oWHG; Poland_Magdalenian; Switzerland_Epipaleolithic
EUROPE_CENTRAL_T4	18	4	Austria_Gravettian; Czechia_Gravettian; Czechia_Zlatykun_IUP; Germany_Ranis_IUP
EUROPE_EAST_T0	409	127	Adygei; Aleut; Altaian; Altaian-o; Avar; Bashkir; Bashkir-o; Buryat; Chechen; Chukchi; Eskimo_ChaplinSireniki; Eskimo_Naukan; Even; Itelmen; Kalmyk; Koryak; Lezgin; Mansi; Mari; Moldova_Scythian-3; Ossetian; Russia_Alan; Russia_AltaiKrai_Medieval-2; Russia_Bashkortostan_EIA2_PyanyBor; Russia_Bashkortostan_EarlyMedieval_Karayakupovo; Russia_Bashkortostan_Medieval_LateChiyalik; Russia_Bashkortostan_MigrationPeriod_Kushnarenkovo; Russia_Bashkortostan_MigrationPeriod_Nevolino; Russia_Bashkortostan_Roman_Bakhmutinsky_Mazuninsky; Russia_Bashkortostan_Roman_Mazunino; Russia_Boyasky_IA_Mazunino; Russia_Buryatia_XiongnuPeriod; Russia_ChalmnyVarre_Historic; Russia_Chechnya_Roman_MigrationPeriod; Russia_Chelyabinsk_Karayakupovo_Kushnarenkovo; Russia_Chukotka_Antiquity_OldBeringSea; Russia_Chukotka_EarlyModern_OldBeringSea; Russia_Chukotka_Medieval; Russia_Chukotka_OldBeringSea; Russia_Dubrovsky_IA_Mazunino; Russia_EMA_Viking_OldRus; Russia_EarlyMedieval; Russia_EarlyMedieval_Viking; Russia_EarlyMedieval_Viking_OldRus; Russia_EarlyMedieval_Viking_OldRus-o; Russia_EarlyMedieval_Vyatichi; Russia_Ekazhevo_IA_Alan; Russia_Ivanovo_EarlyMedieval; Russia_Ivanovo_Medieval; Russia_Kalmykia_Medieval_Modern; Russia_Kalmykia_Medieval_Modern-2; Russia_KamchatkaKrai_IA; Russia_KhantyMansiyskAutonomousOkrugUgra_HanMan; Russia_Khazar_Don; Russia_LIA_Tashtyk; Russia_LateSarmatian; Russia_Medieval_Caucasus; Russia_Medieval_Kusnarenkovo_Karajakupovo; Russia_Medieval_Nomad; Russia_Medieval_OldRus; Russia_MigrationPeriod_RyazanOka; Russia_OldBeringSea_Antiquity; Russia_Omsk_HanMan; Russia_Omsk_HanMan-o; Russia_Omsk_LateAntiquity_Chernoozersky; Russia_Omsk_Modern_Chernoozersky; Russia_PermKrai_EarlyMedieval_Nevolino; Russia_Roman_RyazanOka; Russia_Roman_TarandGraves; Russia_Sakha_Medieval; Russia_SaltovoMayaki; Russia_Samara_Khazar; Russia_Samara_Khazar-1; Russia_Samara_Khazar-3; Russia_Samara_Khazar-4; Russia_Samara_Khazar-oEastAsia; Russia_Tatarstan_EarlyMedieval; Russia_Tatarstan_EarlyMedieval_EarlyBulgar; Russia_Tatarstan_EarlyMedieval_Karayakupovo; Russia_Tatarstan_EarlyMedieval_Karayakupovo_Kushnarenkovo; Russia_Tatarstan_Medieval_EarlyChiyalik; Russia_Tatarstan_Medieval_Modern; Russia_Tatarstan_Roman_Mazunino; Russia_Tyumen_EIA_Sargatka; Russia_Tyumen_HanMan; Russia_Tyumen_Medieval_Alakul; Russia_Udmurtia_EIA2_Roman_PyanyBor_Mazunino; Russia_Udmurtia_EarlyMedieval; Russia_Udmurtia_EarlyMedieval-oEastAsia; Russia_Udmurtia_EarlyMedieval_Karayakupovo; Russia_Udmurtia_EarlyMedieval_Nevolino; Russia_Udmurtia_Medieval_LateChiyalik; Russia_Udmurtia_Medieval_LateChiyalik-oEurope; Russia_Udmurtia_Roman_Mazunino; Russia_Ulyanovsk_Khazar-2; Russia_Viking; Russia_Viking-o; Russia_Vladimir_LateMedieval_OldRus; Russia_Vladimir_Modern; Russia_XiongnuPeriod; Russia_Zaboryinsky_IA_Mazunino; Russia_Zaragizh_MigrationPeriod_Alan; Russian; Tatar_Irtysh_Barabinsk; Tatar_Tomsk; Tatar_Volga; Teleut; Tubalar; Ukraine_Bochkove_EarlyMedieval_SaltovoMayaki; Ukraine_Classical; Ukraine_EarlyMedieval; Ukraine_EarlyMedieval_Viking_OldRus; Ukraine_EarlyMedieval_Viking_OldRus-o; Ukraine_EarlyModern_Cossack; Ukraine_GoldenHorde_LateMedieval; Ukraine_LateMedieval; Ukraine_LateMedieval_Nogai; Ukraine_Liubivka_Classical_Sarmatian; Ukraine_Medieval_OldRus; Ukraine_Roman-o; Ukraine_Roman_BuhDniester; Ukraine_Roman_BuhDniester-o; Ukraine_Shushaku_Classical_Chernyakhov; Ulchi; Yakut; Yakut_1; Yakut_2
EUROPE_EAST_T1	1236	311	Moldova_BA; Moldova_BA-o; Moldova_Bursuceni_EN_Gordinesti_Khadzhider_Zhivotilovka-oCaucasus; Moldova_Cimmerian; Moldova_EBA_Usatove; Moldova_EBA_Yamnaya; Moldova_EBA_Yamnaya-o; Moldova_EN_Gordinesti_Khadzhider_Zhivotilovka-oCaucasus; Moldova_Eneolithic; Moldova_Eneolithic_Gordinesti_Khadzhider_Zhivotilovka-oCaucasus; Moldova_Eneolithic_Trypillia; Moldova_Eneolithic_Usatove; Moldova_GlobularAmphora_Yamnaya; Moldova_Gordinesti; Moldova_IA_Catacomb; Moldova_LBA_Kvitianskaia_PostMariupol; Moldova_LBA_Sabatinovka; Moldova_MBA; Moldova_MBA_Catacomb; Moldova_MBA_MultiCordonedWare; Moldova_PocrovcaV_Eneolithic; Moldova_Scythian; Moldova_Scythian-1; Moldova_Scythian-2; Russia_Adygea_MLBA; Russia_Adygea_Maikop; Russia_Adygea_Maikop_Novosvobodnaya; Russia_Afanasievo; Russia_AltaiKrai_Afanasievo; Russia_AltaiKrai_Eneolithic; Russia_AltaiKrai_MLBA; Russia_AltaiKrai_N; Russia_AltaiKrai_N-oEastAsia; Russia_AltaiKrai_N_Bolshemys; Russia_Altai_Afanasievo; Russia_Altai_EIA_Afanasievo; Russia_Altai_Eneolithic_Afanasievo; Russia_Altai_IA-3; Russia_Andronovo; Russia_Andronovo-o; Russia_Antiquity_OldBeringSea; Russia_Aymyrlyg_IA_Hun; Russia_Aymyrlyg_IA_Saka; Russia_BA_NorthCaucasus_Steppe; Russia_BA_Okunevo; Russia_BA_Okunevo-1; Russia_Bashkortostan_EIA2; Russia_Bashkortostan_EIA2_PyanyBor; Russia_Bashkortostan_LBA; Russia_BolshoyOleniyOstrov_BA; Russia_BolshoyOleniyOstrov_MBA; Russia_Buryatia_EIA; Russia_Buryatia_MBA; Russia_Buryatia_XiongnuPeriod; Russia_Catacomb_Steppe; Russia_Caucasus_EBA; Russia_Caucasus_KuraAraxes; Russia_Caucasus_KuraAraxes-2; Russia_Caucasus_MBA; Russia_Caucasus_Maikop; Russia_Chelyabinsk_BA; Russia_Chelyabinsk_EBA_Yamnaya; Russia_Chelyabinsk_Eneolithic_Kulmetovskiy; Russia_Chelyabinsk_MBA_Poltavka; Russia_Chelyabinsk_MLBA_Sintashta; Russia_Chelyabinsk_MLBA_Sintashta-1; Russia_Chelyabinsk_MLBA_Sintashta-2; Russia_Chelyabinsk_MLBA_Sintashta-3; Russia_Chelyabinsk_N_BA; Russia_Chelyabinsk_Petrovka; Russia_Chukotka_Antiquity_OldBeringSea; Russia_Chukotka_LN_EBA; Russia_Chukotka_OldBeringSea; Russia_Dagestan_EMBA; Russia_EBA_Caucasus_Yamnaya; Russia_EBA_Glazkovo; Russia_EBA_Irkutsk; Russia_EBA_Kalmykia_Yamnaya; Russia_EBA_NorthCaucasus; Russia_EBA_Yamnaya; Russia_EIA_IA_Sargatka; Russia_EIA_IA_Sargatka-o; Russia_EIA_Koban; Russia_EIA_LateSarmatian; Russia_EMBA_Don_Yamnaya; Russia_EMBA_FatyanovoBalanovo_CordedWare_Volga; Russia_EarlySarmatian; Russia_EasternScythian; Russia_EasternScythian-o; Russia_Eneolithic_Caucasus; Russia_Eneolithic_CaveBurials; Russia_Eneolithic_EBA_Caucasus; Russia_Eneolithic_Lyalovo; Russia_Eneolithic_Lyalovo-Dup; Russia_Eneolithic_SeredniiStih_Don; Russia_Eneolithic_Volosovo; Russia_Eneolithic_Volosovo-Dup; Russia_GornoAltaisk_Afanasievo; Russia_IA_OldBeringSea; Russia_Irkutsk_BA; Russia_Irkutsk_BA_Irkutsk; Russia_Irkutsk_EBA; Russia_Irkutsk_EBA-o; Russia_Irkutsk_EBA_Glazkovo; Russia_Irkutsk_Eneolithic; Russia_Irkutsk_Eneolithic_BA; Russia_Irkutsk_Glazkovo; Russia_Irkutsk_N; Russia_Irkutsk_N_Angara; Russia_Irkutsk_N_Angara-o; Russia_Irkutsk_Serovskaya; Russia_Ivanovo_BA; Russia_Ivanovo_BA-o; Russia_Ivanovo_EMBA; Russia_Ivanovo_Eneolithic_Volosovo; Russia_Ivanovo_MLBA_CordedWare_Fatyanovo; Russia_KabardinoBalkaria_Maikop; Russia_Kalmykia_EBA_Yamnaya; Russia_Kalmykia_EBA_Yamnaya-1; Russia_Kalmykia_EMBA_EasternManych; Russia_Kalmykia_EMBA_Yamnaya; Russia_Karasuk; Russia_Karasuk-1; Russia_Karasuk-oAegean; Russia_Khakassia_Afanasievo; Russia_Khakassia_Afanasievo_Khakassia; Russia_Khakassia_Afanasievo_Yenisei; Russia_Khakassia_EBA_Afanasievo; Russia_Khakassia_EBA_Afanasievo-oOkunevo; Russia_Khakassia_EIA_TagarPeriod; Russia_Khakassia_Eneolithic_Afanasievo; Russia_Khakassia_Karasuk; Russia_Koban; Russia_KrasnodarKrai_LBA_Dolmen; Russia_KrasnoyarskKrai_Afanasievo; Russia_KrasnoyarskKrai_EBA; Russia_KrasnoyarskKrai_EBA_Glazkovo; Russia_KrasnoyarskKrai_EMBA_Samuskaya; Russia_KrasnoyarskKrai_LBA_IA-1; Russia_KrasnoyarskKrai_LBA_Karasuk_Yenisei; Russia_KrasnoyarskKrai_LN_Yenisei-Dup; Russia_KrasnoyarskKrai_MLBA; Russia_KrasnoyarskKrai_MLBA-o; Russia_KrasnoyarskKrai_MLBA_Andronovo; Russia_KrasnoyarskKrai_N_Angara; Russia_Kurgan_EIA_IA; Russia_Kurgan_Eneolithic_CombWare; Russia_LBA_Mezhovka; Russia_LateMaikop; Russia_LateMaikop_Caucasus; Russia_MBA_Catacomb-o; Russia_MBA_Catacomb_Don; Russia_MBA_Caucasus; Russia_MLBA_Caucasus; Russia_MLBA_Sintashta; Russia_Maikop; Russia_Maikop_Steppe; Russia_Maikop_Steppe-2; Russia_Mordovia_Eneolithic_Ekaterinovka; Russia_Moscow_BA; Russia_Moscow_EMBA; Russia_Murmansk_MBA; Russia_Novosibirsk_BA; Russia_Novosibirsk_EBA; Russia_Novosibirsk_Eneolithic; Russia_Novosibirsk_LBA; Russia_Novosibirsk_MLBA; Russia_OldBeringSea_Antiquity_OldBeringSea; Russia_Omsk_EBA_Okunevsky; Russia_Omsk_EIA_Irtysh_Sargatka; Russia_Omsk_EMBA_Irtysh_SeimaTurbino; Russia_Omsk_EMBA_Irtysh_SeimaTurbino-1; Russia_Omsk_EMBA_Irtysh_SeimaTurbino-2; Russia_Omsk_EMBA_Irtysh_SeimaTurbino-3; Russia_Omsk_EMBA_Irtysh_SeimaTurbino-oEastAsia; Russia_Omsk_EMBA_Irtysh_SeimaTurbino-oYamnaya; Russia_Omsk_Eneolithic; Russia_Omsk_Eneolithic-2; Russia_Omsk_Eneolithic_Chernoozersky; Russia_Omsk_Eneolithic_Okunevsky; Russia_Omsk_IA-1; Russia_Omsk_IA-2; Russia_Omsk_IA-3; Russia_Omsk_IA_Irmenskaya; Russia_Omsk_IA_Irmenskaya-o; Russia_Omsk_N-o; Russia_Orenburg_EBA_Yamnaya; Russia_Orenburg_EarlySarmatian; Russia_PrimorskyKrai_IA_Yankovsky; Russia_PrimorskyKrai_MN; Russia_PrimorskyKrai_MN_Boisman; Russia_Rostov_BA_EarlyCatacomb; Russia_Rostov_BA_LateYamnaya; Russia_Rostov_BA_WestManychCatacomb; Russia_Rostov_EBA_Don_Yamnaya; Russia_Rostov_EBA_Don_Yamnaya-1; Russia_Rostov_EBA_Don_Yamnaya-3; Russia_Rostov_EBA_Srubnaya-1; Russia_Rostov_EBA_Yamnaya; Russia_Rostov_EBA_Yamnaya-o; Russia_Rostov_EMBA_Don_Yamnaya; Russia_Rostov_Eneolithic_Steppe; Russia_Rostov_MBA_Catacomb; Russia_Rostovka_EMBA_Irtysh_SeimaTurbino; Russia_Sakha_BA_Yakutia; Russia_Sakha_Belkachi; Russia_Sakha_LN; Russia_Sakha_LN_Ymyakhtakh; Russia_Samara_EBA_IA_c_Yamnaya; Russia_Samara_EBA_Yamnaya; Russia_Samara_Eneolithic; Russia_Samara_Eneolithic-o; Russia_Samara_LBA_Srubnaya; Russia_Samara_LBA_Srubnaya-1; Russia_Samara_LBA_Srubnaya_Daunian; Russia_Samara_LateEneolithic; Russia_Samara_MBA_Poltavka; Russia_Samara_MBA_Poltavka-2; Russia_Samara_MBA_Poltavka-oEEF; Russia_Samara_MBA_Potapovka; Russia_Samara_MBA_Potapovka-2; Russia_Samara_MLBA_Potapovka; Russia_Samara_MLBA_Potapovka-1; Russia_Saratov_EBA_IA_c_Yamnaya; Russia_Saratov_Scythian; Russia_Sarmatian; Russia_StavropolKrai_BA; Russia_StavropolKrai_BA_Steppe_Lola; Russia_StavropolKrai_Caucasus_EBA; Russia_StavropolKrai_EBA-o; Russia_StavropolKrai_EBA_Yamnaya; Russia_StavropolKrai_Eneolithic; Russia_StavropolKrai_MLBA; Russia_Steppe_Catacomb; Russia_Steppe_Maikop; Russia_Steppe_Maikop-o; Russia_Tagar; Russia_Tatarstan_EIA1_Ananyino; Russia_Tatarstan_Eneolithic; Russia_Tatarstan_LBA_Maklasheevka; Russia_Tatarstan_LBA_Srubnaya; Russia_Tuva_IA_AldyBel; Russia_Tver_BA; Russia_Tver_EMBA; Russia_UpperVolga_Eneolithic_Volosovo; Russia_Volgograd_EBA-1; Russia_Volgograd_EBA_IA_c_Yamnaya; Russia_Volgograd_EBA_Yamnaya; Russia_Volgograd_EBA_Yamnaya-o; Russia_Vologda_EIA; Russia_Yaroslav_EMBA; Russia_Yaroslav_EMBA-o; Russia_Yaroslavl_BA; Russia_Yaroslavl_EMBA; Russia_ZabaykalskyKrai_BA; Russia_shoreofOkhotskSea_BA; Ukraine_BA; Ukraine_C; Ukraine_Cheremushna_LIA_Scythian; Ukraine_Cherkasy_Eneolithic_SeredniiStih; Ukraine_Dnieperpetrovsk_EBA_Yamnaya; Ukraine_Dnieperpetrovsk_Eneolithic_SeredniiStih; Ukraine_DonetsBasin_Eneolithic_SeredniiStih-3; Ukraine_DonetsBasin_MBA; Ukraine_EBA; Ukraine_EBA_Catacomb; Ukraine_EBA_Yamnaya-o; Ukraine_EIA; Ukraine_EIA1_ForestSteppe_Scythian; Ukraine_EIA1_ForestSteppe_Scythian-1; Ukraine_EIA2_BuhDniester_ForestSteppe_Scythian; Ukraine_EIA2_ForestSteppe_Scythian; Ukraine_EIA_Cimmerian; Ukraine_EIA_Cimmerian-1; Ukraine_EIA_LateSrubna-o; Ukraine_EIA_Scythian; Ukraine_Eneolithic_C_Usatove; Ukraine_Eneolithic_EBA_Usatove; Ukraine_Eneolithic_Trypillia; Ukraine_IA_Hallstatt_Thracian; Ukraine_IA_Lusatian; Ukraine_IvanoFrankivsk_MBA_Catacomb-1; Ukraine_Kirovohrad_EBA; Ukraine_Kirovohrad_Eneolithic-oHG; Ukraine_Kirovohrad_N-oHG; Ukraine_Kyiv_EIA1_ForestSteppe_Scythian-1; Ukraine_Kyiv_Eneolithic_SeredniiStih; Ukraine_LBA; Ukraine_LBA_Cimmerian; Ukraine_LBA_EIA; Ukraine_LBA_EIA_Don; Ukraine_LBA_Trzciniec_Komarow; Ukraine_LBA_Vysotska; Ukraine_LIA; Ukraine_LIA_Antiquity_Antiquity; Ukraine_LIA_Scythian; Ukraine_MBA_CordedWare; Ukraine_MIA_Scythian; Ukraine_MalaRogozianka_LIA_Scythian; Ukraine_Odesa_EBA; Ukraine_Odesa_EBA_Catacomb; Ukraine_Odesa_EBA_Catacomb_Yamnaya_possible; Ukraine_Odesa_EBA_Yamnaya; Ukraine_Odesa_Eneolithic_SeredniiStih; Ukraine_Odesa_Eneolithic_Usatove; Ukraine_Odesa_MBA_Babino_MultiCordonedWare; Ukraine_Odessa_EBA_Yamnaya; Ukraine_Shevchenko_EBA_Yamnaya; Ukraine_Ternopil_Eneolithic_Trypillia; Ukraine_VertebaCave_Eneolithic_Trypillia; Ukraine_Zaporizhia_EBA_Yamnaya
EUROPE_EAST_T2	581	121	Moldova_Eneolithic; Russia_Adygea_EN_ProtoMaikop; Russia_Adygea_Eneolithic; Russia_AltaiKrai_Eneolithic_Altai; Russia_AltaiKrai_LN; Russia_AltaiKrai_N; Russia_AltaiKrai_N_Bolshemys; Russia_AltaiKrai_N_Itkul; Russia_Buryatia_EN_Kitoi; Russia_Buryatia_N; Russia_Caucasus_Eneolithic; Russia_Chelyabinsk_Eneolithic_Kulmetovskiy; Russia_Chukotka_LN_EBA-o; Russia_EN_Angara; Russia_EN_Kitoi; Russia_Eneolithic_Caucasus; Russia_Eneolithic_Meshoko; Russia_Eneolithic_SeredniiStih_Don; Russia_Eneolithic_Steppe; Russia_Eneolithic_Volosovo; Russia_Eneolithic_Volosovo-Dup; Russia_Irkutsk_EBA; Russia_Irkutsk_EN; Russia_Irkutsk_EN_Kitoi; Russia_Irkutsk_EN_Serovskaya; Russia_Irkutsk_Eneolithic; Russia_Irkutsk_N; Russia_Irkutsk_N_Angara; Russia_Irkutsk_N_Pribaikal; Russia_Ivanovo_Eneolithic_Volosovo; Russia_Ivanovo_Eneolithic_Volosovo_Lyalovo; Russia_Ivanovo_LN; Russia_Ivanovo_LN-Dup; Russia_Ivanovo_LN_Lyalovo; Russia_Ivanovo_LN_Lyalovo-Dup; Russia_Kalmykia_Eneolithic; Russia_Karelia_Mesolithic; Russia_Karelia_Mesolithic_HG; Russia_KemerovoOblastKuzbass_N; Russia_KrasnodarKrai_N; Russia_KrasnoyarskKrai_LN; Russia_KrasnoyarskKrai_N; Russia_KrasnoyarskKrai_N_Angara; Russia_Kurgan_N; Russia_Lipetsk_N_Don; Russia_Moscow_Mesolithic; Russia_N_Volosovo_Lyalovo; Russia_Novosibirsk_Eneolithic; Russia_Novosibirsk_LN; Russia_Novosibirsk_Mesolithic; Russia_Novosibirsk_N; Russia_Novosibirsk_N-1; Russia_Omsk_Eneolithic; Russia_Omsk_Eneolithic-2; Russia_Omsk_Eneolithic_Chernoozersky-2; Russia_Omsk_LN; Russia_Omsk_N; Russia_Orenburg_Mesolithic-1; Russia_Orenburg_N; Russia_PrimorskyKrai_AmurRiver_N; Russia_PrimorskyKrai_MN; Russia_PrimorskyKrai_MN_Boisman; Russia_PrimorskyKrai_N; Russia_Rostov_Eneolithic; Russia_Rostov_Eneolithic-2; Russia_Sakha_EN; Russia_Sakha_Mesolithic; Russia_Sakha_N_Yakutia; Russia_Samara_EN_Mesolithic; Russia_Samara_Eneolithic; Russia_Samara_Eneolithic_Ekaterinovka; Russia_Samara_Eneolithic_Ekaterinovka-o; Russia_Samara_Eneolithic_Khvalynsk; Russia_Samara_Eneolithic_Syezzheye; Russia_Saratov_Eneolithic; Russia_Saratov_Eneolithic_Khvalynsk; Russia_Sidelkino2_Mesolithic-Dup; Russia_StavropolKrai_Eneolithic; Russia_StavropolKrai_Eneolithic_Steppe; Russia_Sverdlovsk_Gamayun; Russia_Tatarstan_Eneolithic; Russia_Tyumen_EN; Russia_Tyumen_EN_Mesolithic; Russia_Tyumen_N; Russia_Tyumen_N_HG; Russia_Ulyanovsk_EN; Russia_UralRiver_Mesolithic; Russia_Volgograd_EBA_Berezhnovka; Russia_Volgograd_Eneolithic_Berezhnovka; Russia_Vologda_Mesolithic; Russia_Voronezh_N; Russia_Voronezh_N_Mariupol; Russia_ZabaykalskyKrai_Mesolithic; Russia_ZabaykalskyKrai_N; Ukraine_Dnieperpetrovsk_Eneolithic_SeredniiStih; Ukraine_Dnieperpetrovsk_Eneolithic_SeredniiStih-oEHG; Ukraine_Dnieperpetrovsk_N; Ukraine_DonetsBasin_Eneolithic_SeredniiStih; Ukraine_DonetsBasin_Eneolithic_SeredniiStih-1; Ukraine_Donetsk_N; Ukraine_Eneolithic_C_Usatove; Ukraine_Eneolithic_SeredniiStih; Ukraine_Epipaleolithic_Mesolithic; Ukraine_Kirovohrad_EN; Ukraine_Kirovohrad_Eneolithic_SeredniiStih; Ukraine_Kirovohrad_Eneolithic_SeredniiStih-Dup; Ukraine_Kirovohrad_N; Ukraine_Kirovohrad_N-2; Ukraine_Kirovohrad_N-Dup; Ukraine_Mesolithic; Ukraine_Mesolithic-Dup; Ukraine_N; Ukraine_N_Mariupol; Ukraine_Odesa_Eneolithic; Ukraine_Odesa_Eneolithic-oCaucasus; Ukraine_Odesa_Eneolithic_Usatove-oCaucasus2; Ukraine_Zaporizhia_EN; Ukraine_Zaporizhia_Eneolithic_SeredniiStih; Ukraine_Zaporizhia_N; Ukraine_Zaporizhia_N_DnieperDonets_MtCemetery; Ukraine_Zaporizhia_N_DnieperDonets_MtCemetery-Dup
EUROPE_EAST_T3	2	1	Russia_AfontovaGora_UP
EUROPE_EAST_T4	9	5	Russia_DenisovaCave; Russia_Kostenki_UP; Russia_Sunghir_UP; Russia_UstIshim_IUP; Russia_YanaRiver_UP
EUROPE_EAST_T5	7	4	ChagyrskayaCave_Neanderthal; Mezmaiskayacave_Neanderthal; Russia_Denisova; Russia_Denisova_Neanderthal_Mix
EUROPE_EAST_T6	3	2	Altai_Neanderthal; Russia_DenisovaCave_MPleistocene
EUROPE_NORTH_T0	904	236	Denmark_AamosenGammelvind_IA_BogSkeleton_LateGermanic; Denmark_Aastofte_Roman; Denmark_Alken_Enge_EarlyRomanBogWar; Denmark_Allerslev_IA_EarlyGermanic; Denmark_Almager_EarlyRoman; Denmark_Alpegard_LateRoman; Denmark_Alsted_LateRoman; Denmark_Asnaes_EarlyRoman; Denmark_Asnaes_Roman; Denmark_AssistensKirkegard_Modern; Denmark_Bakkendrup_Viking; Denmark_Bakkendrup_Viking_Viking; Denmark_Barse_Roman; Denmark_BarupSandgrav_LateRoman; Denmark_Baunehoj_LateRoman; Denmark_Bilidt_IA; Denmark_Blaesenborgvej_IA_EarlyGermanic; Denmark_Bodkergardsmark_Viking; Denmark_Bogebjerg_EarlyRoman; Denmark_BogebjerggardRostofte_Roman; Denmark_Bogovej_Viking; Denmark_Borre_Enge_IA_LateGermanic_WetlandSkeleton; Denmark_Borritshoved_EarlyRoman; Denmark_Bredebjerggard8_LateRoman; Denmark_Broskov_LateRoman; Denmark_Bulbjerg_EarlyRoman; Denmark_Bulbjerg_Roman; Denmark_EarlyModern; Denmark_EarlyViking; Denmark_Egebjerg_LateRoman; Denmark_EgedalMose_PreImperialRoman_EarlyRoman; Denmark_Eksercerpladsen_EarlyRoman; Denmark_Elkenoere_PreImperialRoman_BogSkeleton; Denmark_Endegaarde_LateRoman; Denmark_Engbjerg_Roman; Denmark_Espe_IA_LateGermanic; Denmark_Farevejlegard_EarlyRoman; Denmark_ForlevForlevI_Viking_Viking; Denmark_Fraugde_LateRoman; Denmark_GammelHasserisGrusgrav_LateRoman; Denmark_Gedebjerg_EarlyRoman; Denmark_GevningeOverdrev_PreImperialRoman; Denmark_Glerup_EarlyRoman; Denmark_Glerup_Modern; Denmark_Graesbjerg_Roman; Denmark_GronhojgardVaarst_LateRoman; Denmark_HammerStrandhuse_Roman; Denmark_Haraldsted_EarlyRoman; Denmark_Hastrup_Roman; Denmark_Havnegard_IA; Denmark_Hellevad_IA_Germanic; Denmark_Hemmeshoj_Roman; Denmark_Hoby_EarlyRoman; Denmark_Hojgard_LateRoman; Denmark_Hojstrupvej_Viking_Viking; Denmark_HorbySkov_EarlyRoman; Denmark_Humble_Viking; Denmark_HundstrupMose_IA; Denmark_Hvidovre_EarlyRoman; Denmark_HyldebjergVaarst_IA; Denmark_IA; Denmark_Illerup_weapon_sacrifice_site_EarlyRomanBogWar; Denmark_Juellinge_EarlyRoman; Denmark_Kaagarden_Viking; Denmark_Kalmargarden_EarlyMedieval; Denmark_Kildehus_EarlyRoman; Denmark_Kirkebakkegard_LateRoman; Denmark_Kirkebjerggaard_LateRoman; Denmark_KongensNytorv_EarlyModern; Denmark_Kongsted_Lyng_Store_Lyng_Viking_LateGermanic; Denmark_KornumBro_Viking; Denmark_KumleHoje_Viking; Denmark_Kyndby_IA_LateGermanic; Denmark_Laebrogard_LateRoman; Denmark_Landledgard_EarlyRoman; Denmark_Landlystvej_EarlyRoman; Denmark_Langdyssegard_PreImperialRoman; Denmark_Lejre_Viking_Viking; Denmark_Lejrhoje_LateRoman; Denmark_Lekkende_LateRoman; Denmark_LilleBjerggardSonderholm_IA; Denmark_Lillevasby_EarlyRoman; Denmark_Lundbjerggard_Roman; Denmark_MaerkebaekgardSyd_Viking; Denmark_Maglebjerghoj_IA_EarlyGermanic; Denmark_MandemarkeBakker_EarlyRoman; Denmark_Medieval; Denmark_Mellemholm_LateRoman; Denmark_Mellemholm_Roman; Denmark_Mors_EarlyModern; Denmark_MosedeFort_EarlyRoman; Denmark_NaestvedMark_LateRoman; Denmark_NederVindinge_LateRoman; Denmark_NordenbrogardHesselbjerg_EarlyRoman; Denmark_Norrebjerg_Viking_Viking; Denmark_Nymarksgaard_IA; Denmark_Objergaard_EarlyRoman; Denmark_Objergaard_Roman; Denmark_Olby_LateRoman; Denmark_Osjergaard_EarlyRoman; Denmark_Osjergaard_LateRoman; Denmark_Regnemark_LateRoman; Denmark_Regstrup_EarlyRoman; Denmark_Rolund_EarlyRoman; Denmark_RomdrupChristianshoj_Roman; Denmark_Romdrupgard_EarlyRoman; Denmark_Rosenaeen_IA; Denmark_SOEL_964_Engbjerg_LateRoman; Denmark_Sanddal_LateRoman; Denmark_Sanddal_Roman; Denmark_Sandlyngmose_IA_Germanic; Denmark_Scheelsminde_EarlyRoman; Denmark_SdrTranderAalborg_PreImperialRoman; Denmark_SdrTranders_LateRoman; Denmark_SdrTranders_PreImperialRoman; Denmark_SdrTranders_Roman; Denmark_Sejlsbjerg_EarlyRoman; Denmark_Simonsborg_EarlyRoman; Denmark_Simonsborg_Roman; Denmark_SkafterupMark_EarlyRoman; Denmark_Skovgarde_LateRoman; Denmark_Skyttemarksvej_LateRoman; Denmark_Slusegard_EarlyRoman; Denmark_Slusegard_LateRoman; Denmark_Slusegard_Roman; Denmark_Smidie_EarlyRoman; Denmark_SondrupOstergaardUlstrupsogn_Roman; Denmark_Sperrestrup_Roman; Denmark_Stalmosegard_EarlyRoman; Denmark_Stalmosegard_LateRoman; Denmark_Stenlille_EarlyRoman; Denmark_StoreGrandlose_EarlyRoman; Denmark_Strandby_EarlyRoman; Denmark_ToksvaerdBy_EarlyRoman; Denmark_TrekronerGrydehoj_IA_LateGermanic; Denmark_Trelleborg_Viking; Denmark_Trelleborg_Viking_Viking; Denmark_TvaervejenetapeIIIAsperupsognsbnr56BagHerredOdenseAmt_PreImperialRoman; Denmark_TvejeMerlose_LateRoman; Denmark_Ubby_EarlyRoman; Denmark_VaerloseAlugod_Roman; Denmark_VarpelevVest_LateRoman; Denmark_Varpelev_EarlyRoman; Denmark_VemmetofteSkovridergard_LateRoman; Denmark_Vendsyssel_Holger_Friis_kaelder_PreImperialRoman; Denmark_Vendsyssel_Svennum_IA; Denmark_VesterEgesborg_EarlyRoman; Denmark_VesterKlodske_Roman; Denmark_Viking; Denmark_Viking-1; Denmark_Viking-2; Denmark_Viking-o; Denmark_VilstedSognIX_PreImperialRoman; Denmark_VindingeVestIII_EarlyRoman; Denmark_VindingeVestIII_LateRoman; Denmark_VindingeVestIII_Roman; Estonia_EarlyMedieval_EarlyViking; Estonia_Medieval; Estonian; FIN; FIN-o; Finland_IA_Saami; Finland_Kaldamaki_IA; Finland_Levanluhta; Finland_Levanluhta-2; Finland_Levanluhta_IA; Finnish; Lithuania_Berciunai_IA_barrows; Lithuania_Kaireneliai_IA_FlatGraves; Lithuania_Kalneliai_IA_barrows; Lithuania_Kalniskiai_IA_FlatGraves; Lithuania_Marvele_IA_FlatGraves; Lithuania_Maudziorai_IA_barrows; Lithuania_MigrationPeriod; Lithuania_MigrationPeriod_BalticBarrows; Lithuania_Vaineikiai_Modern_barrows; Norway_Aunvollen_Viking; Norway_Balsnes_IA; Norway_BoleFlatangerMT210612A7271_IA_EarlyGermanic; Norway_BoleFlatangerMT210613A7272_Roman; Norway_BomoSnasaM_Roman; Norway_EngeSomnaM_IA_LateGermanic; Norway_Engholmen2_IA_LateGermanic; Norway_Folstad_EarlyRoman; Norway_Fore1_Roman; Norway_HolmBindalM_IA_LateGermanic; Norway_IA; Norway_JarlsbergHerregaard_IA_LateGermanic; Norway_JoaNamsosM_IA_LateGermanic; Norway_Joa_IA; Norway_Joa_IA_LateGermanic; Norway_LundNamsosM_IA_LateGermanic; Norway_Lund_IA; Norway_Medieval; Norway_Medieval-o; Norway_NordRollnes_IA; Norway_PreViking; Norway_RjoaSola_LateRoman; Norway_RoyneOrlandetM_LateRoman; Norway_SkeieKlepp_IA_EarlyGermanic; Norway_Skongeneshelleren_IA; Norway_Skongeneshelleren_Roman; Norway_StorfosenOrlandM_IA_LateGermanic; Norway_Toldnes_EBA; Norway_TomeideNesnaM_IA_LateGermanic; Norway_TomeideNesnaM_LateRoman; Norway_TomeideNesnaM_Roman; Norway_Tyrifjorden_Roman; Norway_ValstadVerdalM_LateRoman; Norway_VikKlepp_IA_LateGermanic; Norway_VikOrlandetMT2812611_IA_EarlyGermanic; Norway_Viking; Norway_Viking-1; Norway_Viking-2; Norway_YtreKvaroyLuroy_IA_LateGermanic; Norwegian; Saami; Sweden_AlbacksbackenMaglarp_EarlyRoman; Sweden_AlbacksbackenMaglarp_Roman; Sweden_AlbacksbackenMaglarp_Viking; Sweden_EarlyViking; Sweden_Hojagard_IA_Jastorf; Sweden_IA; Sweden_IA-1; Sweden_IA-2; Sweden_LN_Viking; Sweden_Landbogarden_IA; Sweden_Lilla_Smedby_EarlyRoman; Sweden_Medieval; Sweden_Morbylanga_LateRoman; Sweden_PostMedieval; Sweden_PreViking; Sweden_Sorby_Storlinge_EarlyRoman; Sweden_Viking; Sweden_Viking-1; Sweden_Viking-2
EUROPE_NORTH_T1	413	142	Denmark_AalstrupMellergaard_EIA; Denmark_Alken_Enge_EarlyRomanBogWar; Denmark_BA; Denmark_Bjoernstrupgaard_PreImperialRoman; Denmark_Borritshoved_EarlyRoman; Denmark_Bulbjerg_Roman; Denmark_Dagsmose_PreImperialRoman_BogSkeleton; Denmark_Djursland_SingleGraveCulture; Denmark_EBA; Denmark_EN; Denmark_EN-oWHG; Denmark_EN_LateMesolithic; Denmark_EN_N_TRB; Denmark_EngeldrupBroMelbySb19_PreImperialRoman; Denmark_GadevangMose_PreImperialRoman; Denmark_GerlevSTRVej10Indiv1MFG11497_LN; Denmark_GerlevSTRVej10Indiv2MFG11497_LN; Denmark_Hamahus_Roman; Denmark_Hejringe_LBA; Denmark_HestbekIII_PreImperialRoman; Denmark_Hestehavensmose_PreImperialRoman; Denmark_HyllebjergX_EBA; Denmark_Illemose_PreImperialRoman; Denmark_Illerup_weapon_sacrifice_site_EarlyRomanBogWar; Denmark_KaarebjergAgreTorslevHageGerlevSogn_LN; Denmark_Kalvehavegaard_EBA; Denmark_Kalvehavegaard_LN; Denmark_Karlstrup_BA; Denmark_Karlstrup_LN; Denmark_KavslundeEng_EBA; Denmark_Keldeklinte_Mose_PreImperialRoman; Denmark_LBA; Denmark_LN; Denmark_LN-o; Denmark_LN_BA; Denmark_Lauritshoej_PreImperialRoman; Denmark_Lejrhoje_LateRoman; Denmark_LillestrandBogensesb21_PreImperialRoman; Denmark_Lillevasby_LN; Denmark_Lygtebaek_EIA; Denmark_MN; Denmark_MN-2; Denmark_MN-oWHG; Denmark_MN_possible; Denmark_Maderne_LBA; Denmark_Museumsgarden_PreImperialRoman; Denmark_N; Denmark_N_MN_TRB; Denmark_N_TRB; Denmark_NeverkaerMoseHogholm_PreImperialRoman; Denmark_NrHedegard_LateRoman; Denmark_Nygaard_Mose_PreImperialRoman; Denmark_OustrupTaderupmose_PreImperialRoman; Denmark_OverVindinge_BA; Denmark_OverVindinge_LN; Denmark_Rislev_PreImperialRoman; Denmark_RorslokkeMoseTryggelev_EBA; Denmark_Saesing_PreImperialRoman; Denmark_SdrTostrupSonderTastrup_PreImperialRoman; Denmark_SingleGraveCulture; Denmark_SkivumVI_PreImperialRoman; Denmark_SkoleSamling_PreImperialRoman; Denmark_Skregeskov_PreImperialRoman; Denmark_SonderupXI_PreImperialRoman; Denmark_SondrupOstergaardUlstrupsogn_PreImperialRoman; Denmark_SorupSoSorupMose_PreImperialRoman; Denmark_Stenum_PreImperialRoman; Denmark_StistrupkaerVII_MN; Denmark_StrandlundenIIGerlevMFG19102_EBA; Denmark_StubberupOuesogn_PreImperialRoman; Denmark_Tanderup_EBA; Denmark_Tollestrup_Mose_LBA; Denmark_Tollestrup_Mose_PreImperialRoman; Denmark_TrundholmMose_PreImperialRoman; Denmark_TybjergMose_PreImperialRoman; Denmark_Uglemose_LN; Denmark_VaerebroASnydebro_LN; Denmark_VaerebroASnydebro_MN; Denmark_Vendsyssel_EIA; Denmark_VibsigMose_PreImperialRoman; Denmark_Vigsnaes_PreImperialRoman; Estonia_EIA_StoneCistGraves; Estonia_EIA_TarandGraves; Estonia_LBA_StoneCistGraves; Estonia_LBA_TarandGraves-o; Estonia_LN; Estonia_LN-2; Estonia_LN_CordedWare; Estonia_LN_CordedWare-1; Estonia_MN-1; Estonia_MN-2; Estonia_N; Estonia_Sope_LN_CordedWare; Latvia_LBA_FlatGraves; Latvia_LN_CordedWare; Latvia_MN-3; Latvia_MN_CombWare; Lithuania_LBA; Lithuania_LN; Norway_Bergvin_EBA; Norway_Eid_MLN; Norway_Engholmen_IA_LateGermanic; Norway_Fauskland_LN_EBA_BellBeaker; Norway_Krakeroy_EBA; Norway_LN_BA; Norway_N; Norway_Skjeggesnes_EBA; Norway_Solsem_LN_EBA; Norway_Sund_EBA; Norway_Sund_LN; Norway_Sund_LN_EBA; Norway_Toldnes_EBA; Norway_Tyrifjorden_PreImperialRoman; Norway_Verket_LN; Sweden_AlbacksbackenMaglarp_LN; Sweden_Asslerod_LN; Sweden_BA; Sweden_BattleAxe; Sweden_Bengtstorp_EarlyRoman; Sweden_C_BA; Sweden_EN; Sweden_Firsesten_Steppe-oSteppe2; Sweden_Fralsegarden_EBA-oSteppe1; Sweden_Fralsegarden_EBA-oSteppe2; Sweden_LN; Sweden_LN_EBA; Sweden_LN_EBA-o; Sweden_MN; Sweden_MN_C_BA; Sweden_MN_TRB; Sweden_Megalithic; Sweden_N; Sweden_N_LN; Sweden_N_MN_TRB; Sweden_N_possible; Sweden_Nastegarden_Steppe-oSteppe2; Sweden_PittedWare; Sweden_PittedWare-o; Sweden_Rossberga_N; Sweden_Rossberga_N_HG; Sweden_Rossberga_N_possible; Sweden_TRB
EUROPE_NORTH_T2	116	30	Denmark_Borremose_EN; Denmark_EN-oWHG; Denmark_EN_N_TRB; Denmark_EarlyMesolithic_Maglemose; Denmark_LateMesolithic_Ertebolle; Denmark_MM_Kongemose; Denmark_Mesolithic; Denmark_NorreVedby_EN; Denmark_RudsVedby_EN; Denmark_SdrTostrupSonderTastrup; Denmark_SludegaardSomose_EN; Estonia_EMN_Narva; Latvia_EMN; Latvia_EMN_Narva; Latvia_EarlyMesolithic_HG-oEHG; Latvia_Kunda; Latvia_LateMesolithic_Kunda; Latvia_MN; Latvia_MN-2; Latvia_MiddleMesolithic_Kunda; Lithuania_EMN; Lithuania_EMN_Narva; Lithuania_EMN_Narva-o; Lithuania_Mesolithic; Lithuania_MiddleMesolithic; Norway_Mesolithic; Sweden_EN_LateMesolithic; Sweden_LateMesolithic_Ertebolle; Sweden_Mesolithic; Sweden_Mesolithic_HG
EUROPE_NW_T0	1358	87	Basque; Belgium_EarlyMedieval; Belgium_EarlyMedieval_Merovingian; Belgium_EarlyModern; Belgium_HighMedieval; Belgium_HighMedieval_LateMedieval; Belgium_LateMedieval; Belgium_LateMedieval_EarlyModern; Belgium_Medieval; Belgium_Merovingian; Belgium_Modern; Belgium_Roman; England_Anglian; England_Britannia_ImperialRoman; England_Britannia_ImperialRoman-oLevant; England_Cambridgeshire_EarlyModern; England_Cambridgeshire_Medieval; England_Cambridgeshire_Medieval_EarlyModern; England_EarlyMedieval; England_EarlyMedieval-o; England_EarlyMedieval_Saxon; England_EarlyMedieval_Saxon-oSteppe; England_IA; England_ImperialRoman; England_Kent_EarlyMedieval_AngloSaxon; England_LIA; England_LIA-o; England_LateAntiquity_ImperialRoman; England_MIA; England_Medieval; England_Randwick_Long_Barrow_Roman; England_Roman; England_Saxon; England_Saxon-oAfrica; England_Saxon-oIran; England_Viking; England_Viking-o; English; France_Bucy_le_Long_IA_LaTene; France_Camp_du_Chateau_LateAntiquity; France_ChausseSaintPierre_Medieval; France_FrenchAlps; France_GrandEst_ImperialRoman_Roman-oLevant; France_GrandEst_LateAntiquity_ImperialRoman_Roman; France_GrandEst_LateAntiquity_ImperialRoman_Roman-oLevant; France_GrandEst_LateAntiquity_Roman; France_GrandEst_Medieval; France_HautsdeFrance_Oise_LateAntiquity_ImperialRoman_Roman_possible; France_Medieval; France_Medieval-o; France_Parancot_Medieval; France_SaintLupienReze_Medieval; France_Vix_mont_Saint_Marcel_Medieval; France_Vix_tumulus_3_Medieval; French; GBR; Iceland_Christian; Iceland_Early_Christian-o; Iceland_PreChristian; Iceland_Viking; Icelandic; Ireland_EarlyMedieval; Ireland_Viking; IsleofMan_Viking; Netherlands_EarlyMedieval_Saxon; Netherlands_Friesland_Medieval_Saxon; Netherlands_Friesland_Medieval_Saxon-oEastMediterranean; Netherlands_Hogebeintum_IA_Frisian; Netherlands_MN_Hazendonk; Netherlands_Medieval_Saxon; Netherlands_Medieval_Saxon-Dup; Netherlands_Medieval_Saxon-oAfrica1; Netherlands_Medieval_Saxon-oAfrica2; Netherlands_Oosterbeintum_IA_Frisian; Netherlands_Roman; Netherlands_ValkenburgMarktveld_EarlyRoman; Netherlands_ValkenburgMarktveld_Roman; Orcadian; Scotland_EarlyMedieval; Scotland_EarlyMedieval_Pictish; Scotland_IA; Scotland_LIA; Scotland_Orkney_Mine_Howe_IA; Scotland_Viking; Scotland_Viking-o; Scottish; Wales_Viking
EUROPE_NW_T1	1126	181	Belgium_LN; Belgium_N; Belgium_N-o; Belgium_N-oSteppe; England_BellBeaker; England_BellBeaker-o; England_BellBeaker-ohighEEF; England_BellBeaker-ohighWHG; England_BellBeaker-olowEEF; England_BellBeaker_mediumEEF-omediumEEF; England_EBA-ohighEEF; England_EBA_BellBeaker; England_EBA_C; England_EBA_C-ohighEEF; England_EBA_C-olowEEF; England_EBA_C_highEEF; England_EIA; England_EIA-ohighEEF; England_EIA_LIA_MIA_Arras; England_EN; England_EN-o; England_EN_Megalithic; England_EastYorkshire_LIA_MIA_Arras; England_EastYorkshire_MIA; England_IA; England_IA-o; England_IA-ohighEEF; England_LBA; England_LBA-ohighEEF; England_LBA-olowEEF; England_LIA; England_LIA_MIA; England_LIA_MIA-1; England_LIA_MIA-o; England_LIA_MIA-ohighEEF; England_LIA_MIA_Arras; England_MBA; England_MBA-ohighEEF; England_MBA-olowEEF; England_MIA; England_MIA-ohighEEF; England_MIA-olowEEF; England_N; England_NorthYorkshire_EBA; England_Northumberland_EBA; England_Thanet_EBA_C; England_Thanet_EBA_C-ohighEEF; France_BA; France_BA_Protohistoric; France_BA_Protohistoric_BellBeaker; France_BellBeaker; France_BellBeaker_LowSteppe-oLowSteppe; France_Bois_de_Serry_EBA; France_Bucy_le_Long_IA_LaTene; France_C; France_Calvados_MN; France_Calvados_N_Norman; France_Camp_du_Chateau_IA_Hallstatt; France_EBA; France_EBA-oEEF; France_EBA_BellBeaker; France_GrandEst_Aube_BA; France_GrandEst_Aube_EBA; France_GrandEst_Aube_IA; France_GrandEst_Aube_LN; France_GrandEst_Aube_LesPointesetlesGrevottes_LN; France_GrandEst_Aube_MN; France_GrandEst_BA_GalloRoman; France_GrandEst_BasRhin_EBA; France_GrandEst_BasRhin_IA; France_GrandEst_BasRhin_IA1; France_GrandEst_BasRhin_IA2; France_GrandEst_BellBeaker; France_GrandEst_BellBeaker_Bury-oNoSteppe; France_GrandEst_EBA; France_GrandEst_HautRhin_BellBeaker; France_GrandEst_HautRhin_EBA; France_GrandEst_HautRhin_EBA-o; France_GrandEst_HautRhin_IA; France_GrandEst_HautRhin_IA1; France_GrandEst_HautRhin_IA2; France_GrandEst_HautRhin_LBA; France_GrandEst_HautRhin_MN; France_GrandEst_IA; France_GrandEst_IA2; France_GrandEst_IA2-2; France_GrandEst_MLN; France_GrandEst_MLN-oHG1; France_HautsdeFrance_IA; France_HautsdeFrance_IA2; France_HautsdeFrance_LN; France_HautsdeFrance_Oise_IA; France_HautsdeFrance_Oise_IA2; France_HautsdeFrance_PasdeCalais_IA; France_Laignes_tumulus_de_Toucheboeuf_IA_LaTene; France_Le_Mesnay_les_Ecomboles_IA_Hallstatt; France_LesPointesetlesGrevottes_LN; France_Les_Moidons_BA; France_Les_Moidons_IA_Hallstatt; France_Les_Moidons_IA_LaTene; France_MBA; France_MN-1; France_MaiseyleDuc_tumulus_de_la_Tete_de_Maise_IA_Hallstatt; France_MaiseyleDuc_tumulus_de_la_Tete_de_Maisey_IA_Hallstatt; France_MaiseyleDuc_tumulus_du_Puits_de_Nod_IA_Hallstatt; France_Manche_IA; France_Megalithic_MN; France_N; France_N_BA; France_Occitanie_Aude_EBA; France_Occitanie_Aude_EMBA; France_Occitanie_Aude_IA; France_Occitanie_Aude_IA2; France_Occitanie_Aude_LN; France_Occitanie_Aude_LN_EBA_Veraza; France_Occitanie_Aude_LN_EBA_Veraza-oSteppe; France_Occitanie_Aude_LN_EMBA; France_Occitanie_Aude_LN_EMBA-oEEF; France_Occitanie_Aude_MN; France_Occitanie_EBA; France_Occitanie_Gard_AvendelaBoucle_N; France_Occitanie_Gard_IA; France_Occitanie_Gard_IA2; France_Occitanie_IA; France_Occitanie_IA2; France_Occitanie_MBA; France_Parancot_BA; France_Parancot_IA_Hallstatt; France_SaintMartinlaGarenne_LN; France_Sainte_ColombesurSeine_Tumulus_3_IA_LaTene; France_SouthEast_IA2; France_Tumulus_de_La_Foret_de_Chatillon_IA_Hallstatt; France_Vix_Les_Mousselots_IA_Hallstatt; France_Vix_Les_Tillies_IA_LaTene; France_Vix_les_Locheres_IA_Hallstatt; France_Yonne_IA; Ireland_EBA; Ireland_EN; Ireland_EN_MN; Ireland_LN; Ireland_MN; Ireland_Megalithic; Ireland_N; Netherlands_EBA; Netherlands_EIA; Netherlands_EN_LN_Swifterbant; Netherlands_EN_LateMesolithic; Netherlands_LBA; Netherlands_LBA_MBA; Netherlands_LIA; Netherlands_LIA_MIA; Netherlands_LNA_CordedWare_Vlaardingen; Netherlands_LNB_BellBeaker; Netherlands_LN_EBA_BellBeaker; Netherlands_MBA; Netherlands_MN; Netherlands_MN_Hazendonk; Netherlands_ValkenburgMarktveld_Roman; Scotland_BellBeaker; Scotland_EBA_C; Scotland_EBA_C-oEEF; Scotland_EBA_C-ohighEEF; Scotland_EBA_C_mediumhighEEF-omediumhighEEF; Scotland_EIA; Scotland_IA; Scotland_LBA; Scotland_LIA; Scotland_LIA_MIA; Scotland_MBA; Scotland_MIA; Scotland_N; Scotland_N-olowEEF; Scotland_N_mediumlowEEF-omediumlowEEF; Scotland_RaschoilleCave_N; Wales_EBA_C; Wales_IA; Wales_LBA; Wales_LIA; Wales_MBA; Wales_MIA; Wales_N
EUROPE_NW_T2	223	39	Belgium_Mesolithic; England_Mesolithic; France_Calvados_MN; France_Calvados_N_Norman; France_EN; France_EN-o; France_EN_MN; France_EN_MN-o; France_GrandEst_Aube_MN; France_GrandEst_BasRhin_EN; France_GrandEst_BasRhin_EN-o; France_GrandEst_BasRhin_MN; France_GrandEst_BasRhin_MN-o; France_GrandEst_Mesolithic; France_HautsdeFrance_EN; France_HautsdeFrance_MN; France_HautsdeFrance_Mesolithic; France_HautsdeFrance_PasdeCalais_MN; France_LeCres_C; France_Les_Moidons_N; France_MN; France_MN-1; France_Megalithic_MN; France_Mesolithic; France_N; France_Occitanie_Aude_MN; France_Occitanie_Gard_Mesolithic; France_Occitanie_MN; France_Yonne_MN; France_Yonne_N; Luxembourg_Loschbour_Mesolithic; Netherlands_EMN_Swifterbant; Netherlands_EN_LateMesolithic; Netherlands_EN_LateMesolithic_Swifterbant; Netherlands_EN_LateMesolithic_Swifterbant-o; Netherlands_LateMesolithic; Netherlands_Mesolithic; Netherlands_Mesolithic_Swifterbant; Scotland_Mesolithic
EUROPE_NW_T3	5	3	Belgium_Magdalenian; France_Magdalenian; France_Mesolithic
EUROPE_NW_T4	13	6	Belgium_Aurignacian; Belgium_Gravettian; Belgium_UP; France_Gravettian; France_Occitanie_Gravettian; France_Occitanie_Solutrean
EUROPE_NW_T5	1	1	France_GrotteMandrin_Neanderthal
GREECE_T0	4	4	Greece_Achaia_LateAntiquity_ImperialRoman; Greece_Chios_StIsidorCathedral_Byzantine; Greek; Greek_1
GREECE_T1	82	25	Greece_Achaea_LBA; Greece_Apatheia_BA; Greece_Argolid_Eleutherna_IA; Greece_Argolid_LBA; Greece_Attica_KolikrepiSpata_BA; Greece_Attica_KolikrepiSpata_LBA; Greece_Attica_LBA; Greece_BA; Greece_EBA; Greece_ElatiLogkassite_MBA; Greece_EpanoKoufonisi_EBA_Cycladic; Greece_Kastrouli_BA; Greece_Kastrouli_IA; Greece_LBA; Greece_Manika_EBA; Greece_NeaStyra_EBA; Greece_PalaceofNestor_BA; Greece_PalaceofNestor_EIA; Greece_Peloponnese_LBA; Greece_Peloponnese_N; Greece_PerachoraCave_EBA; Greece_Peristeria_BA; Greece_Salamis_BA; Greece_Sarakenos_EBA; Greece_TheopetraCave_EBA
GREECE_T2	9	4	Greece_N; Greece_NeaNikomedeia_EN; Greece_North_N; Greece_Peloponnese_N
IBERIA_T0	338	74	IBS; IBS-1; IBS_CanaryIslands; Portugal_BA; Portugal_C; Portugal_EarlyMedieval; Portugal_Gruta_do_Caldeirao_Medieval_Visigoth; Portugal_Islamic; Portugal_KingdomOfPortugal; Portugal_LateAntiquity_ImperialRoman_Roman; Portugal_LateAntiquity_ImperialRoman_Roman-oAfrica; Portugal_LateAntiquity_Roman-oAfrica; Portugal_LateRoman; Portugal_NapoleonicWar; Portugal_PostMedieval; Portugal_Reconquista; Portugal_Roman; Spain_Angostura_LateMiddleAges; Spain_Antoncojo_EarlyMiddleAges; Spain_Arenas_MiddleAges; Spain_BarrancoMajona_LateMiddleAges; Spain_Camino_de_las_Yeseras_MigrationPeriod_Visigoth; Spain_Carolingian; Spain_Cascajo_LateMiddleAges; Spain_Cuermeja_LateMiddleAges; Spain_EarlyMedieval; Spain_ElAgujero_LateMiddleAges; Spain_ElHormiguero_LateAntiquity; Spain_ElHormiguero_MiddleAges; Spain_ElPortillo_LateMiddleAges; Spain_Emirate_Islamic; Spain_Estevillas_Virgen_de_la_Torre_MigrationPeriod_Visigoth; Spain_Gerian_MiddleAges; Spain_Guayadeque_EarlyMiddleAges; Spain_Guayadeque_LateAntiquity; Spain_HuertodelosMorales_LateAntiquity; Spain_ImperialRoman-oAegean; Spain_ImperialRoman-oAfrica; Spain_ImperialRoman-oAfrica2; Spain_ImperialRoman-oLocal; Spain_ImperialRoman-oMixed; Spain_Islamic; Spain_LaFortaleza_LateAntiquity; Spain_LateAntiquity; Spain_LateAntiquity_Christian; Spain_LateAntiquity_ImperialRoman; Spain_LateAntiquity_ImperialRoman-oAfrica; Spain_LateAntiquity_ImperialRoman-oLocal; Spain_LosPasitos_MiddleAges; Spain_Los_Berrocales_MigrationPeriod_Visigoth; Spain_Medieval; Spain_Medieval-oNearEast; Spain_Medieval_Islamic; Spain_Medieval_Islamic_Zira; Spain_Medieval_Visigoth; Spain_MontanaMina_MiddleAges; Spain_MonterreyEstiviel_MigrationPeriod_Visigoth; Spain_NazariPeriod_African_Muslim; Spain_NazariPeriod_LateMuslim; Spain_NazariPeriod_Muslim; Spain_NazariPeriod_Muslim-o; Spain_PuntaAzul_LateMiddleAges; Spain_PuntaAzul_MiddleAges; Spain_Roman-oAfrica1; Spain_Roman-oAfrica2; Spain_Roman-oAfrica3; Spain_Roman-oEurope2; Spain_Roman_LateAntiquity-oAfrica; Spain_Roman_LateAntiquity-oMixed; Spain_Salitre_MiddleAges; Spain_SaltoCasimiro_MiddleAges; Spanish; Spanish-1; Spanish_North
IBERIA_T1	499	56	Gibraltar_EBA; Portugal_C; Portugal_EBA; Portugal_LBA; Portugal_LN; Portugal_LN_C; Portugal_LN_C-o; Portugal_MBA; Portugal_MN; Portugal_Megalithic_LN; Portugal_N; Spain_BA; Spain_BA-oSteppe; Spain_C; Spain_C-oAfrica; Spain_C-oSteppe; Spain_C_IA_c; Spain_Classical_Greek; Spain_Classical_Greek-oAegean; Spain_EBA; Spain_EBA_African; Spain_EBA_Argar; Spain_EBA_BA_Argar; Spain_EIA_Tartessian; Spain_Early; Spain_IA; Spain_IA-o; Spain_IA_CeltIberian; Spain_IA_CeltIberian-o; Spain_IA_Tartessian; Spain_LBA; Spain_LBA-2; Spain_LBA_Menorca; Spain_LIA; Spain_LN_BA_LatePunic-oLNBA; Spain_LateArchaic_Classical_Hellenistic; Spain_LateArchaic_Classical_Hellenistic-oAegean; Spain_LateArchaic_Classical_Hellenistic-oLocal; Spain_LatePunic; Spain_LatePunic-1; Spain_LatePunic-o; Spain_LatePunic-oAfrica; Spain_MBA; Spain_MLN; Spain_Punic; Spain_Punic-2; Spain_Punic-oEurope; Spain_Punic_African; Spain_Roman-oEurope; Spain_SE_Iberia; Spain_SE_Iberia_C; Spain_SW_Iberia; Spain_SW_Iberia_BA; Spain_SW_Iberia_C; Spain_SW_Iberia_C-o; Spain_Zapateria_EBA_Argar
IBERIA_T2	41	8	Gibraltar_EN; Portugal_EN_Cardial; Portugal_Mesolithic; Spain_Azilian; Spain_EN; Spain_EN-o; Spain_MLN; Spain_Mesolithic
IBERIA_T3	1	1	Spain_Magdalenian
IBERIA_T4	3	3	Spain_Gravettian; Spain_Solutrean; Spain_UP_HG
ITALY_T0	327	48	Italian_North; Italy_Apulia_Medieval; Italy_Apulia_Medieval-1; Italy_Apulia_Medieval-2; Italy_Basilicata_LateAntiquity_Roman; Italy_Basilicata_LateAntiquity_Roman-o; Italy_Campania_ImperialRoman; Italy_Campania_ImperialRoman-2; Italy_Campania_ImperialRoman_Roman; Italy_Lazio_EarlyMedieval; Italy_Lazio_IA_a_Etruscan; Italy_Lazio_ImperialRoman_Roman; Italy_Lazio_ImperialRoman_Roman-1; Italy_Lazio_ImperialRoman_Roman-2; Italy_Lazio_ImperialRoman_Roman-oAfrica; Italy_Lazio_ImperialRoman_Roman-oAnatoliaCaucasus; Italy_Lazio_ImperialRoman_Roman-oCentralEurope; Italy_Lazio_ImperialRoman_Roman-oLevant; Italy_Lazio_LateAntiquity_ImperialRoman_Roman; Italy_Lazio_LateAntiquity_ImperialRoman_Roman-1; Italy_Lazio_LateAntiquity_ImperialRoman_Roman-oEurope; Italy_Lazio_LateAntiquity_Roman; Italy_Lazio_LateAntiquity_Roman-2; Italy_Lazio_LateAntiquity_Roman-3CentralEuropean; Italy_Lazio_LateAntiquity_Roman-o; Italy_Lazio_LateAntiquity_Roman-oCentralEurope; Italy_Lazio_Medieval-oAegean; Italy_Lazio_Medieval_EarlyModern; Italy_Lazio_Medieval_EarlyModern-o; Italy_Lazio_Medieval_EarlyModern-oCentralEurope; Italy_Lazio_Medieval_EarlyModern-oIberian; Italy_Lazio_PalazzodellaCancelleria_Medieval-oAegean; Italy_Lazio_PalazzodellaCancelleria_Medieval-oEurope; Italy_Lazio_PalazzodellaCancelleria_Medieval_Roman_possible; Italy_Marche_ImperialRoman; Italy_Marche_ImperialRoman_Roman; Italy_Pesaro_LateAntiquity; Italy_Pesaro_LateAntiquity-Africa; Italy_Pesaro_LateAntiquity-oLevant; Italy_Piedmont_North_EarlyMedieval_Lombards-1; Italy_Piedmont_North_EarlyMedieval_Lombards-2; Italy_Piedmont_North_EarlyMedieval_Lombards-3; Italy_Piedmont_North_EarlyMedieval_Lombards-4; Italy_Ripa_Bianca_Roman_Lombards_Ostrogoth; Italy_Sud_Medieval; Italy_Tuscany_EarlyMedieval; Italy_Tuscany_LateAntiquity_ImperialRoman_Roman; TSI
ITALY_T1	177	51	Italy_Abruzzo_C; Italy_Abruzzo_IA_a_ProtoVillanovan-o; Italy_Apulia_BA; Italy_Apulia_Eneolithic; Italy_Apulia_IA_b_Daunian; Italy_Apulia_IA_b_IA_c_Daunian; Italy_Apulia_IA_c_Daunian; Italy_Apulia_IA_c_IA_d_Daunian; Italy_Campania_Eneolithic_Gaudo; Italy_EmiliaRomagna; Italy_EmiliaRomagna_BellBeaker1-1; Italy_EmiliaRomagna_BellBeaker2-2; Italy_EmiliaRomagna_BellBeaker3-3; Italy_Lazio; Italy_Lazio_BA; Italy_Lazio_BA_IA_a_Etruscan; Italy_Lazio_BA_IA_a_Etruscan-oEurope; Italy_Lazio_IA_Etruscan; Italy_Lazio_IA_RomanRepublic; Italy_Lazio_IA_RomanRepublic-oEastMediterranean; Italy_Lazio_IA_a_Etruscan; Italy_Lazio_IA_a_IA_c_Latini; Italy_Lazio_IA_a_IA_c_Latini-oEastMediterranean; Italy_Lazio_IA_b_Etruscan; Italy_Lazio_IA_b_Etruscan-oEastMediterranean; Italy_Lazio_IA_b_Volsci_Hernici; Italy_Lazio_IA_c_Etruscan; Italy_Lazio_IA_c_IA_d_Etruscan; Italy_Lazio_IA_d_Etruscan; Italy_Lazio_IA_d_Etruscan-oLevant; Italy_Lazio_TarquiniaCivita_IA_a_Etruscan; Italy_Lombardy_RemedellodiSotto_North_C; Italy_Lombardy_RemedellodiSotto_North_EBA; Italy_Marche_Eneolithic_Rinaldone; Italy_Monteriggioni_IA_Etruscan; Italy_Novilara_IA_Piceni; Italy_Sirolo_IA_Piceni; Italy_TrentinoSouthTyrol_North_MN; Italy_Tuscany_IA_a_Etruscan; Italy_Tuscany_IA_a_IA_b_Etruscan; Italy_Tuscany_IA_b_Etruscan; Italy_Tuscany_IA_b_IA_c_Etruscan; Italy_Tuscany_IA_b_IA_c_Etruscan-oSteppe; Italy_Tuscany_IA_c_Etruscan; Italy_Tuscany_IA_c_Etruscan-oEastMediterranean; Italy_Tuscany_IA_c_Etruscan-oSteppe; Italy_Tuscany_IA_c_IA_d_Etruscan-oEastMediterranean; Italy_Tuscany_IA_d_Etruscan; Italy_Veneto; Italy_Veneto_BA; Italy_Veneto_EBA
ITALY_T2	19	6	Italy_Abruzzo_Epigravettian; Italy_Abruzzo_N; Italy_Abruzzo_N-oWHG; Italy_Centro_Central_N; Italy_Lazio_C; Italy_Lazio_EN
ITALY_T3	3	3	Italy_Apulia_UP; Italy_FriuliVeneziaGiulia_Epigravettian; Italy_NordEst_Epigravettian
ITALY_T4	4	1	Italy_Apulia_Gravettian
LEVANT_T0	171	23	BedouinA; BedouinB; BedouinB_1; BedouinB_2; Druze; Israel_Medieval-oNorthAfrica; Jordanian; Lebanon_Chhim_Medieval-o; Lebanon_ImperialRoman; Lebanon_LateAntiquity_ImperialRoman_Roman; Lebanon_LateAntiquity_Roman; Lebanon_Medieval; Lebanon_Medieval-1; Lebanon_Medieval-2; Lebanon_Medieval-3; Lebanon_Medieval-4; Lebanon_Medieval-5; Lebanon_Roman; Palestinian; Samaritan; Syria_EarlyMedieval_Byzantine_Byzantine; Syria_Medieval-oAfrica; Syria_Umayyad
LEVANT_T1	131	22	Israel_IA; Israel_IA-o; Israel_IA1; Israel_IA1-o; Israel_IA2; Israel_IBA; Israel_LBA; Israel_LateC; Israel_MLBA; Israel_MLBA-o; Israel_MLBA-oCaucasus; Israel_Phoenician; Jordan_EBA; Jordan_LBA; Jordan_LBA-o; Lebanon_Hellenistic; Lebanon_IA2; Lebanon_IA3; Lebanon_IA3-1; Lebanon_ImperialRoman; Lebanon_MBA; Syria_EMBA
LEVANT_T2	36	7	Israel_C; Israel_LateC; Israel_LateC-2; Israel_PPNB_LN; Jordan_PPNB; Jordan_PPNB_LN; Jordan_PPNC
LEVANT_T3	12	1	Israel_Natufian
MAGHREB_T0	34	3	Algeria_Numidia_Roman_Berber; Mozabite; Saharawi
MAGHREB_T1	64	8	Algeria_KhenchelaCave_IA; Morocco_EN; Morocco_LN; Tunisia_LN; Tunisia_Punic; Tunisia_Punic-oAfrica; Tunisia_Punic-oAfrica1; Tunisia_Punic-oAfrica2
MAGHREB_T2	18	8	Morocco_EN; Morocco_Epipaleolithic; Morocco_KafTahtelGhar_Iberomaurusian; Morocco_MN; Morocco_N; Tunisia_N; Tunisia_N-1; Tunisia_N-2
MAGHREB_T3	6	2	Algeria_Afalou_Paleolithic; Morocco_Iberomaurusian
MALTA_T1	2	1	Malta_EBA
NORTH_AFRICA_EAST_T0	65	8	Sudan_Kulubnarti21R2_KulubnartiR_Christian; Sudan_Kulubnarti21R2_KulubnartiR_Christian-oNilotic; Sudan_Kulubnarti21S46_KulubnartiS_Christian; Sudan_KulubnartiR_Christian; Sudan_KulubnartiR_Christian-oNilotic; Sudan_KulubnartiS_Christian; Sudan_KulubnartiS_Christian-oNilotic; Sudan_KulubnartiS_Christian-oWestEurasia
NORTH_AFRICA_EAST_T1	2	2	Egypt_AbusirelMeleq_ThirdIntermediatePeriod; Egypt_Nuwayrat_EDynastic
OUTGROUP_T0	4275	629	ACB; ACB-1; ACB-2; ACB-3; ASW; ASW-oEurope; ASW-oNativeAmerican; Abkhasian; Ami; Ancestor; Argentina_500BP_Inca_Aconcagua; Argentina_BeagleChannel_100BP_Yamana; Argentina_BeagleChannel_1500BP_LateHorizon_Yamana; Argentina_BuenosAires_1600BP; Argentina_BuenosAires_800BP; Argentina_BuenosAires_900BP; Argentina_Catamarca_1000BP; Argentina_Catamarca_1200BP; Argentina_Catamarca_1200BP_Agropastoral; Argentina_Catamarca_1400BP; Argentina_Catamarca_1500BP; Argentina_Catamarca_1600BP; Argentina_Catamarca_500BP; Argentina_Catamarca_700BP; Argentina_Catamarca_700BP_Inca; Argentina_Catamarca_900BP; Argentina_Chaco_1400BP; Argentina_Chaco_1400BP_Chaco; Argentina_Chaco_200BP; Argentina_Cordoba_100BP; Argentina_Cordoba_1200BP_Comechingones; Argentina_Cordoba_1600BP; Argentina_Cordoba_1700BP; Argentina_Cordoba_1800BP; Argentina_Cordoba_600BP; Argentina_Cordoba_700BP; Argentina_Cordoba_700BP-oEurope; Argentina_Cordoba_800BP; Argentina_Cordoba_900BP; Argentina_CostaParanaMedio_800BP_GoyaMalabrigo; Argentina_EntreRios_700BP; Argentina_EntreRios_700BP_GoyaMalabrigo; Argentina_EntreRios_900BP; Argentina_EntreRios_LateHolocene_GoyaMalabrigo; Argentina_Formosa_1900BP_Chaco_EarlySubandean; Argentina_Jujuy_700BP; Argentina_NorthTierradelFuego_500BP_LateHorizon_Selknam; Argentina_NorthTierradelFuego_500BP_Selknam; Argentina_Pampas_1600BP; Argentina_Salta_600BP; Argentina_SanLuis_1900BP; Argentina_SanLuis_600BP_Comechingones; Argentina_SantaFe_1700BP_GoyaMalabrigo; Argentina_SantaFe_800BP_GoyaMalabrigo; Argentina_SantaFe_LateHolocene_Esperanza; Argentina_SantaFe_LateHolocene_GoyaMalabrigo; Argentina_SantiagodelEstero_1000BP_Sunchituyoj; Argentina_SantiagodelEstero_1400BP; Argentina_SantiagodelEstero_1700BP; Argentina_SantiagodelEstero_400BP; Argentina_SantiagodelEstero_500BP; Argentina_SantiagodelEstero_700BP; Argentina_StraitofMagellan_100BP_Kaweskar; Argentina_StraitofMagellan_100BP_Selknam; Argentina_TierradelFuego_400BP_Haush; Argentina_Tucuman_1600BP; Armenia_AgarakTownStadium_Medieval; Armenia_Aghitu_Antiquity; Armenia_Beniamin_Antiquity; Armenia_Beniamin_EarlyMedieval; Armenia_BlackFortress_Medieval_Modern; Armenia_Sarukhan_Antiquity; Armenia_Vardbakh_Antiquity; Armenian; Atayal; Australia_PreEuropean; Australian; Aymara; Azerbaijan_Shamakhi_Antiquity; BEB; BEB-o; BEN; BIR; BIR-o; Bahamas_Abaco_Ceramic; Bahamas_Andros_Ceramic; Bahamas_Crooked_Ceramic; Bahamas_Eleuthera_Ceramic; Bahamas_Eleuthera_Ceramic-Dup; Bahamas_Long_Ceramic; Bahamas_Moores_Ceramic; Bahamas_RaggedIslandRange_Ceramic; Bahrain_EMTylos; Bahrain_LTylos_Sasanian; Balochi; Balti; BantuSA; BantuSA_Ovambo; Biaka; Bolivia_1050BP; Bolivia_Akapana_1000BP_Tiwanaku; Bolivia_Akapana_900BP_Tiwanaku; Bolivia_Lukurmata_1700BP_Tiwanaku; Bolivia_Lukurmata_500BP_Tiwanaku; Bolivia_Lukurmata_900BP_Tiwanaku; Bolivia_MHorizon; Bolivia_MirafloresTiticacaBasin_MHorizon_1100BP; Bolivia_MonolitoDescabezado_1000BP_Tiwanaku; Bolivia_Pumapunku_1200BP_Tiwanaku; Bolivia_Putuni_1200BP_Tiwanaku; Bolivia_Totocachi_500BP_Tiwanaku; BosniaHerzegovina_Medieval; Botswana_EIA; Brahmin; Brahui; Brazil_CentralMinasGerais_300BP_Botocudo; Brazil_EastEspiritoSanto_LateHolocene_1800BP_HG; Brazil_EastEspiritoSanto_LateHolocene_1900BP_HG; Brazil_EastEspiritoSanto_LateHolocene_500BP_TupiguaraniPottery; Brazil_EastEspiritoSanto_LateHolocene_HG; Brazil_Para_LateHolocene_500BP_TupiguaraniPottery_Koriabo; Brazil_SouthSantaCatarina_LateHolocene_1200BP; Brazil_SouthSantaCatarina_LateHolocene_1300BP_HG; Brazil_SouthSantaCatarina_LateHolocene_1400BP; Brazil_SouthSantaCatarina_LateHolocene_1700BP_HG; Brazil_SoutheastBahia_Vau_600BP_UnaPottery; Brazil_SoutheastSaoPaulo_LateHolocene_100BP_Kaingang; Burmese; Burusho; CDX; CDX-o; CEU; CHB; CHS; CHS-o; CLM; Cambodia_IA; Cambodian; Canada_700BP; Canada_ASO_600BP; Canada_ASO_600BP-1; Canada_ASO_600BP-2; Canada_ASO_600BP-o; Canada_LateDorset; Canada_MDorset; Canada_MDorset-o; Canada_Thule; Canary_Guanche; ChannelIslands_LIA_LaTene; Chile_CaletaHuelen_1100BP; Chile_CerroJohnny_400BP_Aonikenk; Chile_Conchali_700BP; Chile_FaroMendez_100BP_Selknam; Chile_HosteIsland_800BP; Chile_Patagonia_1200BP; Chile_PicaOchoPica8_700BP; Chile_Precordillera_LIP_600BP_Pukara; Chile_Precordillera_LIP_700BP_Pukara; Chile_PuertoWilliams_800BP; Chile_PuntaSantaMaria_800BP; Chimp; China_EarlyModern_Modern; China_Fujian_Chuanyundong_Historic; China_Guangxi_BalongCave_NorthernAndSouthernDynasties; China_Guangxi_BandaCave_NorthernAndSouthernDynasties; China_Guangxi_CenxunCave; China_Guangxi_GaofengCave_MingDynasty_Qing; China_Guangxi_HuaqiaoCaves_MingDynasty; China_Guangxi_HuatuyanCave_MingDynasty; China_Guangxi_LadaCave_NorthernAndSouthernDynasties; China_Guangxi_LayiCave_NorthernAndSouthernDynasties; China_Guangxi_QinchangCave_NorthernAndSouthernDynasties; China_Guangxi_ShenxianCave; China_Guangxi_YinwangCave_MingDynasty; China_Guangxi_YiyangCave_NorthernAndSouthernDynasties; China_Guizhou_Dasongshan_MingDynasty; China_InnerMongolia_MogushanXianbeisite_IA_Xianbei; China_InnerMongolia_ZhalainuoerMiningSite_IA; China_Jinan_LiuJiaZhuang_Shang; China_Lahu; China_LateAntiquity; China_MBA; China_MLBA; China_NorthernChina_Xingfulindai; China_Qinghai_Dacaozisite_IA; China_Qinghai_Dacaozisite_IA-o; China_Qinghai_DulanWayanReservoirSite_Classical; China_Qinghai_DulanWayanReservoirSite_Classical-oWestEurasia; China_Qinghai_Yushu; China_Roman; China_Roman_LateAntiquity; China_Shandong_Dinggong_LateAntiquity; China_Tibet_Agangrong; China_Tibet_Chaxiutang; China_Tibet_Dama; China_Tibet_Gachong; China_Tibet_Gangre; China_Tibet_Gelintang; China_Tibet_Guge_Historic; China_Tibet_Gutong; China_Tibet_Kangyu; China_Tibet_Lajue; China_Tibet_Latuotanggu; China_Tibet_Longsangquduo; China_Tibet_Ounie; China_Tibet_Pulanduowa_IA; China_Tibet_Qulongsazha_IA; China_Tibet_Rangjun; China_Tibet_SdingChung; China_Tibet_Shigou; China_Tibet_Zhangcun; China_Xinjiang_Abusanteer_Antiquity; China_Xinjiang_Ayousaigoukou_Historical; China_Xinjiang_Baiyanghe_Historical; China_Xinjiang_G218_Historic; China_Xinjiang_Hetian_Antiquity; China_Xinjiang_Jirentaigoukou_Antiquity; China_Xinjiang_Junmachanyilian_Historical; China_Xinjiang_Junmachanyilian_Historical-oEastAsia; China_Xinjiang_Kafulang_Historical; China_Xinjiang_Keqikesubutai_Historical; China_Xinjiang_ShanpulaSampula_Antiquity; China_Xinjiang_ShanpulaSampula_Antiquity-oWestEurasia; China_Xinjiang_Tangbalesayi_Historical_Nomad; China_Xinjiang_Xianshuiquangucheng_Antiquity; China_Xinjiang_Xikakandasayi_Historical; China_Xinjiang_ZhagunlukeZaghunluq_IA; China_Zibo_TongLin_Jin; Colombia_LagunadeLaHerrera_Formative; Colombia_LasDelicias_Early_Muisca; Colombia_Portalegre_Muisca; Colombia_Purnia_Guane; Crimea_MithridatesHill; Crimea_SuvluKhaye_MigrationPeriod_Goth; Crimea_SuvluKhaye_MigrationPeriod_Sarmatian; Cuba_Ceramic; Cuba_PreCeramic; Cuba_PreCeramic-2; Curacao_Ceramic; Dai; Daur; DominicanRepublic_Ceramic; DominicanRepublic_Ceramic-oEurope; DominicanRepublic_DynastyII_LateCeramic; DominicanRepublic_LateCeramic; DominicanRepublic_PreCeramic; DominicanRepublic_PreCeramic-oEurope; DominicanRepublic_Samana_Ceramic; Dungan; Dusun; FaroeIslands_EarlyModern; FaroeIslands_EarlyModern-1; FaroeIslands_EarlyModern-2; FaroeIslands_Viking; FederatedStatesofMicronesia_400BP; FederatedStatesofMicronesia_SaudeleurDynasty; FrenchPolynesia_200BP; FrenchPolynesia_400BP; GIH; GIH-o; Georgia_Tkhina_19thCentury-oAfrican; Georgia_Tkhina_20thCentury; Georgian; Gorilla; Greenland_EarlyNorse; Greenland_EarlyNorse-1; Greenland_LateNorse; Guadeloupe_Ceramic; Guam_LateLattePeriod; Guam_Latte; Guam_PreLattePeriod; GujaratiA; GujaratiB; GujaratiC; GujaratiD; Haiti_Ceramic; Han; Hawaiian; Hazara; Hazara_1; Hazara_2; Hezhen; Honduras_Copan_Classic_Maya; Huichol; ILA; ILA-o; ITU; Igorot; India-oCentralEurope; India_100BP; India_Choskar; India_Choskar_LBA; India_Kibber_Modern; India_Lippa_Classical; India_Roopkund-A; India_Roopkund-B; India_Roopkund-C; India_Roopkund-oNearEast; India_Sanglung_EarlyMiddleAges; India_Tashigang_EarlyMiddleAges; Indian; Indonesia_250BP_Sulawesi; Indonesia_950BP_Sulawesi; Indonesia_EBA; Indonesia_LIA; Indonesia_LN_BA_IA; Indonesia_Majapahit; Indonesia_N; Indonesia_PreColonial_Majapahit; Iran_GanjDareh_Historic; Iran_Kalmakarehcave_Medieval; Iran_LiarsangBon_Parthian; Iran_Vestemin_MiddlePeriod_Sasanian; Iranian; Irula; JAR; JPT; Japan_Hamanaka2; Japan_KofunPeriod; Japan_Nagabaka_4000BP; Japan_Nagabaka_Historic; Japanese; Jew_Iraqi; Jew_Yemenite; Ju_hoan_North; KHV; KHV-1; KHV-2; Kalash; Kapu; Karakalpak; Karitiana; Kazakh; Kazakhstan_Berel_Hunnic; Kazakhstan_EarlyMedieval_Karakhanid; Kazakhstan_EarlyMedieval_Karluk-1; Kazakhstan_EarlyMedieval_KudyrgeCulture; Kazakhstan_EarlyModern_KazakhKhanate; Kazakhstan_GoldenHorde; Kazakhstan_Hun-o; Kazakhstan_Hun_Nomad_Sarmatian; Kazakhstan_IA; Kazakhstan_IA-2; Kazakhstan_IA-3; Kazakhstan_IA_Sarmatian-4; Kazakhstan_Kangju; Kazakhstan_Kangju-1; Kazakhstan_Karluk-2; Kazakhstan_Kimak; Kazakhstan_KipchakPeriod-1; Kazakhstan_KipchakPeriod-2; Kazakhstan_LIA; Kazakhstan_LIA-o; Kazakhstan_LIA_Elite_Hun; Kazakhstan_LateSarmatian; Kazakhstan_Medieval; Kazakhstan_Medieval_Nomad; Kazakhstan_Nomad; Kazakhstan_Sarmatian; Kazakhstan_Turkic; Kazakhstan_TurkicPeriod; Khomani_San; Khonda_Dora; Kinh_Vietnamese; Korean; Kusunda; Kyrgyz_Kyrgyzstan; Kyrgyzstan_Medieval_BlackDeath; Kyrgyzstan_Medieval_BlackDeath-oWestEurasia; Kyrgyzstan_Medieval_Nomad; Kyrgyzstan_Modern_Nomad; Kyrgyzstan_Osh_IA; Kyrgyzstan_Osh_IA-o; Kyrgyzstan_TianShan_Kenkol; Kyrgyzstan_TianShan_Kenkol-o; Kyrgyzstan_TianShan_Saka; Kyrgyzstan_Turkic; MXL; MXL-oEurope; Madiga; Makrani; Mala; Malaysia_Historical; Malaysia_Jehai; Maori; Mayan; Mexico_1100BP; Mexico_1100BP_TradicionTrincheras; Mexico_1700BP; Mexico_1900BP_TradicionTrincheras; Mexico_500BP_Pericues; Mexico_550BP_TradicionTrincheras; Mexico_600BP_TradicionTrincheras; Mexico_900BP_TradicionTrincheras; Mexico_950BP; Mexico_Colonial_African; Mexico_Colonial_European; Mexico_Colonial_Maya; Mexico_EarlyColonial; Mexico_LateClassic; Mexico_Medieval; Mexico_PreColumbian-6; Mexico_PreColumbian_Medio; Mexico_Tayopa_1000BP; Mexico_Zapotec; Miao; Mixe; Mixtec_1; Mixtec_2; Mongola; Mongolia_Arkhangai_EarlyMedieval; Mongolia_Arkhangai_EarlyMedieval-o; Mongolia_Arkhangai_LateMedieval; Mongolia_Arkhangai_XiongnuPeriod-1; Mongolia_Arkhangai_XiongnuPeriod-2; Mongolia_Arkhangai_XiongnuPeriod_EarlyMedieval-2; Mongolia_Arkhangai_XiongnuPeriod_EarlyMedieval-3; Mongolia_Bulgan_EarlyMedieval; Mongolia_Bulgan_EarlyMedieval_LateMedieval; Mongolia_Bulgan_LateMedieval; Mongolia_DarkhanUul_LateMedieval; Mongolia_Dornod_LateMedieval; Mongolia_Dornod_LateMedieval-o; Mongolia_Dornod_XiongnuPeriod; Mongolia_Dundgovi_LateMedieval; Mongolia_IA_Xianbei; Mongolia_Khentii_EarlyMedieval_FirstTurkicKhaganatePeriod; Mongolia_Khentii_EarlyMedieval_ZubuPeriod; Mongolia_Khentii_LateMedieval; Mongolia_Khentii_XiongnuPeriod; Mongolia_Khovd_EarlyMedieval; Mongolia_Khovd_LateMedieval; Mongolia_Khovd_XiongnuPeriod; Mongolia_Khovsgol_LateMedieval; Mongolia_Omnogovi_LateMedieval; Mongolia_Ovorkhangai_LateMedieval; Mongolia_Selenge_EarlyMedieval; Mongolia_Selenge_LateMedieval; Mongolia_Selenge_XiongnuPeriod; Mongolia_Selenge_XiongnuPeriod-2; Mongolia_Selenge_XiongnuPeriod_Medieval; Mongolia_Selenge_XiongnuPeriod_Medieval-1; Mongolia_Sukhbaatar_LateMedieval; Mongolia_Sukhbaatar_XiongnuPeriod; Mongolia_Sukhbaatar_XiongnuPeriod-o; Mongolia_Sukhbaatar_XiongnuPeriod_LateMedieval; Mongolia_Tov_EarlyMedieval; Mongolia_Tov_LateMedieval; Mongolia_Tov_XiongnuPeriod; Mongolia_Ulaangom_EIA_XiongnuPeriod-7; Mongolia_Uvs_EIA_XiongnuPeriod_LateMedieval; Mongolia_Uvs_LateMedieval-o; Mongolia_XiongnuPeriod; Mongolia_XiongnuPeriod_XianbeiPeriod; Nahua; Namibia_Bantu_Herero; Nasioi; Naxi; Nepal_1500BP; Nepal_Mustang_SamdzongTomb_MiddleKingdom; ONG; Oroqen; PEL; PEL-oEastAsia; PEL-oHighAfrican; PEL-oHighEuropean; PJL; PUN; PUR; PUR-oAfrica; PUR-oEurope; Pakistan_Historic_H; Pakistan_LBA; Pakistan_Medieval; Pakistan_Medieval-2; Pakistan_Medieval_Ghaznavid; Pakistani; Palau_KororQuarry_1500BP; Palau_Ngkeklau_1400BP; Palau_OmedokelCave_1400BP; Palau_OmedokelCave_700BP; Palau_Ucheliungscave_1400BP; Panama_Colonial-oEurope; Panama_Colonial-oNativeAmerican; Panama_PreColonial; PapuaNewGuinea_Eriama_EarlyModern; PapuaNewGuinea_Eriama_Modern; PapuaNewGuinea_Nebira_EarlyModern; PapuaNewGuinea_Nebira_LateMedieval; PapuaNewGuinea_Nebira_Medieval; PapuaNewGuinea_Nebira_Modern; PapuaNewGuinea_ReberRakival_IA; PapuaNewGuinea_ReberRakival_Medieval; PapuaNewGuinea_Tilu_Medieval; Papuan; Paraguay_1600BP_Chaco; Pathan; Peru_1600BP; Peru_1800BP; Peru_900BP; Peru_Antaura_Tiwanaku; Peru_ChinchaValley_LateHorizon; Peru_Colonial_Colonial; Peru_Cotahuasi_Tiwanaku; Peru_Cullcunche_Tiwanaku; Peru_EIP_1300BP; Peru_EIP_1350BP; Peru_EIP_1450BP; Peru_EIP_Moche; Peru_EarlyHorizon_2250BP_Paracas; Peru_LIP; Peru_LIP_550BP; Peru_LIP_600BP; Peru_LIP_600BP_LaGalgada; Peru_LIP_650BP; Peru_LIP_Chimu; Peru_LIP_Ychsma; Peru_LateHolocene_500BP; Peru_LateHolocene_Inca; Peru_MHorizon; Peru_MHorizon_LIP_850BP; Peru_MHorizon_LIP_Lambayeque; Peru_MHorizon_WariHighlands; Peru_Maucallacta_Tiwanaku; Peru_MiddleHolocene_1000BP; Peru_MiddleHolocene_950BP; Philippines_Kankanaey; Philippines_RedSlippedPottery; Piapoco; Pima; PuertoRico_Ceramic; PuertoRico_Ceramic-Dup; Punjabi; Quechua; RAJ; RIA; Relli_1; Relli_2; RepublicofKorea_ThreeKingdoms; STU; STU-1; STU-2; SaintHelena; SaintLucia_Ceramic; SaintMartin_Colonial_African; She; Sindhi_1; Sindhi_2; Sindhi_Pakistan; SolomonIslands_500BP; SouthAfrica_1200BP; SouthAfrica_400BP; SouthAfrica_LateHolocene; SouthAfrica_Springbokvlakte_Ceramic; Surui; Taiwan_IA; Tajik; Tajik-o; Tajik_Pamiri; Tajikistan_Khatlon_KushanPeriod; Thai; Thailand_IA; Thailand_IA_LogCoffin; Tonga_800BP; Tsimshian; Tu; Tujia; Turkmen; UBR; USA_1000BP; USA_1300BP; USA_1500BP; USA_1600BP; USA_1850BP; USA_300BP; USA_400BP; USA_600BP; USA_650BP; USA_900BP; USA_Alaska_Ancient_1100BP_Athabaskan; USA_Alaska_Athabaskan; USA_Alaska_NeoAleut; USA_Alaska_PaleoAleut; USA_California_1000BP; USA_California_1000BP_Chumash_Barbareno; USA_California_1100BP; USA_California_1400BP; USA_California_1500BP; USA_California_1700BP; USA_California_1900BP; USA_California_200BP_NativeAmerican; USA_California_400BP; USA_California_600BP; USA_California_800BP; USA_California_900BP; USA_California_LateHolocene_Chumash_Barbareno; USA_Colonist; USA_Maryland_Historic_AfricanAmerican; USA_Maryland_Historic_AfricanAmerican-oHighEuropean; USA_Maryland_Historic_African_European; USA_NewMexico_Chaco; USA_NorthernMariana_Latte_Chamoru; USA_NorthernMariana_Latte_Chamoru-o; Unknown_Medieval; Uruguay_PreColonial; Uyghur; Uzbek; Uzbekistan_Antiquity; Uzbekistan_Antiquity_HephthalitePeriod; Uzbekistan_HephthalitePeriod; Uzbekistan_KushanPeriod; VLR; Vanuatu_1100BP; Vanuatu_1200BP; Vanuatu_1300BP; Vanuatu_150BP; Vanuatu_200BP; Vanuatu_200BP-oPolynesian; Vanuatu_400BP; Vanuatu_400BP-o; Vanuatu_500BP; Vietnam_BA; Vietnam_Historical; Xibo; Yadava; Yemen_Medieval_Soqotri; Yi; Yukpa; hg19ref
OUTGROUP_T1	1830	526	Afghanistan_DarraiKurCave_MBA; Argentina_BuenosAires_2600BP; Argentina_BuenosAires_3300BP; Argentina_Catamarca_2100BP_Agropastoral; Argentina_Catamarca_2400BP; Argentina_Catamarca_4500BP; Argentina_Cordoba_1700BP; Argentina_Cordoba_2500BP; Argentina_Cordoba_2600BP; Argentina_Cordoba_2800BP; Argentina_Cordoba_3700BP; Argentina_Cordoba_3900BP; Argentina_Cordoba_4100BP; Argentina_Cordoba_4100BP_Comechingones; Argentina_Cordoba_4200BP; Argentina_Formosa_2200BP_Chaco_EarlySubandean; Argentina_NorthTierradelFuego_5800BP; Armenia_BagheriTchala_EIA; Armenia_Beniamin_Antiquity; Armenia_Beniamin_BA_IA; Armenia_Beniamin_EIA; Armenia_Beniamin_IA_Urartian; Armenia_Beniamin_LBA; Armenia_BlackFortress_LBA_EIA; Armenia_BoverIICemetery_BA_IA; Armenia_BoverIICemetery_IA_Urartian; Armenia_Brardzryal_IA_Urartian; Armenia_Brardzryal_IA_Urartian-o; Armenia_C; Armenia_DzhoghazBerkaber_EBA_KuraAraxes; Armenia_DzoriGekh_LBA_IA; Armenia_Harjis_Urartian_LIA; Armenia_Kalavan_EBA_KuraAraxes; Armenia_Kapan_EIA; Armenia_Kaps_EBA; Armenia_Kaps_EBA_KuraAraxes; Armenia_Karashamb_BA_IA; Armenia_Karashamb_EIA; Armenia_Karashamb_LBA; Armenia_Karashamb_LBA_EIA; Armenia_KarmirBlur_Antiquity; Armenia_KarmirBlur_EIA; Armenia_KarmirBlur_EIA_Urartian; Armenia_KarmirBlur_IA_Urartian; Armenia_KarmirBlur_IA_Urartian-o; Armenia_KarmirBlur_Urartian; Armenia_Karnut_EBA_EIA; Armenia_Karnut_EBA_KuraAraxes; Armenia_Karnut_IA_Urartian; Armenia_Katnaghbiur1_MBA; Armenia_Keti_Antiquity; Armenia_Keti_EIA; Armenia_Keti_IA_Urartian; Armenia_Keti_MBA; Armenia_Lchashen_LBA; Armenia_Lchashen_LBA-o; Armenia_Lchashen_LBA_EIA; Armenia_LernakertVeriBerd_MLBA; Armenia_LoriBerd_IA_LateUrartian-1; Armenia_LoriBerd_IA_Urartian-2; Armenia_LoriBerd_LBA_EIA; Armenia_LoriBerd_LBA_IA; Armenia_NerkinGetashen_LBA; Armenia_NerkinGetashen_LBA-o; Armenia_NerkinGetashen_LBA_EIA; Armenia_NerkinGetashen_MBA; Armenia_Norabak_BA_IA; Armenia_Norabak_EIA; Armenia_Noratus_Antiquity; Armenia_Noratus_BA_IA; Armenia_Noratus_IA_Urartian; Armenia_Noratus_LBA_EIA; Armenia_Noratus_LBA_IA; Armenia_Pidjut_EIA; Armenia_Pidjut_IA_Urartian; Armenia_Sarukhan_Antiquity; Armenia_Sarukhan_BA_IA; Armenia_Sarukhan_EIA; Armenia_Sarukhan_IA_Urartian; Armenia_Sarukhan_LBA; Armenia_Shengavit_EBA_KuraAraxes; Armenia_Talin_EBA_KuraAraxes; Armenia_Tavshut_MBA; Armenia_Tekhut_BA_IA; Azerbaijan_Alkhantepe_LateC; Belize_5600BP_Archaic_Maya; Belize_Archaic_4000BP_Maya; Belize_Archaic_4400BP_Maya; Belize_Archaic_4600BP_Maya; Belize_Archaic_5000BP_Maya; Belize_Archaic_5300BP_Maya; Brazil_EastEspiritoSanto_LateHolocene_2700BP_HG; Brazil_NorthSantaCatarina_LateHolocene_2500BP_HG; Brazil_NorthSantaCatarina_LateHolocene_2600BP_HG; Brazil_RioGrandeNorte_MiddleLateHolocene_HG; Brazil_SouthPiaui_LateHolocene_3500BP_HG; Brazil_SouthSantaCatarina_LateHolocene_2100BP_HG; Brazil_SouthSantaCatarina_LateHolocene_2200BP; Brazil_SouthSantaCatarina_LateHolocene_2300BP_HG; Brazil_SouthSantaCatarina_LateHolocene_2400BP_HG; Brazil_SouthSantaCatarina_LateHolocene_2500BP_HG; Brazil_SouthSantaCatarina_LateHolocene_3200BP_HG; Brazil_SouthSantaCatarina_LateHolocene_HG; Brazil_SouthSaoPaulo_MiddleHolocene_5800BP_HG; Canada_ASO_4800BP; Canada_BigBarLake_5600BP; ChannelIslands_C; ChannelIslands_EIA_LaTene; ChannelIslands_IA; ChannelIslands_LN; Chile_LosRieles_5100BP; Chile_Patagonia_5100BP; China_AmurRiverBasin_BA; China_BA_Roman; China_Baligang_BA_EasternZhou; China_Baligang_LN_Longshan; China_Baligang_LN_Qujialing; China_Baligang_LN_Shijiahe; China_Baligang_N_Yangshao; China_BeiQian_Longshan; China_C; China_Dongying_FuJia_Dawenkou; China_EBA; China_EIA; China_Fujian_Tanshishan_LN; China_Fujian_Xitoucun_LN; China_Henan_Haojiatai_IA; China_Henan_Haojiatai_LBA_IA-o; China_Henan_Haojiatai_LN; China_Henan_Jiaozuoniecunsite_LBA_IA; China_Henan_Pingliangtaisite_LN; China_Henan_Wadian_LN; China_Henan_Wadiansite_LN; China_Henan_Wanggousite_MN; China_Henan_Wanggousite_MN-o; China_Henan_Xisima_LShang; China_IA; China_IA_Hellenistic; China_InnerMongolia_Erdaojingzi_LN; China_InnerMongolia_Erdaojingzi_LN-o; China_InnerMongolia_Haminmanghasite_MN; China_InnerMongolia_LongtouMountain_BA; China_InnerMongolia_LongtouMountain_BA-o; China_InnerMongolia_Miaozigousite_MN; China_Jinan_LiuJiaZhuang_Shang; China_Jinan_Xiaojingshan_EBA; China_Jining_XiChen_EBA; China_Jining_XiChen_Shang; China_Jining_YinJiaCheng_Longshan; China_LBA; China_LBA_EIA; China_LN_Xiaoheyan; China_Liaoning_Banlamountain_MN; China_Liaoning_Banlamountain_MN-o; China_MBA; China_MLBA; China_Nagqu_Ousui; China_NorthwestXinjiang_Shirenzigou_IA; China_NorthwestXinjiang_Shirenzigou_IA-1; China_NorthwestXinjiang_Shirenzigou_IA-2; China_Penghu_Suogang_LN; China_Qingdao_BeiQian_Dawenkou; China_Qinghai_Jinchankousite_LN; China_Qinghai_Lajiasite_LN; China_Qinghai_Lajiasite_LN-o; China_Qinghai_Pukagongma; China_Qinghai_Zongri; China_Roman; China_Shaanxi_Wuzhuangguoliang_LN; China_Shandong_Chengziya_EBA; China_Shandong_Chengziya_LN; China_Shandong_Chengziya_Longshan; China_Shandong_Chengziya_Yueshi; China_Shandong_Dinggong_LN; China_Shandong_GangShang_Dawenkou; China_Shanxi_Shengedaliang_LN; China_Sichuan_Gaoshan_LN; China_Tibet_Butaxiongqu; China_Tibet_Gebusailu_IA; China_Tibet_Jiesang; China_Tibet_Laga_IA; China_Tibet_Nudagang; China_Tibet_Piyangjiweng; China_Tibet_Qulongsazha_IA; China_Tibet_Redilong_IA; China_Tibet_Sangdalongguo_IA; China_Tibet_Sila; China_Tibet_Tingcun; China_Tibet_Xiaoenda_IA; China_Tibet_Yusa; China_UnknownXinjiang_IA_Unknown; China_Weifang_XinZhi_Zhou; China_Xinjiang_Abusanteer_IA; China_Xinjiang_Abusanteer_IA-oEastAsia; China_Xinjiang_Abusanteer_IA-oWestEurasia; China_Xinjiang_Axile_IA; China_Xinjiang_Ayituohan_BA_Afanasievo; China_Xinjiang_Ayousaigoukou_IA; China_Xinjiang_BA_Afanasievo; China_Xinjiang_Baiyanghe_IA-1; China_Xinjiang_Baiyanghe_IA-2; China_Xinjiang_Beifang_BA; China_Xinjiang_Bolati_BA_Chemurcheck; China_Xinjiang_Bolati_IA; China_Xinjiang_Caishichang_IA; China_Xinjiang_Caishichang_IA-oWestEurasia; China_Xinjiang_ChaganguoleChagangole_BA_Chemurcheck; China_Xinjiang_ChaganguoleChagangole_IA; China_Xinjiang_Dongmaili_IA; China_Xinjiang_Dongtalede_IA-oEastAsia; China_Xinjiang_Eminhuojierte_IA; China_Xinjiang_G218_IA_Yuezhi_Scythian_Wusun_possible; China_Xinjiang_IA_Yuezhi_Scythian; China_Xinjiang_IA_Yuezhi_Scythian_Wusun_possible; China_Xinjiang_JierzankaleJirzankal_IA; China_Xinjiang_Jirentaigoukou_EIA; China_Xinjiang_Jirentaigoukou_EIA-o; China_Xinjiang_Jirentaigoukou_EIA-oWestEurasia; China_Xinjiang_Jirentaigoukou_IA; China_Xinjiang_Jirentaigoukou_LBA; China_Xinjiang_Jirentaigoukou_LBA_Andronovo_Karasuk_possible; China_Xinjiang_Junmachanyilian_IA; China_Xinjiang_Kalatasi_IA; China_Xinjiang_Kuokesuxi_EIA; China_Xinjiang_Kuokesuxi_EIA-oWestEurasia; China_Xinjiang_Kuokesuxi_LBA_Andronovo; China_Xinjiang_Liushui_IA; China_Xinjiang_Qiafuqihaishuiku_IA_Wusun_possible; China_Xinjiang_Sahaxibei_IA; China_Xinjiang_Simutasi_IA; China_Xinjiang_Songshugou_BA; China_Xinjiang_Songshugou_BA_Afanasievo; China_Xinjiang_Songshugou_EIA; China_Xinjiang_Songshugou_EIA-oWestEurasia; China_Xinjiang_Songshugou_LBA; China_Xinjiang_Tangbalesayi_IA; China_Xinjiang_Tangbalesayi_IA_Wusun_possible; China_Xinjiang_Tangbalesayi_LBA_Andronovo; China_Xinjiang_Tielieketesai_IA; China_Xinjiang_Tielieketesai_IA-1; China_Xinjiang_Tielieketesai_IA-2; China_Xinjiang_Tuoganbai_BA; China_Xinjiang_Tuoganbai_BA_Chemurcheck; China_Xinjiang_Tuwaxingcun_IA_Pazyryk_possible; China_Xinjiang_Wulanbuluke_IA; China_Xinjiang_Wutulan_IA; China_Xinjiang_Wutulan_IA_possible; China_Xinjiang_Wutulan_LBA_Andronovo; China_Xinjiang_Wutulan_LBA_Andronovo-oSiberia; China_Xinjiang_Wuzan_IA; China_Xinjiang_Wuzan_IA-oEastAsia; China_Xinjiang_Xiaohe_BA; China_Xinjiang_Zeketai_IA; China_Xinjiang_ZhagunlukeZaghunluq_IA; China_Xinjiang_ZhagunlukeZaghunluq_IA-o; China_Yunnan_Haimenkou_BA; China_Yunnan_Jicha_BA; China_Zibo_HouLi_Shang; China_Zibo_TongLin_Jin; China_Zibo_YiXi; Colombia_Checua; Colombia_LagunadeLaHerrera_Formative; Crimea_Chersonesus_City_IA; Cuba_PreCeramic; DominicanRepublic_PreCeramic; DominicanRepublic_PreCeramic-o; Georgia_Didnauri_LBA; Georgia_Digomi_IA; Georgia_Doghlauri_EBA_KuraAraxes; Georgia_Doghlauri_LBA; Georgia_Nazarlebi_LBA; Greenland_Saqqaq; Guam_LateUnai; Guam_LateUnai_PreLatte; Guam_PreLattePeriod_LateUnai; Henan_Wadian; Henan_Wangchenggang; Henan_Yuzhuang; India_Harappan; India_Kanam_MiddleAges; Indonesia_EBA; Indonesia_LN_BA_IA; Indonesia_N_EBA; Iran_BozoodpeyGhaleBen_MBA_Caucasus; Iran_DinkhaTepe_BA_IA1-1; Iran_DinkhaTepe_BA_IA2-2; Iran_HajjiFiruz_IA; Iran_Hasanlu_IA; Iran_Hasanlu_LBA; Iran_Hasanlu_LBA-2; Iran_Hasanlu_LBA-o; Iran_LiarsangBon_Parthian; Iran_SehGabi_C; Iran_ShahTepe_BA; Iran_ShahTepe_LateC_EBA; Iran_ShahriSokhta_BA1-1; Iran_ShahriSokhta_BA2-2; Iran_ShahriSokhta_BA3-3; Iran_TepeHissar_C; Iraq_LBA; Japan_Chiba_HG_Jomon; Japan_Honshu_EarlyJomon; Japan_Honshu_MidLateJomon; Japan_Ikawazu_Jomon; Japan_Nagabaka_2800BP; Japan_Nagabaka_Historic; Japan_Shikoku_LateJoman; Japan_SoyaSub_HG_Jomon; Japan_Tohoku_Jomon; Japan_Yayoi; Kazakhstan_Andronovo; Kazakhstan_BA; Kazakhstan_Botai_Eneolithic; Kazakhstan_EBA; Kazakhstan_EBA_Yamnaya; Kazakhstan_EIA; Kazakhstan_EIA_Saka; Kazakhstan_EIA_Tasmola; Kazakhstan_EIA_Turkic_possible; Kazakhstan_EMBA_Steppe; Kazakhstan_EarlySarmatian; Kazakhstan_Hun_Nomad_Sarmatian; Kazakhstan_IA; Kazakhstan_IA-1; Kazakhstan_IA-2; Kazakhstan_IA-3; Kazakhstan_IA_CentralSaka-1; Kazakhstan_IA_CentralSaka-2; Kazakhstan_IA_Korgantas; Kazakhstan_IA_Korgantas-1; Kazakhstan_IA_Korgantas-2; Kazakhstan_IA_Korgantas-3; Kazakhstan_IA_Nomad; Kazakhstan_IA_Nomad-o; Kazakhstan_IA_Saka; Kazakhstan_IA_Saka-o; Kazakhstan_IA_Sarmatian; Kazakhstan_IA_Sarmatian-1; Kazakhstan_IA_Sarmatian-3; Kazakhstan_IA_Tasmola_Saka; Kazakhstan_IA_ZevakinoChilikta-2; Kazakhstan_KumsayKyrykOba_EBA_Yamnaya; Kazakhstan_KumsayKyrykOba_EBA_Yamnaya-o; Kazakhstan_LBA; Kazakhstan_LBA-3; Kazakhstan_LBA-o; Kazakhstan_LBA_Tasmola; Kazakhstan_LateSaka_Wusun; Kazakhstan_LateSaka_Wusun-o; Kazakhstan_MBA; Kazakhstan_MLBA; Kazakhstan_MLBA-1; Kazakhstan_MLBA-2; Kazakhstan_MLBA-o; Kazakhstan_MLBA1; Kazakhstan_MLBA1-1; Kazakhstan_MLBA2-2; Kazakhstan_MLBA_Alakul; Kazakhstan_MLBA_Alakul-1; Kazakhstan_MLBA_Alakul-2; Kazakhstan_MLBA_Alakul_Lisakovskiy; Kazakhstan_MLBA_Bylkyldak; Kazakhstan_MLBA_Fedorovo; Kazakhstan_MLBA_Petrovka-o; Kazakhstan_MLBA_Sintashta-o; Kazakhstan_MerekeTaskala_MBA-2; Kazakhstan_Pazyryk; Kazakhstan_Saka; Kazakhstan_Sarmatian; Kazakhstan_Tasmola-1; Kazakhstan_Tasmola-2; Kazakhstan_Wusun; Kyrgyzstan_BozBarmak_IA_Saka; Kyrgyzstan_EBA_MLBA_Andronovo; Kyrgyzstan_IA_Saka; Kyrgyzstan_MLBA_Andronovo; Kyrgyzstan_Osh_IA; Kyrgyzstan_Osh_IA-o; Kyrgyzstan_TianShan_Saka; Kyrgyzstan_TianShan_Saka-1; Kyrgyzstan_TianShan_Saka-2; Laos_BA; Laos_LN_BA; Laos_Unknown; Malaysia_Hoabinhian; Malaysia_LN; Mexico_2500BP_TradicionTrincheras; Mexico_2800BP_TradicionTrincheras; Mexico_Pericues_Unknown; Mexico_Unknown; Mongolia_Arkhangai_LBA_EIA-o; Mongolia_Arkhangai_PreBronze; Mongolia_Arkhangai_XiongnuPeriod; Mongolia_Arkhangai_XiongnuPeriod-o; Mongolia_BA-1; Mongolia_Bayankhongor_EBA; Mongolia_Bulgan_XiongnuPeriod; Mongolia_C_Afanasievo2-1; Mongolia_C_Afanasievo2-2; Mongolia_CenterWest_LBA; Mongolia_CenterWest_LBA-4; Mongolia_CenterWest_LBA-5; Mongolia_EBA_Chemurchek-2; Mongolia_EBA_Ulgii-1; Mongolia_EBA_Ulgii-1-Dup; Mongolia_EIA-2; Mongolia_EIA-3; Mongolia_EIA-5; Mongolia_EIA_Pazyryk-6; Mongolia_EIA_Sagly-4; Mongolia_EIA_SlabGrave-1; Mongolia_Khentii_EIA_SlabGrave; Mongolia_Khentii_XiongnuPeriod; Mongolia_Khovd_EBA-o; Mongolia_Khovd_MLBA; Mongolia_Khovd_XiongnuPeriod; Mongolia_Khovsgol_LBA-6; Mongolia_Khovsgol_XiongnuPeriod; Mongolia_Khovsgol_XiongnuPeriod-1; Mongolia_Khovsgol_XiongnuPeriod-2; Mongolia_Khovsgol_XiongnuPeriod-oEurope; Mongolia_Khovsgol_XiongnuPeriod_LateMedieval-2; Mongolia_LBA_Ulaanzuukh-2; Mongolia_MLBA; Mongolia_MongunTaiga_LBA-1; Mongolia_MongunTaiga_LBA-3; Mongolia_Munkhkhairkhan_MBA-1; Mongolia_Munkhkhairkhan_MBA-2; Mongolia_Munkhkhairkhan_MBA-3; Mongolia_Omnogovi_XiongnuPeriod; Mongolia_Sukhbaatar_MLBA; Mongolia_Sukhbaatar_MLBA_XiongnuPeriod_LateMedieval; Mongolia_Sukhbaatar_XiongnuPeriod; Mongolia_Tov_EIA; Mongolia_Ulaanbaatar_EIA; Mongolia_Ulaanbaatar_XiongnuPeriod; Mongolia_Ulaangom_EIA_Sagly-4; Mongolia_Ulaanzuukh_EIA-8; Mongolia_Ulaanzuukh_LBA_Ulaanzuukh-2; Nepal_2125BP; Nepal_2800BP; Nepal_EIA; Nepal_IA; Nepal_LIA; Nepal_LIA_EMiddleKingdoms; Nepal_LateC; Nepal_Suila; Pakistan_EarlyHistoric_H; Pakistan_Historic; Pakistan_Historic-2; Pakistan_Historic_H; Pakistan_IA; Pakistan_IA-o; Pakistan_ProtohistoricGraves; Palau_Ucheliungscave_2750BP; PapuaNewGuinea_ReberRakival_BA; PapuaNewGuinea_ReberRakival_IA; Peru_3500BP; Peru_4100BP_LaGalgada; Peru_4200BP; Peru_5800BP; Peru_LateArchaic_4500BP; Peru_Unknown; RepublicofKorea_Taejungni; RepublicofKorea_Yokchido; SouthAfrica_2000BP; SouthAfrica_CapeStFrancis_LSA; SouthAfrica_GrBrakRivCave_LSA; SouthAfrica_LateHolocene; SouthAfrica_MatjesRiver_LSA; SouthAfrica_MatjesRiver_LSA_Wilton; Taiwan_Gongguan; Tajikistan_BA; Tajikistan_BA_Farkhor; Tajikistan_C; Tajikistan_Khatlon_KushanPeriod; Thailand_BA; Thailand_IA; Tonga_2500BP; Tonga_2700BP; Turkmenistan_BA; Turkmenistan_BA-1; Turkmenistan_BA-4; Turkmenistan_BA1-1; Turkmenistan_BA2-2; Turkmenistan_BA3-3; Turkmenistan_C; Turkmenistan_C-o; Turkmenistan_EBA; Turkmenistan_IA; Turkmenistan_LBA; Turkmenistan_LBA-o; USA_1600BP; USA_4800BP; USA_Alaska_PaleoAleut; USA_California_2600BP; USA_California_3000BP; USA_California_3200BP; USA_California_3400BP; USA_California_4000BP; USA_California_4800BP; USA_California_4900BP; USA_LateUnai; Unknown_Achaemenid; Uzbekistan_Antiquity; Uzbekistan_BA; Uzbekistan_BA-1; Uzbekistan_BA-2; Uzbekistan_BA-o; Uzbekistan_BA1-1; Uzbekistan_BA2-2; Uzbekistan_BA3-3; Uzbekistan_Eneolithic; Vanuatu_2000BP; Vanuatu_2200BP; Vanuatu_2300BP; Vanuatu_2400BP; Vanuatu_2500BP; Vanuatu_2600BP; Vanuatu_2700BP; Vanuatu_2900BP; Vanuatu_3000BP; Venezuela_Ceramic; Vietnam_BA_DongSon; Vietnam_LN; Vietnam_N
OUTGROUP_T2	242	93	Argentina_BuenosAires_10000BP; Argentina_BuenosAires_7700BP; Argentina_Cordoba_8500BP; Argentina_Pampas_6800BP; Armenia_Aknashen_N; Armenia_C; Armenia_MasisBlur_N; Azerbaijan_MenteshTepe_LN_Caucasus; Azerbaijan_MenteshTepe_N_ShomutepeShulaveri; Azerbaijan_Polutepe_LN; Belize_7400BP_Archaic_Maya; Belize_8800BP_Archaic_Maya; Belize_9000BP_Archaic_Maya_possible; Belize_9400BP_Archaic_Maya; Brazil_CentralMinasGerais_EarlyHolocene_10100BP_HG; Brazil_CentralMinasGerais_EarlyHolocene_10200BP_HG; Brazil_CentralMinasGerais_EarlyHolocene_10400BP_HG; Brazil_CentralMinasGerais_EarlyHolocene_9200BP_HG; Brazil_CentralMinasGerais_EarlyHolocene_9600BP_HG; Brazil_CentralMinasGerais_EarlyHolocene_9800BP_HG; Brazil_CentralMinasGerais_EarlyHolocene_9900BP_HG; Brazil_CentralMinasGerais_EarlyHolocene_HG; Brazil_SouthMinasGerais_Pains_EarlyHolocene_9100BP; Brazil_SouthSaoPaulo_MiddleHolocene_6600BP_HG; Brazil_SouthSaoPaulo_MiddleHolocene_6800BP_HG; Brazil_SoutheastSaoPaulo_EarlyHolocene_10400BP; Canada_6500BP; ChannelIslands_MN; ChannelIslands_MN-o; Chile_LosRieles_12000BP; Chile_PuntaSantaAna_7300BP; China_AmurRiverBasin_Mesolithic; China_AmurRiverBasin_N; China_Baligang_LN_Shijiahe; China_Baligang_LN_Yangshao; China_Baligang_N_Yangshao; China_Fujian_QiheCave_Epipaleolithic; China_Fujian_Qihedong_EN; China_Guangxi_BaojianshanCaveA_N; China_Guangxi_Dushan_N; China_Guangxi_LonglinCave_Epipaleolithic; China_Henan_Xiaowusite_MN; China_InnerMongolia_Wuqifarmsite_EN; China_InnerMongolia_Yumin_EN; China_InnerMongolia_ZhalainuoerMiningSite_EN; China_Jinan_Xiaojingshan_EN; China_Jinan_Xiaojingshan_EN-o; China_Jinan_Xiaojingshan_EarlyEneolithic; China_N; China_Shandong_Bianbian_EN; China_Shandong_BoshanMountain_EN; China_Shandong_Xiaogao_EN-o; China_Sitaimengguying_EN; Colombia_Checua; Georgia_Arukhlo2_N_Caucasus; Georgia_KotiasKlde_Mesolithic; Iran_BeltCave_Mesolithic; Iran_GanjDareh_N; Iran_GolAfshanTepe_Bakun; Iran_HajjiFiruz_N; Iran_HotuCave_Mesolithic_HotuIIIb; Iran_SehGabi_C; Iran_SehGabi_LN; Iran_TepeAbdulHosein_N; Iran_TepeGuran_EN_PPN; Iran_TepeGuran_PPN; Iran_WezmehCave_N; Iraq_PPN; Iraq_PPNA; Iraq_Shanidar_PPNB; Iraq_Shanidar_PPNB-o; Japan_Honshu_EarlyJomon; Japan_Shikoku_InitialJomon; Mongolia_East_N; Mongolia_N; Peru_8600BP; Peru_9000BP; RepublicofKorea; RepublicofKorea_Changhang; RepublicofKorea_Yondaedo-1; RepublicofKorea_Yondaedo-2; SouthAfrica_LateHolocene; SouthAfrica_MatjesRiver_LSA_Wilton; SouthAfrica_OakhurstRockshelter_LateHolocene; Taiwan_8000BP; Taiwan_EN; Tajikistan_Mesolithic; Turkmenistan_Eneolithic; USA_11000BP; USA_9000BP; USA_AncientBeringian; USA_California_7000BP; USA_California_7400BP
OUTGROUP_T3	6	2	China_AmurRiverBasin_LatePaleolithic; Georgia_Satsurblia_LateUP
OUTGROUP_T4	8	6	China_AmurRiverBasin_UP; China_TianyuanCave_UP; Crimea_BuranKayaIII_EarlyUP; Georgia_DzudzuanaCave_UP; Georgia_KotiasKlde_UP; Mongolia_Salkhit_UP
SARDINIA_T0	49	13	Italy_Lazio_LateAntiquity_Roman-oSardinia; Italy_Sardinia_EarlyMedieval; Italy_Sardinia_EarlyMedieval-o; Italy_Sardinia_ImperialRoman; Italy_Sardinia_ImperialRoman_Roman; Italy_Sardinia_ImperialRoman_Roman-o; Italy_Sardinia_LateAntiquity; Italy_Sardinia_Medieval; Italy_Sardinia_Medieval-1; Italy_Sardinia_Medieval-2; Italy_Sardinia_SouthwestMatoGrosso_Punic_ImperialRoman_Nuragic-oCaucasus; Italy_Sardinia_TusciaUmbria_LateAntiquity_ImperialRoman; Sardinian
SARDINIA_T1	112	43	Italy_Sardinia_AngheluRuju_MBA; Italy_Sardinia_BA_IA_a_Punic; Italy_Sardinia_BA_Nuragic; Italy_Sardinia_BA_Nuragic_Nuragic; Italy_Sardinia_BA_Nuragic_Nuragic-o; Italy_Sardinia_C; Italy_Sardinia_C_BA; Italy_Sardinia_C_MonteClaro; Italy_Sardinia_EBA; Italy_Sardinia_EBA_Nuragic; Italy_Sardinia_EBA_Nuragic_Nuragic; Italy_Sardinia_IA-2; Italy_Sardinia_IA_Punic-2; Italy_Sardinia_IA_a_IA_b_Nuragic-1; Italy_Sardinia_IA_a_IA_b_Punic-2; Italy_Sardinia_IA_a_IA_b_Punic_Nuragic; Italy_Sardinia_IA_a_Nuragic-1; Italy_Sardinia_IA_a_Punic; Italy_Sardinia_IA_b_IA_c_Nuragic-1; Italy_Sardinia_IA_b_IA_c_Punic_Nuragic; Italy_Sardinia_IA_b_IA_c_Punic_Nuragic-oNorthAfrica; Italy_Sardinia_IA_b_Nuragic-1; Italy_Sardinia_IA_b_Nuragic-2; Italy_Sardinia_IA_b_Punic_Nuragic; Italy_Sardinia_IA_c_Nuragic-1; Italy_Sardinia_IA_c_Punic_Nuragic; Italy_Sardinia_LBA; Italy_Sardinia_LateC; Italy_Sardinia_MBA; Italy_Sardinia_MBA-o; Italy_Sardinia_N; Italy_Sardinia_N-o; Italy_Sardinia_N-oAfrica; Italy_Sardinia_N_EBA; Italy_Sardinia_Phoenician; Italy_Sardinia_Punic_IA_d_ImperialRoman_Nuragic; Italy_Sardinia_Punic_IA_d_ImperialRoman_Nuragic-oEurope; Italy_Sardinia_Roman_IA_c_Punic_IA_d_Nuragic; Italy_Sardinia_Roman_IA_c_Punic_IA_d_Nuragic-oNorthAfrica; Italy_Sardinia_Roman_IA_c_Punic_Nuragic-oAfrica; Italy_Sardinia_Roman_IA_c_Punic_Nuragic-oEurope; Italy_Sardinia_Roman_IA_c_Punic_Nuragic-oLevant; Italy_Sardinia_Roman_IA_c_Punic_Nuragic-oNorthAfrica
SARDINIA_T2	4	1	Italy_Sardinia_N
SICILY_T0	12	4	Italy_Sicily_IA_d_ImperialRoman_Sicilia; Italy_Sicily_ImperialRoman_Sicilia; Italy_Sicily_LateAntiquity_ImperialRoman_Sicilia; Italy_Sicily_Roman_LateAntiquity_Sicilia
SICILY_T1	148	29	Italy_Sicily_BA_IA_Unknown; Italy_Sicily_BellBeaker; Italy_Sicily_C-o; Italy_Sicily_EBA; Italy_Sicily_EBA-1; Italy_Sicily_EBA-2; Italy_Sicily_Himera_IA_b_Greek; Italy_Sicily_Himera_IA_b_Greek-1; Italy_Sicily_Himera_IA_b_Greek-oAegean; Italy_Sicily_Himera_IA_b_Greek-oEast; Italy_Sicily_Himera_IA_b_Greek-oNorthEurope; Italy_Sicily_IA_a_IA_b_Punic; Italy_Sicily_IA_a_IA_b_Sicani; Italy_Sicily_IA_b_IA_c_Punic; Italy_Sicily_IA_b_Punic; Italy_Sicily_IA_b_Punic-oAfrica; Italy_Sicily_IA_b_Punic-oEurope; Italy_Sicily_IA_c_Punic; Italy_Sicily_IA_c_Punic_IA_d; Italy_Sicily_LBA; Italy_Sicily_LBA_IA_a_Punic; Italy_Sicily_LatePunic; Italy_Sicily_MBA; Italy_Sicily_MBA-2; Italy_Sicily_MBA-3; Italy_Sicily_MBA-oAfrica; Italy_Sicily_MN; Italy_Sicily_Punic_IA_d; Italy_Sicily_Roman_Punic
SICILY_T2	22	5	Italy_Sicily_EN; Italy_Sicily_Epigravettian; Italy_Sicily_MN; Italy_Sicily_Mesolithic; Italy_Sicily_N_Stentinello
SICILY_T3	4	2	Italy_Sicily_Epigravettian; Italy_Sicily_Epigravettian_HG
