pop1	pop2	pop3	pop4	f4	se	z	p	phase	description	usable
ITALY_T0	AFRICA_W_T0	IBERIA_T0	EUROPE_NW_T0	9.161167940916e-05	3.53498442733974e-05	2.59157236169503	0.00955384471943968	C_reverse	f4(ITALY_T0, Africa; IBERIA_T0, EUROPE_NW_T0) [Italy→Iberia?]	YES
ITALY_T0	AFRICA_W_T0	IBERIA_T0	EUROPE_NW_T1	-6.73274638061777e-05	3.73775321987247e-05	-1.80128167499712	0.071658494657179	C_reverse	f4(ITALY_T0, Africa; IBERIA_T0, EUROPE_NW_T1) [Italy→Iberia?]	YES
ITALY_T0	AFRICA_W_T0	IBERIA_T0	EUROPE_NW_T2	-0.000112021454348616	4.21811014162661e-05	-2.65572615667684	0.00791378492129677	C_reverse	f4(ITALY_T0, Africa; IBERIA_T0, EUROPE_NW_T2) [Italy→Iberia?]	YES
ITALY_T0	AFRICA_W_T0	IBERIA_T0	EUROPE_NW_T3	-0.00029982753656359	4.84202627076297e-05	-6.19219144625471	5.9333421971324e-10	C_reverse	f4(ITALY_T0, Africa; IBERIA_T0, EUROPE_NW_T3) [Italy→Iberia?]	YES
ITALY_T0	AFRICA_W_T0	IBERIA_T0	EUROPE_NW_T4	-0.000130606925094258	4.65991459657839e-05	-2.80277508068834	0.00506649892295518	C_reverse	f4(ITALY_T0, Africa; IBERIA_T0, EUROPE_NW_T4) [Italy→Iberia?]	YES
ITALY_T0	AFRICA_W_T0	IBERIA_T0	GREECE_T0	-0.000202113474842335	5.07776756866367e-05	-3.98036089894374	6.88107204924672e-05	C_reverse	f4(ITALY_T0, Africa; IBERIA_T0, GREECE_T0) [Italy→Iberia?]	PARTIAL
ITALY_T0	AFRICA_W_T0	IBERIA_T0	GREECE_T1	-0.000247500005304234	4.58433750678575e-05	-5.39881727595064	6.70816521622104e-08	C_reverse	f4(ITALY_T0, Africa; IBERIA_T0, GREECE_T1) [Italy→Iberia?]	YES
ITALY_T0	AFRICA_W_T0	IBERIA_T0	GREECE_T2	-0.000464277025758862	5.27109844602499e-05	-8.80797485596157	1.27427008694789e-18	C_reverse	f4(ITALY_T0, Africa; IBERIA_T0, GREECE_T2) [Italy→Iberia?]	YES
ITALY_T0	AFRICA_W_T0	IBERIA_T0	LEVANT_T0	-8.60065102322315e-05	3.8850222616417e-05	-2.21379710179286	0.0268427395424035	C_reverse	f4(ITALY_T0, Africa; IBERIA_T0, LEVANT_T0) [Italy→Iberia?]	YES
ITALY_T0	AFRICA_W_T0	IBERIA_T0	LEVANT_T1	-0.000420658971920583	4.44104579893358e-05	-9.47207011514259	2.74351774174059e-21	C_reverse	f4(ITALY_T0, Africa; IBERIA_T0, LEVANT_T1) [Italy→Iberia?]	YES
ITALY_T0	AFRICA_W_T0	IBERIA_T0	LEVANT_T2	-0.000428147668161553	4.68396805514489e-05	-9.14070427297799	6.20469239972568e-20	C_reverse	f4(ITALY_T0, Africa; IBERIA_T0, LEVANT_T2) [Italy→Iberia?]	YES
ITALY_T0	AFRICA_W_T0	IBERIA_T0	LEVANT_T3	-0.000282322041014188	4.63926573857825e-05	-6.08548975038254	1.16135754388962e-09	C_reverse	f4(ITALY_T0, Africa; IBERIA_T0, LEVANT_T3) [Italy→Iberia?]	YES
ITALY_T0	AFRICA_W_T0	IBERIA_T1	EUROPE_NW_T0	0.000319641960083995	3.20411813788296e-05	9.97597299253111	1.94188706157959e-23	C_reverse	f4(ITALY_T0, Africa; IBERIA_T1, EUROPE_NW_T0) [Italy→Iberia?]	YES
ITALY_T0	AFRICA_W_T0	IBERIA_T1	EUROPE_NW_T1	0.000160702816868657	3.32410785077448e-05	4.83446458667745	1.33504467531591e-06	C_reverse	f4(ITALY_T0, Africa; IBERIA_T1, EUROPE_NW_T1) [Italy→Iberia?]	YES
ITALY_T0	AFRICA_W_T0	IBERIA_T1	EUROPE_NW_T2	0.000116008826326219	4.15261748241828e-05	2.79363141000555	0.00521198478722857	C_reverse	f4(ITALY_T0, Africa; IBERIA_T1, EUROPE_NW_T2) [Italy→Iberia?]	YES
ITALY_T0	AFRICA_W_T0	IBERIA_T1	EUROPE_NW_T3	-7.17972558887557e-05	4.82326424521346e-05	-1.48856152677113	0.136602869058562	C_reverse	f4(ITALY_T0, Africa; IBERIA_T1, EUROPE_NW_T3) [Italy→Iberia?]	YES
ITALY_T0	AFRICA_W_T0	IBERIA_T1	EUROPE_NW_T4	9.74233555805772e-05	4.6885645367304e-05	2.07789302711648	0.0377192129066936	C_reverse	f4(ITALY_T0, Africa; IBERIA_T1, EUROPE_NW_T4) [Italy→Iberia?]	YES
ITALY_T0	AFRICA_W_T0	IBERIA_T1	GREECE_T0	2.59168058324998e-05	5.47496809972923e-05	0.473369074676098	0.635949889244042	C_reverse	f4(ITALY_T0, Africa; IBERIA_T1, GREECE_T0) [Italy→Iberia?]	PARTIAL
ITALY_T0	AFRICA_W_T0	IBERIA_T1	GREECE_T1	-1.94697246293993e-05	4.31442031012361e-05	-0.451270929346276	0.651794294234437	C_reverse	f4(ITALY_T0, Africa; IBERIA_T1, GREECE_T1) [Italy→Iberia?]	YES
ITALY_T0	AFRICA_W_T0	IBERIA_T1	GREECE_T2	-0.000236246745084027	5.37779991985748e-05	-4.39299989967437	1.11797178907508e-05	C_reverse	f4(ITALY_T0, Africa; IBERIA_T1, GREECE_T2) [Italy→Iberia?]	YES
ITALY_T0	AFRICA_W_T0	IBERIA_T1	LEVANT_T0	0.000142023770442604	4.26314949940002e-05	3.33142833631782	0.000864015432649987	C_reverse	f4(ITALY_T0, Africa; IBERIA_T1, LEVANT_T0) [Italy→Iberia?]	YES
ITALY_T0	AFRICA_W_T0	IBERIA_T1	LEVANT_T1	-0.000192628691245749	4.533785548643e-05	-4.2487384808795	2.149777078898e-05	C_reverse	f4(ITALY_T0, Africa; IBERIA_T1, LEVANT_T1) [Italy→Iberia?]	YES
ITALY_T0	AFRICA_W_T0	IBERIA_T1	LEVANT_T2	-0.000200117387486719	4.5908721918812e-05	-4.35902763402168	1.30641617250856e-05	C_reverse	f4(ITALY_T0, Africa; IBERIA_T1, LEVANT_T2) [Italy→Iberia?]	YES
ITALY_T0	AFRICA_W_T0	IBERIA_T1	LEVANT_T3	-5.42917603393527e-05	4.57295816965997e-05	-1.18723500904863	0.235134935318806	C_reverse	f4(ITALY_T0, Africa; IBERIA_T1, LEVANT_T3) [Italy→Iberia?]	YES
ITALY_T0	AFRICA_W_T0	IBERIA_T2	EUROPE_NW_T0	0.000405222135116558	4.22254818914919e-05	9.59662547269133	8.2604634761411e-22	C_reverse	f4(ITALY_T0, Africa; IBERIA_T2, EUROPE_NW_T0) [Italy→Iberia?]	YES
ITALY_T0	AFRICA_W_T0	IBERIA_T2	EUROPE_NW_T1	0.00024628299190122	4.29330732567499e-05	5.73643984040905	9.6687371090614e-09	C_reverse	f4(ITALY_T0, Africa; IBERIA_T2, EUROPE_NW_T1) [Italy→Iberia?]	YES
ITALY_T0	AFRICA_W_T0	IBERIA_T2	EUROPE_NW_T2	0.000201589001358782	4.61619153576848e-05	4.36699820180278	1.25965764137275e-05	C_reverse	f4(ITALY_T0, Africa; IBERIA_T2, EUROPE_NW_T2) [Italy→Iberia?]	YES
ITALY_T0	AFRICA_W_T0	IBERIA_T2	EUROPE_NW_T3	1.37829191438075e-05	4.28679159573465e-05	0.321520625297519	0.747815884597244	C_reverse	f4(ITALY_T0, Africa; IBERIA_T2, EUROPE_NW_T3) [Italy→Iberia?]	YES
ITALY_T0	AFRICA_W_T0	IBERIA_T2	EUROPE_NW_T4	0.000183003530613141	4.53982599621436e-05	4.03106926930112	5.55236754048484e-05	C_reverse	f4(ITALY_T0, Africa; IBERIA_T2, EUROPE_NW_T4) [Italy→Iberia?]	YES
ITALY_T0	AFRICA_W_T0	IBERIA_T2	GREECE_T0	0.000111496980865063	4.90439854753596e-05	2.27340783552513	0.0230016144003388	C_reverse	f4(ITALY_T0, Africa; IBERIA_T2, GREECE_T0) [Italy→Iberia?]	PARTIAL
ITALY_T0	AFRICA_W_T0	IBERIA_T2	GREECE_T1	6.61104504031639e-05	4.6323593982447e-05	1.42714424161939	0.153538322455075	C_reverse	f4(ITALY_T0, Africa; IBERIA_T2, GREECE_T1) [Italy→Iberia?]	YES
ITALY_T0	AFRICA_W_T0	IBERIA_T2	GREECE_T2	-0.000150666570051464	4.78108158069184e-05	-3.15130724102102	0.00162541411006704	C_reverse	f4(ITALY_T0, Africa; IBERIA_T2, GREECE_T2) [Italy→Iberia?]	YES
ITALY_T0	AFRICA_W_T0	IBERIA_T2	LEVANT_T0	0.000227603945475167	4.79099090909713e-05	4.75066535908036	2.02748419404681e-06	C_reverse	f4(ITALY_T0, Africa; IBERIA_T2, LEVANT_T0) [Italy→Iberia?]	YES
ITALY_T0	AFRICA_W_T0	IBERIA_T2	LEVANT_T1	-0.000107048516213186	4.75486504172815e-05	-2.25134709973343	0.0243635618457927	C_reverse	f4(ITALY_T0, Africa; IBERIA_T2, LEVANT_T1) [Italy→Iberia?]	YES
ITALY_T0	AFRICA_W_T0	IBERIA_T2	LEVANT_T2	-0.000114537212454155	4.44243991804096e-05	-2.57825011856692	0.00993020916235052	C_reverse	f4(ITALY_T0, Africa; IBERIA_T2, LEVANT_T2) [Italy→Iberia?]	YES
ITALY_T0	AFRICA_W_T0	IBERIA_T2	LEVANT_T3	3.12884146932104e-05	4.39994985464982e-05	0.711108438205156	0.47701704139369	C_reverse	f4(ITALY_T0, Africa; IBERIA_T2, LEVANT_T3) [Italy→Iberia?]	YES
ITALY_T1	AFRICA_W_T0	IBERIA_T0	EUROPE_NW_T0	0.000190629871930204	3.94420695792696e-05	4.83316098682603	1.34382029436964e-06	C_reverse	f4(ITALY_T1, Africa; IBERIA_T0, EUROPE_NW_T0) [Italy→Iberia?]	YES
ITALY_T1	AFRICA_W_T0	IBERIA_T0	EUROPE_NW_T1	3.17025741652415e-05	3.90018682815843e-05	0.81284757787387	0.416305453327777	C_reverse	f4(ITALY_T1, Africa; IBERIA_T0, EUROPE_NW_T1) [Italy→Iberia?]	YES
ITALY_T1	AFRICA_W_T0	IBERIA_T0	EUROPE_NW_T2	-0.000202818505153144	4.49954501392568e-05	-4.50753364007781	6.55855348235223e-06	C_reverse	f4(ITALY_T1, Africa; IBERIA_T0, EUROPE_NW_T2) [Italy→Iberia?]	YES
ITALY_T1	AFRICA_W_T0	IBERIA_T0	EUROPE_NW_T3	-0.000804235579727735	6.89145602257153e-05	-11.6700386259976	1.81340892864123e-31	C_reverse	f4(ITALY_T1, Africa; IBERIA_T0, EUROPE_NW_T3) [Italy→Iberia?]	YES
ITALY_T1	AFRICA_W_T0	IBERIA_T0	EUROPE_NW_T4	-0.000683833690065962	6.50162248175543e-05	-10.5178929103452	7.14536424226226e-26	C_reverse	f4(ITALY_T1, Africa; IBERIA_T0, EUROPE_NW_T4) [Italy→Iberia?]	YES
ITALY_T1	AFRICA_W_T0	IBERIA_T0	GREECE_T0	-0.000669237915927923	6.61818050342339e-05	-10.1121133759006	4.88196195902401e-24	C_reverse	f4(ITALY_T1, Africa; IBERIA_T0, GREECE_T0) [Italy→Iberia?]	PARTIAL
ITALY_T1	AFRICA_W_T0	IBERIA_T0	GREECE_T1	-0.000505483498961899	5.27754716616708e-05	-9.57800059471599	9.89417057478158e-22	C_reverse	f4(ITALY_T1, Africa; IBERIA_T0, GREECE_T1) [Italy→Iberia?]	YES
ITALY_T1	AFRICA_W_T0	IBERIA_T0	GREECE_T2	-0.000884929045323677	6.27544733479469e-05	-14.1014496355841	3.72047791710646e-45	C_reverse	f4(ITALY_T1, Africa; IBERIA_T0, GREECE_T2) [Italy→Iberia?]	YES
ITALY_T1	AFRICA_W_T0	IBERIA_T0	LEVANT_T0	-0.000300372741880494	4.82868252232001e-05	-6.22059413705617	4.95275802230013e-10	C_reverse	f4(ITALY_T1, Africa; IBERIA_T0, LEVANT_T0) [Italy→Iberia?]	YES
ITALY_T1	AFRICA_W_T0	IBERIA_T0	LEVANT_T1	-0.000572808190673556	4.84593095178591e-05	-11.8203952217366	3.06240406355724e-32	C_reverse	f4(ITALY_T1, Africa; IBERIA_T0, LEVANT_T1) [Italy→Iberia?]	YES
ITALY_T1	AFRICA_W_T0	IBERIA_T0	LEVANT_T2	-0.00084772097490761	6.05749086633945e-05	-13.9945894036467	1.68198269572952e-44	C_reverse	f4(ITALY_T1, Africa; IBERIA_T0, LEVANT_T2) [Italy→Iberia?]	YES
ITALY_T1	AFRICA_W_T0	IBERIA_T0	LEVANT_T3	-0.000701927321934099	6.01955409671783e-05	-11.6607860093296	2.02167416851189e-31	C_reverse	f4(ITALY_T1, Africa; IBERIA_T0, LEVANT_T3) [Italy→Iberia?]	YES
ITALY_T1	AFRICA_W_T0	IBERIA_T1	EUROPE_NW_T0	0.000313346040972132	3.43809663739418e-05	9.1139393106072	7.94437522802941e-20	C_reverse	f4(ITALY_T1, Africa; IBERIA_T1, EUROPE_NW_T0) [Italy→Iberia?]	YES
ITALY_T1	AFRICA_W_T0	IBERIA_T1	EUROPE_NW_T1	0.00015441874320717	3.57742053554438e-05	4.31648283093649	1.58535005854008e-05	C_reverse	f4(ITALY_T1, Africa; IBERIA_T1, EUROPE_NW_T1) [Italy→Iberia?]	YES
ITALY_T1	AFRICA_W_T0	IBERIA_T1	EUROPE_NW_T2	-8.0102336111216e-05	4.57346861397982e-05	-1.75145699844458	0.0798672222238352	C_reverse	f4(ITALY_T1, Africa; IBERIA_T1, EUROPE_NW_T2) [Italy→Iberia?]	YES
ITALY_T1	AFRICA_W_T0	IBERIA_T1	EUROPE_NW_T3	-0.000681519410685807	7.15904902306228e-05	-9.51969191006164	1.73693239307245e-21	C_reverse	f4(ITALY_T1, Africa; IBERIA_T1, EUROPE_NW_T3) [Italy→Iberia?]	YES
ITALY_T1	AFRICA_W_T0	IBERIA_T1	EUROPE_NW_T4	-0.000561117521024033	6.55610202340238e-05	-8.55870636273034	1.14141022085157e-17	C_reverse	f4(ITALY_T1, Africa; IBERIA_T1, EUROPE_NW_T4) [Italy→Iberia?]	YES
ITALY_T1	AFRICA_W_T0	IBERIA_T1	GREECE_T0	-0.000546521746885995	7.37906134337149e-05	-7.40638573735301	1.29787966742309e-13	C_reverse	f4(ITALY_T1, Africa; IBERIA_T1, GREECE_T0) [Italy→Iberia?]	PARTIAL
ITALY_T1	AFRICA_W_T0	IBERIA_T1	GREECE_T1	-0.000382767329919972	5.76179351876621e-05	-6.64319762020793	3.06949838729942e-11	C_reverse	f4(ITALY_T1, Africa; IBERIA_T1, GREECE_T1) [Italy→Iberia?]	YES
ITALY_T1	AFRICA_W_T0	IBERIA_T1	GREECE_T2	-0.000762212876281749	6.6676487192823e-05	-11.4315091927007	2.91006539821517e-30	C_reverse	f4(ITALY_T1, Africa; IBERIA_T1, GREECE_T2) [Italy→Iberia?]	YES
ITALY_T1	AFRICA_W_T0	IBERIA_T1	LEVANT_T0	-0.000177656572838566	5.15184400172399e-05	-3.44840745913726	0.00056390266446882	C_reverse	f4(ITALY_T1, Africa; IBERIA_T1, LEVANT_T0) [Italy→Iberia?]	YES
ITALY_T1	AFRICA_W_T0	IBERIA_T1	LEVANT_T1	-0.000450092021631628	5.13482986779657e-05	-8.76547097410977	1.85997449070584e-18	C_reverse	f4(ITALY_T1, Africa; IBERIA_T1, LEVANT_T1) [Italy→Iberia?]	YES
ITALY_T1	AFRICA_W_T0	IBERIA_T1	LEVANT_T2	-0.000725004805865682	6.53698279458858e-05	-11.0908171039681	1.39012135270667e-28	C_reverse	f4(ITALY_T1, Africa; IBERIA_T1, LEVANT_T2) [Italy→Iberia?]	YES
ITALY_T1	AFRICA_W_T0	IBERIA_T1	LEVANT_T3	-0.000579211152892171	6.48330875819963e-05	-8.9338819805493	4.11316099083371e-19	C_reverse	f4(ITALY_T1, Africa; IBERIA_T1, LEVANT_T3) [Italy→Iberia?]	YES
ITALY_T1	AFRICA_W_T0	IBERIA_T2	EUROPE_NW_T0	0.000868550818214917	5.89128494384297e-05	14.7429775760999	3.4139446811903e-49	C_reverse	f4(ITALY_T1, Africa; IBERIA_T2, EUROPE_NW_T0) [Italy→Iberia?]	YES
ITALY_T1	AFRICA_W_T0	IBERIA_T2	EUROPE_NW_T1	0.000709623520449956	5.90882598776155e-05	12.0095518453198	3.16555847096798e-33	C_reverse	f4(ITALY_T1, Africa; IBERIA_T2, EUROPE_NW_T1) [Italy→Iberia?]	YES
ITALY_T1	AFRICA_W_T0	IBERIA_T2	EUROPE_NW_T2	0.00047510244113157	5.24072037839095e-05	9.06559417080443	1.23926960272903e-19	C_reverse	f4(ITALY_T1, Africa; IBERIA_T2, EUROPE_NW_T2) [Italy→Iberia?]	YES
ITALY_T1	AFRICA_W_T0	IBERIA_T2	EUROPE_NW_T3	-0.000126314633443021	5.52252954724647e-05	-2.28726043676853	0.0221806262707586	C_reverse	f4(ITALY_T1, Africa; IBERIA_T2, EUROPE_NW_T3) [Italy→Iberia?]	YES
ITALY_T1	AFRICA_W_T0	IBERIA_T2	EUROPE_NW_T4	-5.91274378124696e-06	4.99387299696047e-05	-0.11839996301159	0.905750755085685	C_reverse	f4(ITALY_T1, Africa; IBERIA_T2, EUROPE_NW_T4) [Italy→Iberia?]	YES
ITALY_T1	AFRICA_W_T0	IBERIA_T2	GREECE_T0	8.68303035679084e-06	5.9762452805987e-05	0.145292402655886	0.884480012880112	C_reverse	f4(ITALY_T1, Africa; IBERIA_T2, GREECE_T0) [Italy→Iberia?]	PARTIAL
ITALY_T1	AFRICA_W_T0	IBERIA_T2	GREECE_T1	0.000172437447322814	5.42362844242077e-05	3.17937427228788	0.00147593382492663	C_reverse	f4(ITALY_T1, Africa; IBERIA_T2, GREECE_T1) [Italy→Iberia?]	YES
ITALY_T1	AFRICA_W_T0	IBERIA_T2	GREECE_T2	-0.000207008099038963	5.42893715605046e-05	-3.81305019912149	0.000137262219419637	C_reverse	f4(ITALY_T1, Africa; IBERIA_T2, GREECE_T2) [Italy→Iberia?]	YES
ITALY_T1	AFRICA_W_T0	IBERIA_T2	LEVANT_T0	0.000377548204404219	5.38853939497298e-05	7.00650355746564	2.44347351199435e-12	C_reverse	f4(ITALY_T1, Africa; IBERIA_T2, LEVANT_T0) [Italy→Iberia?]	YES
ITALY_T1	AFRICA_W_T0	IBERIA_T2	LEVANT_T1	0.000105112755611158	5.2963355452062e-05	1.98463172723823	0.0471854597516404	C_reverse	f4(ITALY_T1, Africa; IBERIA_T2, LEVANT_T1) [Italy→Iberia?]	YES
ITALY_T1	AFRICA_W_T0	IBERIA_T2	LEVANT_T2	-0.000169800028622897	5.11386162821443e-05	-3.32038762421863	0.000898925408283475	C_reverse	f4(ITALY_T1, Africa; IBERIA_T2, LEVANT_T2) [Italy→Iberia?]	YES
ITALY_T1	AFRICA_W_T0	IBERIA_T2	LEVANT_T3	-2.40063756493849e-05	4.94649665610856e-05	-0.485320769796514	0.627448824622177	C_reverse	f4(ITALY_T1, Africa; IBERIA_T2, LEVANT_T3) [Italy→Iberia?]	YES
ITALY_T2	AFRICA_W_T0	IBERIA_T0	EUROPE_NW_T0	0.000482763267173912	4.98571444612581e-05	9.68293054868088	3.56352039026951e-22	C_reverse	f4(ITALY_T2, Africa; IBERIA_T0, EUROPE_NW_T0) [Italy→Iberia?]	YES
ITALY_T2	AFRICA_W_T0	IBERIA_T0	EUROPE_NW_T1	0.000277896088356045	4.80259312636591e-05	5.78637583996891	7.19212010580075e-09	C_reverse	f4(ITALY_T2, Africa; IBERIA_T0, EUROPE_NW_T1) [Italy→Iberia?]	YES
ITALY_T2	AFRICA_W_T0	IBERIA_T0	EUROPE_NW_T2	-0.000401852606706328	5.30361277073929e-05	-7.57695978340275	3.53746375289898e-14	C_reverse	f4(ITALY_T2, Africa; IBERIA_T0, EUROPE_NW_T2) [Italy→Iberia?]	YES
ITALY_T2	AFRICA_W_T0	IBERIA_T0	EUROPE_NW_T3	-0.00466675964918429	0.000195770348285373	-23.837928930798	1.35105710839684e-125	C_reverse	f4(ITALY_T2, Africa; IBERIA_T0, EUROPE_NW_T3) [Italy→Iberia?]	YES
ITALY_T2	AFRICA_W_T0	IBERIA_T0	EUROPE_NW_T4	-0.00352714914598034	0.000157891985818612	-22.3390004736046	1.54460745407609e-110	C_reverse	f4(ITALY_T2, Africa; IBERIA_T0, EUROPE_NW_T4) [Italy→Iberia?]	YES
ITALY_T2	AFRICA_W_T0	IBERIA_T0	GREECE_T0	-0.00459666136603026	0.000191087766856806	-24.0552361966469	7.35832903969869e-128	C_reverse	f4(ITALY_T2, Africa; IBERIA_T0, GREECE_T0) [Italy→Iberia?]	PARTIAL
ITALY_T2	AFRICA_W_T0	IBERIA_T0	GREECE_T1	-0.00156523378577287	8.69099808026725e-05	-18.0098277702615	1.63135335045176e-72	C_reverse	f4(ITALY_T2, Africa; IBERIA_T0, GREECE_T1) [Italy→Iberia?]	YES
ITALY_T2	AFRICA_W_T0	IBERIA_T0	GREECE_T2	-0.00437625157873873	0.000179153015853332	-24.4274513487479	8.7396902698012e-132	C_reverse	f4(ITALY_T2, Africa; IBERIA_T0, GREECE_T2) [Italy→Iberia?]	YES
ITALY_T2	AFRICA_W_T0	IBERIA_T0	LEVANT_T0	-0.000608834498040795	6.150006334987e-05	-9.89973773810889	4.17368088996436e-23	C_reverse	f4(ITALY_T2, Africa; IBERIA_T0, LEVANT_T0) [Italy→Iberia?]	YES
ITALY_T2	AFRICA_W_T0	IBERIA_T0	LEVANT_T1	-0.00125930380062745	7.13061182893198e-05	-17.660529430559	8.4443889142507e-70	C_reverse	f4(ITALY_T2, Africa; IBERIA_T0, LEVANT_T1) [Italy→Iberia?]	YES
ITALY_T2	AFRICA_W_T0	IBERIA_T0	LEVANT_T2	-0.00284681904816784	0.000129772683883858	-21.9369667249515	1.15342231227462e-106	C_reverse	f4(ITALY_T2, Africa; IBERIA_T0, LEVANT_T2) [Italy→Iberia?]	YES
ITALY_T2	AFRICA_W_T0	IBERIA_T0	LEVANT_T3	-0.00387827405991278	0.000163614348360661	-23.703752750118	3.29830154397573e-124	C_reverse	f4(ITALY_T2, Africa; IBERIA_T0, LEVANT_T3) [Italy→Iberia?]	YES
ITALY_T2	AFRICA_W_T0	IBERIA_T1	EUROPE_NW_T0	0.000529956200114891	3.93368303904678e-05	13.4722649195272	2.27770333789309e-41	C_reverse	f4(ITALY_T2, Africa; IBERIA_T1, EUROPE_NW_T0) [Italy→Iberia?]	YES
ITALY_T2	AFRICA_W_T0	IBERIA_T1	EUROPE_NW_T1	0.000325089021297024	3.86247677822542e-05	8.41659484219302	3.87585244755097e-17	C_reverse	f4(ITALY_T2, Africa; IBERIA_T1, EUROPE_NW_T1) [Italy→Iberia?]	YES
ITALY_T2	AFRICA_W_T0	IBERIA_T1	EUROPE_NW_T2	-0.000354659673765348	5.7697388545042e-05	-6.14689299999219	7.90153921583696e-10	C_reverse	f4(ITALY_T2, Africa; IBERIA_T1, EUROPE_NW_T2) [Italy→Iberia?]	YES
ITALY_T2	AFRICA_W_T0	IBERIA_T1	EUROPE_NW_T3	-0.00461956671624331	0.000196639480578443	-23.4925697660215	4.85828216501206e-122	C_reverse	f4(ITALY_T2, Africa; IBERIA_T1, EUROPE_NW_T3) [Italy→Iberia?]	YES
ITALY_T2	AFRICA_W_T0	IBERIA_T1	EUROPE_NW_T4	-0.00347995621303937	0.000157745434556707	-22.0605827535908	7.56026477703703e-108	C_reverse	f4(ITALY_T2, Africa; IBERIA_T1, EUROPE_NW_T4) [Italy→Iberia?]	YES
ITALY_T2	AFRICA_W_T0	IBERIA_T1	GREECE_T0	-0.00454946843308927	0.000191768801571848	-23.7237152018431	2.05275858649102e-124	C_reverse	f4(ITALY_T2, Africa; IBERIA_T1, GREECE_T0) [Italy→Iberia?]	PARTIAL
ITALY_T2	AFRICA_W_T0	IBERIA_T1	GREECE_T1	-0.00151804085283189	9.52330599665199e-05	-15.9402717225045	3.32903125358153e-57	C_reverse	f4(ITALY_T2, Africa; IBERIA_T1, GREECE_T1) [Italy→Iberia?]	YES
ITALY_T2	AFRICA_W_T0	IBERIA_T1	GREECE_T2	-0.00432905864579775	0.000179534304201291	-24.112710186818	1.83905636182471e-128	C_reverse	f4(ITALY_T2, Africa; IBERIA_T1, GREECE_T2) [Italy→Iberia?]	YES
ITALY_T2	AFRICA_W_T0	IBERIA_T1	LEVANT_T0	-0.000561641565099816	6.88738355727254e-05	-8.15464334793387	3.50211809337015e-16	C_reverse	f4(ITALY_T2, Africa; IBERIA_T1, LEVANT_T0) [Italy→Iberia?]	YES
ITALY_T2	AFRICA_W_T0	IBERIA_T1	LEVANT_T1	-0.00121211086768647	7.7779434611103e-05	-15.5839506129998	9.3587597216054e-55	C_reverse	f4(ITALY_T2, Africa; IBERIA_T1, LEVANT_T1) [Italy→Iberia?]	YES
ITALY_T2	AFRICA_W_T0	IBERIA_T1	LEVANT_T2	-0.00279962611522686	0.00013393466781285	-20.9029234995293	5.03640477781026e-97	C_reverse	f4(ITALY_T2, Africa; IBERIA_T1, LEVANT_T2) [Italy→Iberia?]	YES
ITALY_T2	AFRICA_W_T0	IBERIA_T1	LEVANT_T3	-0.00383108112697179	0.000165413859992078	-23.1605811457109	1.13732924330242e-118	C_reverse	f4(ITALY_T2, Africa; IBERIA_T1, LEVANT_T3) [Italy→Iberia?]	YES
ITALY_T2	AFRICA_W_T0	IBERIA_T2	EUROPE_NW_T0	0.00317376865109565	0.000131849373214427	24.0711698032431	5.01162079786468e-128	C_reverse	f4(ITALY_T2, Africa; IBERIA_T2, EUROPE_NW_T0) [Italy→Iberia?]	YES
ITALY_T2	AFRICA_W_T0	IBERIA_T2	EUROPE_NW_T1	0.00296890147227778	0.000132178236252955	22.4613488304993	9.91327761965059e-112	C_reverse	f4(ITALY_T2, Africa; IBERIA_T2, EUROPE_NW_T1) [Italy→Iberia?]	YES
ITALY_T2	AFRICA_W_T0	IBERIA_T2	EUROPE_NW_T2	0.00228915277721541	0.000111525015321368	20.5259131381336	1.26366909003412e-93	C_reverse	f4(ITALY_T2, Africa; IBERIA_T2, EUROPE_NW_T2) [Italy→Iberia?]	YES
ITALY_T2	AFRICA_W_T0	IBERIA_T2	EUROPE_NW_T3	-0.00197575426526255	0.000148451266621339	-13.3091101896907	2.04907530373676e-40	C_reverse	f4(ITALY_T2, Africa; IBERIA_T2, EUROPE_NW_T3) [Italy→Iberia?]	YES
ITALY_T2	AFRICA_W_T0	IBERIA_T2	EUROPE_NW_T4	-0.000836143762058606	0.000103418104324259	-8.08508111342816	6.21228374411327e-16	C_reverse	f4(ITALY_T2, Africa; IBERIA_T2, EUROPE_NW_T4) [Italy→Iberia?]	YES
ITALY_T2	AFRICA_W_T0	IBERIA_T2	GREECE_T0	-0.00190565598210852	0.000142022566040978	-13.4179802212465	4.74468988381013e-41	C_reverse	f4(ITALY_T2, Africa; IBERIA_T2, GREECE_T0) [Italy→Iberia?]	PARTIAL
ITALY_T2	AFRICA_W_T0	IBERIA_T2	GREECE_T1	0.00112577159814887	8.7748544552431e-05	12.82951875602	1.1205804709979e-37	C_reverse	f4(ITALY_T2, Africa; IBERIA_T2, GREECE_T1) [Italy→Iberia?]	YES
ITALY_T2	AFRICA_W_T0	IBERIA_T2	GREECE_T2	-0.00168524619481699	0.000119202493967266	-14.1376756368854	2.22513211718353e-45	C_reverse	f4(ITALY_T2, Africa; IBERIA_T2, GREECE_T2) [Italy→Iberia?]	YES
ITALY_T2	AFRICA_W_T0	IBERIA_T2	LEVANT_T0	0.00208217088588094	0.000111724929906056	18.636582610808	1.62282735968301e-77	C_reverse	f4(ITALY_T2, Africa; IBERIA_T2, LEVANT_T0) [Italy→Iberia?]	YES
ITALY_T2	AFRICA_W_T0	IBERIA_T2	LEVANT_T1	0.00143170158329428	9.69053908669221e-05	14.774220200612	2.14829209612806e-49	C_reverse	f4(ITALY_T2, Africa; IBERIA_T2, LEVANT_T1) [Italy→Iberia?]	YES
ITALY_T2	AFRICA_W_T0	IBERIA_T2	LEVANT_T2	-0.000155813664246104	8.9550378897218e-05	-1.73995538784866	0.081866851804838	C_reverse	f4(ITALY_T2, Africa; IBERIA_T2, LEVANT_T2) [Italy→Iberia?]	YES
ITALY_T2	AFRICA_W_T0	IBERIA_T2	LEVANT_T3	-0.00118726867599103	0.000111636700712836	-10.6351107513026	2.04585533032508e-26	C_reverse	f4(ITALY_T2, Africa; IBERIA_T2, LEVANT_T3) [Italy→Iberia?]	YES
ITALY_T3	AFRICA_W_T0	IBERIA_T0	EUROPE_NW_T0	0.000255073905448249	5.77332661835153e-05	4.41814437862309	9.95519139603511e-06	C_reverse	f4(ITALY_T3, Africa; IBERIA_T0, EUROPE_NW_T0) [Italy→Iberia?]	PARTIAL
ITALY_T3	AFRICA_W_T0	IBERIA_T0	EUROPE_NW_T1	0.000495645701515408	5.52117009363303e-05	8.97718587020136	2.77780381703802e-19	C_reverse	f4(ITALY_T3, Africa; IBERIA_T0, EUROPE_NW_T1) [Italy→Iberia?]	PARTIAL
ITALY_T3	AFRICA_W_T0	IBERIA_T0	EUROPE_NW_T2	-0.000487304122816891	6.02029818152739e-05	-8.09435194276803	5.75700174951313e-16	C_reverse	f4(ITALY_T3, Africa; IBERIA_T0, EUROPE_NW_T2) [Italy→Iberia?]	PARTIAL
ITALY_T3	AFRICA_W_T0	IBERIA_T0	EUROPE_NW_T3	-0.00822795061975445	0.000284948590335726	-28.8752108233288	2.44538203956963e-183	C_reverse	f4(ITALY_T3, Africa; IBERIA_T0, EUROPE_NW_T3) [Italy→Iberia?]	PARTIAL
ITALY_T3	AFRICA_W_T0	IBERIA_T0	EUROPE_NW_T4	-0.00649559377486859	0.000225951361243351	-28.7477523442436	9.66293260139868e-182	C_reverse	f4(ITALY_T3, Africa; IBERIA_T0, EUROPE_NW_T4) [Italy→Iberia?]	PARTIAL
ITALY_T3	AFRICA_W_T0	IBERIA_T0	GREECE_T0	-0.00790320044793582	0.000280242719356172	-28.2012694784456	5.64166586929368e-175	C_reverse	f4(ITALY_T3, Africa; IBERIA_T0, GREECE_T0) [Italy→Iberia?]	PARTIAL
ITALY_T3	AFRICA_W_T0	IBERIA_T0	GREECE_T1	-0.00169243507204341	0.000111491063390154	-15.1800065456446	4.79733884573008e-52	C_reverse	f4(ITALY_T3, Africa; IBERIA_T0, GREECE_T1) [Italy→Iberia?]	PARTIAL
ITALY_T3	AFRICA_W_T0	IBERIA_T0	GREECE_T2	-0.00654300247571908	0.000252762011182227	-25.886019996106	9.56965273600437e-148	C_reverse	f4(ITALY_T3, Africa; IBERIA_T0, GREECE_T2) [Italy→Iberia?]	PARTIAL
ITALY_T3	AFRICA_W_T0	IBERIA_T0	LEVANT_T0	-0.000921881562740352	7.6750510113729e-05	-12.0114063264766	3.09535917625828e-33	C_reverse	f4(ITALY_T3, Africa; IBERIA_T0, LEVANT_T0) [Italy→Iberia?]	PARTIAL
ITALY_T3	AFRICA_W_T0	IBERIA_T0	LEVANT_T1	-0.00106852705480405	8.10758264804601e-05	-13.1793544535938	1.15373812643078e-39	C_reverse	f4(ITALY_T3, Africa; IBERIA_T0, LEVANT_T1) [Italy→Iberia?]	PARTIAL
ITALY_T3	AFRICA_W_T0	IBERIA_T0	LEVANT_T2	-0.00340066144507054	0.000160528827018054	-21.1841169479678	1.33811200821774e-99	C_reverse	f4(ITALY_T3, Africa; IBERIA_T0, LEVANT_T2) [Italy→Iberia?]	PARTIAL
ITALY_T3	AFRICA_W_T0	IBERIA_T0	LEVANT_T3	-0.00611676007274774	0.000227430443467009	-26.895080445266	2.50738718342441e-159	C_reverse	f4(ITALY_T3, Africa; IBERIA_T0, LEVANT_T3) [Italy→Iberia?]	PARTIAL
ITALY_T3	AFRICA_W_T0	IBERIA_T1	EUROPE_NW_T0	7.00355604460265e-07	5.01769607425841e-05	0.0139577127449628	0.988863718088735	C_reverse	f4(ITALY_T3, Africa; IBERIA_T1, EUROPE_NW_T0) [Italy→Iberia?]	PARTIAL
ITALY_T3	AFRICA_W_T0	IBERIA_T1	EUROPE_NW_T1	0.000241272151671619	4.58233011990168e-05	5.26527215103384	1.3998183336758e-07	C_reverse	f4(ITALY_T3, Africa; IBERIA_T1, EUROPE_NW_T1) [Italy→Iberia?]	PARTIAL
ITALY_T3	AFRICA_W_T0	IBERIA_T1	EUROPE_NW_T2	-0.000741677672660679	6.91069317312658e-05	-10.7323195239635	7.17716343863356e-27	C_reverse	f4(ITALY_T3, Africa; IBERIA_T1, EUROPE_NW_T2) [Italy→Iberia?]	PARTIAL
ITALY_T3	AFRICA_W_T0	IBERIA_T1	EUROPE_NW_T3	-0.00848232416959822	0.000281962892342122	-30.0831222830064	8.05628691259537e-199	C_reverse	f4(ITALY_T3, Africa; IBERIA_T1, EUROPE_NW_T3) [Italy→Iberia?]	PARTIAL
ITALY_T3	AFRICA_W_T0	IBERIA_T1	EUROPE_NW_T4	-0.00674996732471239	0.000224748045919453	-30.0334861515614	3.58763535195732e-198	C_reverse	f4(ITALY_T3, Africa; IBERIA_T1, EUROPE_NW_T4) [Italy→Iberia?]	PARTIAL
ITALY_T3	AFRICA_W_T0	IBERIA_T1	GREECE_T0	-0.00815757399777961	0.000277513790230227	-29.3952022744962	6.32450955086074e-190	C_reverse	f4(ITALY_T3, Africa; IBERIA_T1, GREECE_T0) [Italy→Iberia?]	PARTIAL
ITALY_T3	AFRICA_W_T0	IBERIA_T1	GREECE_T1	-0.0019468086218872	0.000112071340928183	-17.3711548890518	1.36451740245184e-67	C_reverse	f4(ITALY_T3, Africa; IBERIA_T1, GREECE_T1) [Italy→Iberia?]	PARTIAL
ITALY_T3	AFRICA_W_T0	IBERIA_T1	GREECE_T2	-0.00679737602556287	0.000248939355778819	-27.3053491453649	3.66452431158847e-164	C_reverse	f4(ITALY_T3, Africa; IBERIA_T1, GREECE_T2) [Italy→Iberia?]	PARTIAL
ITALY_T3	AFRICA_W_T0	IBERIA_T1	LEVANT_T0	-0.00117625511258414	8.20221417051279e-05	-14.3407022558959	1.21816516940353e-46	C_reverse	f4(ITALY_T3, Africa; IBERIA_T1, LEVANT_T0) [Italy→Iberia?]	PARTIAL
ITALY_T3	AFRICA_W_T0	IBERIA_T1	LEVANT_T1	-0.00132290060464784	8.50050414706812e-05	-15.5626134845674	1.30653139876387e-54	C_reverse	f4(ITALY_T3, Africa; IBERIA_T1, LEVANT_T1) [Italy→Iberia?]	PARTIAL
ITALY_T3	AFRICA_W_T0	IBERIA_T1	LEVANT_T2	-0.00365503499491433	0.000163494536537421	-22.3557011281399	1.0626970456743e-110	C_reverse	f4(ITALY_T3, Africa; IBERIA_T1, LEVANT_T2) [Italy→Iberia?]	PARTIAL
ITALY_T3	AFRICA_W_T0	IBERIA_T1	LEVANT_T3	-0.00637113362259153	0.000224162603181641	-28.4219291360965	1.08366312648417e-177	C_reverse	f4(ITALY_T3, Africa; IBERIA_T1, LEVANT_T3) [Italy→Iberia?]	PARTIAL
ITALY_T3	AFRICA_W_T0	IBERIA_T2	EUROPE_NW_T0	0.00347453910115321	0.000159299827194399	21.811317453051	1.81183261037578e-105	C_reverse	f4(ITALY_T3, Africa; IBERIA_T2, EUROPE_NW_T0) [Italy→Iberia?]	PARTIAL
ITALY_T3	AFRICA_W_T0	IBERIA_T2	EUROPE_NW_T1	0.00371511089722037	0.000156025641274116	23.8108997141913	2.57531830331632e-125	C_reverse	f4(ITALY_T3, Africa; IBERIA_T2, EUROPE_NW_T1) [Italy→Iberia?]	PARTIAL
ITALY_T3	AFRICA_W_T0	IBERIA_T2	EUROPE_NW_T2	0.00273216107288808	0.000143644884769732	19.0202461944108	1.15937851113046e-80	C_reverse	f4(ITALY_T3, Africa; IBERIA_T2, EUROPE_NW_T2) [Italy→Iberia?]	PARTIAL
ITALY_T3	AFRICA_W_T0	IBERIA_T2	EUROPE_NW_T3	-0.00500848542404949	0.000237980119623497	-21.0458143813579	2.4978977207407e-98	C_reverse	f4(ITALY_T3, Africa; IBERIA_T2, EUROPE_NW_T3) [Italy→Iberia?]	PARTIAL
ITALY_T3	AFRICA_W_T0	IBERIA_T2	EUROPE_NW_T4	-0.00327612857916363	0.000170943465612948	-19.1649828053766	7.2580717734557e-82	C_reverse	f4(ITALY_T3, Africa; IBERIA_T2, EUROPE_NW_T4) [Italy→Iberia?]	PARTIAL
ITALY_T3	AFRICA_W_T0	IBERIA_T2	GREECE_T0	-0.00468373525223086	0.000253961303602343	-18.442712278579	5.96715107762027e-76	C_reverse	f4(ITALY_T3, Africa; IBERIA_T2, GREECE_T0) [Italy→Iberia?]	PARTIAL
ITALY_T3	AFRICA_W_T0	IBERIA_T2	GREECE_T1	0.00152703012366155	0.000110697014965424	13.7946820349087	2.74359891722667e-43	C_reverse	f4(ITALY_T3, Africa; IBERIA_T2, GREECE_T1) [Italy→Iberia?]	PARTIAL
ITALY_T3	AFRICA_W_T0	IBERIA_T2	GREECE_T2	-0.00332353728001412	0.000199518931334809	-16.6577540175221	2.65820796197296e-62	C_reverse	f4(ITALY_T3, Africa; IBERIA_T2, GREECE_T2) [Italy→Iberia?]	PARTIAL
ITALY_T3	AFRICA_W_T0	IBERIA_T2	LEVANT_T0	0.00229758363296461	0.000137464818981595	16.7139756192617	1.03686373059445e-62	C_reverse	f4(ITALY_T3, Africa; IBERIA_T2, LEVANT_T0) [Italy→Iberia?]	PARTIAL
ITALY_T3	AFRICA_W_T0	IBERIA_T2	LEVANT_T1	0.00215093814090091	0.00011481772616806	18.7335023317964	2.63965483945371e-78	C_reverse	f4(ITALY_T3, Africa; IBERIA_T2, LEVANT_T1) [Italy→Iberia?]	PARTIAL
ITALY_T3	AFRICA_W_T0	IBERIA_T2	LEVANT_T2	-0.000181196249365576	0.000116164709303676	-1.55982182929496	0.118801991378411	C_reverse	f4(ITALY_T3, Africa; IBERIA_T2, LEVANT_T2) [Italy→Iberia?]	PARTIAL
ITALY_T3	AFRICA_W_T0	IBERIA_T2	LEVANT_T3	-0.00289729487704277	0.000171578462005782	-16.886122204226	5.69235548400121e-64	C_reverse	f4(ITALY_T3, Africa; IBERIA_T2, LEVANT_T3) [Italy→Iberia?]	PARTIAL
ITALY_T4	AFRICA_W_T0	IBERIA_T0	EUROPE_NW_T0	0.000409121872612782	5.10444203396804e-05	8.01501652659073	1.10122207517471e-15	C_reverse	f4(ITALY_T4, Africa; IBERIA_T0, EUROPE_NW_T0) [Italy→Iberia?]	PARTIAL
ITALY_T4	AFRICA_W_T0	IBERIA_T0	EUROPE_NW_T1	0.000457501144593	5.04631898716452e-05	9.0660369619255	1.23424592135849e-19	C_reverse	f4(ITALY_T4, Africa; IBERIA_T0, EUROPE_NW_T1) [Italy→Iberia?]	PARTIAL
ITALY_T4	AFRICA_W_T0	IBERIA_T0	EUROPE_NW_T2	-0.00054234325761176	5.61022508082743e-05	-9.66704989190508	4.16202697939171e-22	C_reverse	f4(ITALY_T4, Africa; IBERIA_T0, EUROPE_NW_T2) [Italy→Iberia?]	PARTIAL
ITALY_T4	AFRICA_W_T0	IBERIA_T0	EUROPE_NW_T3	-0.00857143883280897	0.000274479728201681	-31.2279485591405	4.4490768707563e-214	C_reverse	f4(ITALY_T4, Africa; IBERIA_T0, EUROPE_NW_T3) [Italy→Iberia?]	PARTIAL
ITALY_T4	AFRICA_W_T0	IBERIA_T0	EUROPE_NW_T4	-0.00841225891479046	0.0002188123529181	-38.4450822935903	1.1125369292536e-308	C_reverse	f4(ITALY_T4, Africa; IBERIA_T0, EUROPE_NW_T4) [Italy→Iberia?]	PARTIAL
ITALY_T4	AFRICA_W_T0	IBERIA_T0	GREECE_T0	-0.00759840136876243	0.000273471331384892	-27.7850015586029	6.58458380465009e-170	C_reverse	f4(ITALY_T4, Africa; IBERIA_T0, GREECE_T0) [Italy→Iberia?]	PARTIAL
ITALY_T4	AFRICA_W_T0	IBERIA_T0	GREECE_T1	-0.00190196039678884	0.000109294163606759	-17.4022137507003	7.93751737481121e-68	C_reverse	f4(ITALY_T4, Africa; IBERIA_T0, GREECE_T1) [Italy→Iberia?]	PARTIAL
ITALY_T4	AFRICA_W_T0	IBERIA_T0	GREECE_T2	-0.006481896960612	0.000245311655647248	-26.4231104042312	7.43549406527086e-154	C_reverse	f4(ITALY_T4, Africa; IBERIA_T0, GREECE_T2) [Italy→Iberia?]	PARTIAL
ITALY_T4	AFRICA_W_T0	IBERIA_T0	LEVANT_T0	-0.000947506237822138	7.07882684157945e-05	-13.385074377815	7.392333152207e-41	C_reverse	f4(ITALY_T4, Africa; IBERIA_T0, LEVANT_T0) [Italy→Iberia?]	PARTIAL
ITALY_T4	AFRICA_W_T0	IBERIA_T0	LEVANT_T1	-0.0010385375413501	8.35730411764523e-05	-12.4267051519327	1.87191983297072e-35	C_reverse	f4(ITALY_T4, Africa; IBERIA_T0, LEVANT_T1) [Italy→Iberia?]	PARTIAL
ITALY_T4	AFRICA_W_T0	IBERIA_T0	LEVANT_T2	-0.00304631953971023	0.00014999169537981	-20.3099213726221	1.05072432593992e-91	C_reverse	f4(ITALY_T4, Africa; IBERIA_T0, LEVANT_T2) [Italy→Iberia?]	PARTIAL
ITALY_T4	AFRICA_W_T0	IBERIA_T0	LEVANT_T3	-0.00576699090042908	0.000230066530046278	-25.0666226820088	1.15032294956972e-138	C_reverse	f4(ITALY_T4, Africa; IBERIA_T0, LEVANT_T3) [Italy→Iberia?]	PARTIAL
ITALY_T4	AFRICA_W_T0	IBERIA_T1	EUROPE_NW_T0	0.000221839182517799	4.22954974462671e-05	5.24498341223266	1.56296388363637e-07	C_reverse	f4(ITALY_T4, Africa; IBERIA_T1, EUROPE_NW_T0) [Italy→Iberia?]	PARTIAL
ITALY_T4	AFRICA_W_T0	IBERIA_T1	EUROPE_NW_T1	0.000270218454498017	4.08586190409053e-05	6.61349944861057	3.75339398102106e-11	C_reverse	f4(ITALY_T4, Africa; IBERIA_T1, EUROPE_NW_T1) [Italy→Iberia?]	PARTIAL
ITALY_T4	AFRICA_W_T0	IBERIA_T1	EUROPE_NW_T2	-0.000729625947706742	6.7586056108116e-05	-10.7955100463263	3.61449973870592e-27	C_reverse	f4(ITALY_T4, Africa; IBERIA_T1, EUROPE_NW_T2) [Italy→Iberia?]	PARTIAL
ITALY_T4	AFRICA_W_T0	IBERIA_T1	EUROPE_NW_T3	-0.00875872152290396	0.000274265723843682	-31.9351663786322	8.68118227347389e-224	C_reverse	f4(ITALY_T4, Africa; IBERIA_T1, EUROPE_NW_T3) [Italy→Iberia?]	PARTIAL
ITALY_T4	AFRICA_W_T0	IBERIA_T1	EUROPE_NW_T4	-0.00859954160488544	0.000221877492347158	-38.7580620004047	0	C_reverse	f4(ITALY_T4, Africa; IBERIA_T1, EUROPE_NW_T4) [Italy→Iberia?]	PARTIAL
ITALY_T4	AFRICA_W_T0	IBERIA_T1	GREECE_T0	-0.00778568405885741	0.000270690134508978	-28.7623487755856	6.3475548166716e-182	C_reverse	f4(ITALY_T4, Africa; IBERIA_T1, GREECE_T0) [Italy→Iberia?]	PARTIAL
ITALY_T4	AFRICA_W_T0	IBERIA_T1	GREECE_T1	-0.00208924308688382	0.000114536710452379	-18.2408162294173	2.44775732755184e-74	C_reverse	f4(ITALY_T4, Africa; IBERIA_T1, GREECE_T1) [Italy→Iberia?]	PARTIAL
ITALY_T4	AFRICA_W_T0	IBERIA_T1	GREECE_T2	-0.00666917965070699	0.000245757302962955	-27.1372592810081	3.57981843852506e-162	C_reverse	f4(ITALY_T4, Africa; IBERIA_T1, GREECE_T2) [Italy→Iberia?]	PARTIAL
ITALY_T4	AFRICA_W_T0	IBERIA_T1	LEVANT_T0	-0.00113478892791712	7.56331771471979e-05	-15.0038510970997	6.92801773314065e-51	C_reverse	f4(ITALY_T4, Africa; IBERIA_T1, LEVANT_T0) [Italy→Iberia?]	PARTIAL
ITALY_T4	AFRICA_W_T0	IBERIA_T1	LEVANT_T1	-0.00122582023144508	9.26313801618655e-05	-13.2333149878914	5.63462745876896e-40	C_reverse	f4(ITALY_T4, Africa; IBERIA_T1, LEVANT_T1) [Italy→Iberia?]	PARTIAL
ITALY_T4	AFRICA_W_T0	IBERIA_T1	LEVANT_T2	-0.00323360222980521	0.000152856913570156	-21.1544388427096	2.51159870188275e-99	C_reverse	f4(ITALY_T4, Africa; IBERIA_T1, LEVANT_T2) [Italy→Iberia?]	PARTIAL
ITALY_T4	AFRICA_W_T0	IBERIA_T1	LEVANT_T3	-0.00595427359052406	0.000230639604414453	-25.8163536381393	5.810442650711e-147	C_reverse	f4(ITALY_T4, Africa; IBERIA_T1, LEVANT_T3) [Italy→Iberia?]	PARTIAL
ITALY_T4	AFRICA_W_T0	IBERIA_T2	EUROPE_NW_T0	0.0036027837901713	0.000156399597469162	23.0357612709436	2.04335347364111e-117	C_reverse	f4(ITALY_T4, Africa; IBERIA_T2, EUROPE_NW_T0) [Italy→Iberia?]	PARTIAL
ITALY_T4	AFRICA_W_T0	IBERIA_T2	EUROPE_NW_T1	0.00365116306215152	0.000155934027162082	23.4147936059934	3.02085931549578e-121	C_reverse	f4(ITALY_T4, Africa; IBERIA_T2, EUROPE_NW_T1) [Italy→Iberia?]	PARTIAL
ITALY_T4	AFRICA_W_T0	IBERIA_T2	EUROPE_NW_T2	0.00265131865994676	0.000143363262042111	18.4937104679438	2.32025900776115e-76	C_reverse	f4(ITALY_T4, Africa; IBERIA_T2, EUROPE_NW_T2) [Italy→Iberia?]	PARTIAL
ITALY_T4	AFRICA_W_T0	IBERIA_T2	EUROPE_NW_T3	-0.00537777691525047	0.000230669032525178	-23.313822650483	3.21034581644942e-120	C_reverse	f4(ITALY_T4, Africa; IBERIA_T2, EUROPE_NW_T3) [Italy→Iberia?]	PARTIAL
ITALY_T4	AFRICA_W_T0	IBERIA_T2	EUROPE_NW_T4	-0.00521859699723194	0.000159605274928861	-32.6968955102391	1.72878537933129e-234	C_reverse	f4(ITALY_T4, Africa; IBERIA_T2, EUROPE_NW_T4) [Italy→Iberia?]	PARTIAL
ITALY_T4	AFRICA_W_T0	IBERIA_T2	GREECE_T0	-0.00440473945120392	0.000244950845809033	-17.9821361165575	2.68929171603749e-72	C_reverse	f4(ITALY_T4, Africa; IBERIA_T2, GREECE_T0) [Italy→Iberia?]	PARTIAL
ITALY_T4	AFRICA_W_T0	IBERIA_T2	GREECE_T1	0.00129170152076968	0.000109809474444406	11.7631154078935	6.04613931890411e-32	C_reverse	f4(ITALY_T4, Africa; IBERIA_T2, GREECE_T1) [Italy→Iberia?]	PARTIAL
ITALY_T4	AFRICA_W_T0	IBERIA_T2	GREECE_T2	-0.00328823504305349	0.000189418997625785	-17.3595842247551	1.66927873110692e-67	C_reverse	f4(ITALY_T4, Africa; IBERIA_T2, GREECE_T2) [Italy→Iberia?]	PARTIAL
ITALY_T4	AFRICA_W_T0	IBERIA_T2	LEVANT_T0	0.00224615567973637	0.000131157818143998	17.1255950390264	9.56266907482397e-66	C_reverse	f4(ITALY_T4, Africa; IBERIA_T2, LEVANT_T0) [Italy→Iberia?]	PARTIAL
ITALY_T4	AFRICA_W_T0	IBERIA_T2	LEVANT_T1	0.00215512437620841	0.00012249063389303	17.5941972680985	2.72895133712999e-69	C_reverse	f4(ITALY_T4, Africa; IBERIA_T2, LEVANT_T1) [Italy→Iberia?]	PARTIAL
ITALY_T4	AFRICA_W_T0	IBERIA_T2	LEVANT_T2	0.000147342377848287	0.000117588951881107	1.25302909407054	0.210195118707013	C_reverse	f4(ITALY_T4, Africa; IBERIA_T2, LEVANT_T2) [Italy→Iberia?]	PARTIAL
ITALY_T4	AFRICA_W_T0	IBERIA_T2	LEVANT_T3	-0.00257332898287057	0.000178913489119675	-14.383090931446	6.60763344794219e-47	C_reverse	f4(ITALY_T4, Africa; IBERIA_T2, LEVANT_T3) [Italy→Iberia?]	PARTIAL
MAGHREB_T0	AFRICA_W_T0	IBERIA_T0	ANATOLIA_T0	-0.000823779367950783	6.8309478917787e-05	-12.0595176687299	1.72791871295094e-33	A	f4(MAGHREB_T0, Africa; IBERIA_T0, ANATOLIA_T0)	YES
MAGHREB_T0	AFRICA_W_T0	IBERIA_T0	BALKANS_T0	-0.000125900228184357	4.80504379110167e-05	-2.62016817448175	0.00878864139818284	A	f4(MAGHREB_T0, Africa; IBERIA_T0, BALKANS_T0)	YES
MAGHREB_T0	AFRICA_W_T0	IBERIA_T0	BALKANS_T0	-0.000125900228184357	4.80504379110167e-05	-2.62016817448175	0.00878864139818284	B	f4(MAGHREB_T0, Africa; IBERIA_T0, BALKANS_T0) [same-layer]	YES
MAGHREB_T0	AFRICA_W_T0	IBERIA_T0	BALKANS_T0	-0.000125900228184357	4.80504379110167e-05	-2.62016817448175	0.00878864139818284	A	f4(MAGHREB_T0, Africa; IBERIA_T0, BALKANS_T0)	YES
MAGHREB_T0	AFRICA_W_T0	IBERIA_T0	BALKANS_T0	-0.000125900228184357	4.80504379110167e-05	-2.62016817448175	0.00878864139818284	B	f4(MAGHREB_T0, Africa; IBERIA_T0, BALKANS_T0) [same-layer]	YES
MAGHREB_T0	AFRICA_W_T0	IBERIA_T0	EUROPE_CENTRAL_T0	0.000410080404166155	4.94960087645375e-05	8.28512064714129	1.17989414537962e-16	A	f4(MAGHREB_T0, Africa; IBERIA_T0, EUROPE_CENTRAL_T0)	YES
MAGHREB_T0	AFRICA_W_T0	IBERIA_T0	EUROPE_NW_T0	0.000401905239611106	4.89616324932218e-05	8.20857514640153	2.23828706222398e-16	A	f4(MAGHREB_T0, Africa; IBERIA_T0, EUROPE_NW_T0)	YES
MAGHREB_T0	AFRICA_W_T0	IBERIA_T0	GREECE_T0	-0.00330535439911038	0.00015073606844154	-21.9280921499707	1.40182966847431e-106	A	f4(MAGHREB_T0, Africa; IBERIA_T0, GREECE_T0)	PARTIAL
MAGHREB_T0	AFRICA_W_T0	IBERIA_T0	GREECE_T0	-0.00330535439911038	0.00015073606844154	-21.9280921499707	1.40182966847431e-106	B	f4(MAGHREB_T0, Africa; IBERIA_T0, GREECE_T0) [same-layer]	PARTIAL
MAGHREB_T0	AFRICA_W_T0	IBERIA_T0	GREECE_T0	-0.00330535439911038	0.00015073606844154	-21.9280921499707	1.40182966847431e-106	A	f4(MAGHREB_T0, Africa; IBERIA_T0, GREECE_T0)	PARTIAL
MAGHREB_T0	AFRICA_W_T0	IBERIA_T0	GREECE_T0	-0.00330535439911038	0.00015073606844154	-21.9280921499707	1.40182966847431e-106	B	f4(MAGHREB_T0, Africa; IBERIA_T0, GREECE_T0) [same-layer]	PARTIAL
MAGHREB_T0	AFRICA_W_T0	IBERIA_T0	ITALY_T0	-6.10959365156481e-05	4.55499825823402e-05	-1.34129439907481	0.179824887566145	A	f4(MAGHREB_T0, Africa; IBERIA_T0, ITALY_T0)	YES
MAGHREB_T0	AFRICA_W_T0	IBERIA_T0	ITALY_T0	-6.10959365156481e-05	4.55499825823402e-05	-1.34129439907481	0.179824887566145	B	f4(MAGHREB_T0, Africa; IBERIA_T0, ITALY_T0) [same-layer]	YES
MAGHREB_T0	AFRICA_W_T0	IBERIA_T0	ITALY_T0	-6.10959365156481e-05	4.55499825823402e-05	-1.34129439907481	0.179824887566145	A	f4(MAGHREB_T0, Africa; IBERIA_T0, ITALY_T0)	YES
MAGHREB_T0	AFRICA_W_T0	IBERIA_T0	ITALY_T0	-6.10959365156481e-05	4.55499825823402e-05	-1.34129439907481	0.179824887566145	B	f4(MAGHREB_T0, Africa; IBERIA_T0, ITALY_T0) [same-layer]	YES
MAGHREB_T0	AFRICA_W_T0	IBERIA_T0	LEVANT_T0	-0.000934823279258812	5.79766913226357e-05	-16.1241226074216	1.7269427067145e-58	A	f4(MAGHREB_T0, Africa; IBERIA_T0, LEVANT_T0)	YES
MAGHREB_T0	AFRICA_W_T0	IBERIA_T0	LEVANT_T0	-0.000934823279258812	5.79766913226357e-05	-16.1241226074216	1.7269427067145e-58	B	f4(MAGHREB_T0, Africa; IBERIA_T0, LEVANT_T0) [same-layer]	YES
MAGHREB_T0	AFRICA_W_T0	IBERIA_T0	LEVANT_T0	-0.000934823279258812	5.79766913226357e-05	-16.1241226074216	1.7269427067145e-58	A	f4(MAGHREB_T0, Africa; IBERIA_T0, LEVANT_T0)	YES
MAGHREB_T0	AFRICA_W_T0	IBERIA_T0	LEVANT_T0	-0.000934823279258812	5.79766913226357e-05	-16.1241226074216	1.7269427067145e-58	B	f4(MAGHREB_T0, Africa; IBERIA_T0, LEVANT_T0) [same-layer]	YES
MAGHREB_T0	AFRICA_W_T0	IBERIA_T0	SARDINIA_T0	-0.00214154282328101	9.57749029597305e-05	-22.3601669863497	9.61523516154302e-111	A	f4(MAGHREB_T0, Africa; IBERIA_T0, SARDINIA_T0)	YES
MAGHREB_T0	AFRICA_W_T0	IBERIA_T0	SARDINIA_T0	-0.00214154282328101	9.57749029597305e-05	-22.3601669863497	9.61523516154302e-111	B	f4(MAGHREB_T0, Africa; IBERIA_T0, SARDINIA_T0) [same-layer]	YES
MAGHREB_T0	AFRICA_W_T0	IBERIA_T0	SARDINIA_T0	-0.00214154282328101	9.57749029597305e-05	-22.3601669863497	9.61523516154302e-111	A	f4(MAGHREB_T0, Africa; IBERIA_T0, SARDINIA_T0)	YES
MAGHREB_T0	AFRICA_W_T0	IBERIA_T0	SARDINIA_T0	-0.00214154282328101	9.57749029597305e-05	-22.3601669863497	9.61523516154302e-111	B	f4(MAGHREB_T0, Africa; IBERIA_T0, SARDINIA_T0) [same-layer]	YES
MAGHREB_T0	AFRICA_W_T0	IBERIA_T0	SICILY_T0	-0.00264656248048962	0.000136642492597925	-19.3685172904245	1.42296579749348e-83	A	f4(MAGHREB_T0, Africa; IBERIA_T0, SICILY_T0)	YES
MAGHREB_T0	AFRICA_W_T0	IBERIA_T0	SICILY_T0	-0.00264656248048962	0.000136642492597925	-19.3685172904245	1.42296579749348e-83	B	f4(MAGHREB_T0, Africa; IBERIA_T0, SICILY_T0) [same-layer]	YES
MAGHREB_T0	AFRICA_W_T0	IBERIA_T0	SICILY_T0	-0.00264656248048962	0.000136642492597925	-19.3685172904245	1.42296579749348e-83	A	f4(MAGHREB_T0, Africa; IBERIA_T0, SICILY_T0)	YES
MAGHREB_T0	AFRICA_W_T0	IBERIA_T0	SICILY_T0	-0.00264656248048962	0.000136642492597925	-19.3685172904245	1.42296579749348e-83	B	f4(MAGHREB_T0, Africa; IBERIA_T0, SICILY_T0) [same-layer]	YES
MAGHREB_T0	AFRICA_W_T0	IBERIA_T1	ANATOLIA_T0	-0.00103218579407924	7.68556376150688e-05	-13.4301897181432	4.02379325318664e-41	A	f4(MAGHREB_T0, Africa; IBERIA_T1, ANATOLIA_T0)	YES
MAGHREB_T0	AFRICA_W_T0	IBERIA_T1	ANATOLIA_T0	-0.00103218579407924	7.68556376150688e-05	-13.4301897181432	4.02379325318664e-41	A_cross	f4(MAGHREB_T0, Africa; IBERIA_T1, ANATOLIA_T0) [cross-layer]	YES
MAGHREB_T0	AFRICA_W_T0	IBERIA_T1	ANATOLIA_T0	-0.00103218579407924	7.68556376150688e-05	-13.4301897181432	4.02379325318664e-41	A	f4(MAGHREB_T0, Africa; IBERIA_T1, ANATOLIA_T0)	YES
MAGHREB_T0	AFRICA_W_T0	IBERIA_T1	ANATOLIA_T0	-0.00103218579407924	7.68556376150688e-05	-13.4301897181432	4.02379325318664e-41	A_cross	f4(MAGHREB_T0, Africa; IBERIA_T1, ANATOLIA_T0) [cross-layer]	YES
MAGHREB_T0	AFRICA_W_T0	IBERIA_T1	ANATOLIA_T1	-0.000568285354510381	5.89723173179626e-05	-9.63647657673586	5.60798588134458e-22	A	f4(MAGHREB_T0, Africa; IBERIA_T1, ANATOLIA_T1)	YES
MAGHREB_T0	AFRICA_W_T0	IBERIA_T1	ANATOLIA_T1	-0.000568285354510381	5.89723173179626e-05	-9.63647657673586	5.60798588134458e-22	A_cross	f4(MAGHREB_T0, Africa; IBERIA_T1, ANATOLIA_T1) [cross-layer]	YES
MAGHREB_T0	AFRICA_W_T0	IBERIA_T1	ANATOLIA_T1	-0.000568285354510381	5.89723173179626e-05	-9.63647657673586	5.60798588134458e-22	A	f4(MAGHREB_T0, Africa; IBERIA_T1, ANATOLIA_T1)	YES
MAGHREB_T0	AFRICA_W_T0	IBERIA_T1	ANATOLIA_T1	-0.000568285354510381	5.89723173179626e-05	-9.63647657673586	5.60798588134458e-22	A_cross	f4(MAGHREB_T0, Africa; IBERIA_T1, ANATOLIA_T1) [cross-layer]	YES
MAGHREB_T0	AFRICA_W_T0	IBERIA_T1	ANATOLIA_T2	-0.0007320719760375	5.8180117464131e-05	-12.5828548986487	2.62373504396374e-36	A_cross	f4(MAGHREB_T0, Africa; IBERIA_T1, ANATOLIA_T2) [cross-layer]	YES
MAGHREB_T0	AFRICA_W_T0	IBERIA_T1	BALKANS_T0	-0.000334306654312815	5.21240022123684e-05	-6.41367968926777	1.42048505970773e-10	A	f4(MAGHREB_T0, Africa; IBERIA_T1, BALKANS_T0)	YES
MAGHREB_T0	AFRICA_W_T0	IBERIA_T1	BALKANS_T0	-0.000334306654312815	5.21240022123684e-05	-6.41367968926777	1.42048505970773e-10	A_cross	f4(MAGHREB_T0, Africa; IBERIA_T1, BALKANS_T0) [cross-layer]	YES
MAGHREB_T0	AFRICA_W_T0	IBERIA_T1	BALKANS_T0	-0.000334306654312815	5.21240022123684e-05	-6.41367968926777	1.42048505970773e-10	A	f4(MAGHREB_T0, Africa; IBERIA_T1, BALKANS_T0)	YES
MAGHREB_T0	AFRICA_W_T0	IBERIA_T1	BALKANS_T0	-0.000334306654312815	5.21240022123684e-05	-6.41367968926777	1.42048505970773e-10	A_cross	f4(MAGHREB_T0, Africa; IBERIA_T1, BALKANS_T0) [cross-layer]	YES
MAGHREB_T0	AFRICA_W_T0	IBERIA_T1	BALKANS_T1	-1.55332535245146e-05	4.60609218411682e-05	-0.337232797425937	0.735941415102756	A	f4(MAGHREB_T0, Africa; IBERIA_T1, BALKANS_T1)	YES
MAGHREB_T0	AFRICA_W_T0	IBERIA_T1	BALKANS_T1	-1.55332535245146e-05	4.60609218411682e-05	-0.337232797425937	0.735941415102756	A_cross	f4(MAGHREB_T0, Africa; IBERIA_T1, BALKANS_T1) [cross-layer]	YES
MAGHREB_T0	AFRICA_W_T0	IBERIA_T1	BALKANS_T1	-1.55332535245146e-05	4.60609218411682e-05	-0.337232797425937	0.735941415102756	A	f4(MAGHREB_T0, Africa; IBERIA_T1, BALKANS_T1)	YES
MAGHREB_T0	AFRICA_W_T0	IBERIA_T1	BALKANS_T1	-1.55332535245146e-05	4.60609218411682e-05	-0.337232797425937	0.735941415102756	A_cross	f4(MAGHREB_T0, Africa; IBERIA_T1, BALKANS_T1) [cross-layer]	YES
MAGHREB_T0	AFRICA_W_T0	IBERIA_T1	BALKANS_T2	-58.9028274287564	3.5694656466791	-16.5018614154635	3.55754925905691e-61	A_cross	f4(MAGHREB_T0, Africa; IBERIA_T1, BALKANS_T2) [cross-layer]	YES
MAGHREB_T0	AFRICA_W_T0	IBERIA_T1	BALKANS_T4	-0.00323628793951169	0.000149428506836757	-21.6577680391813	5.13518168779658e-104	A_cross	f4(MAGHREB_T0, Africa; IBERIA_T1, BALKANS_T4) [cross-layer]	YES
MAGHREB_T0	AFRICA_W_T0	IBERIA_T1	EUROPE_CENTRAL_T0	0.000201673978037697	3.84124667369333e-05	5.25022200263407	1.51916010825961e-07	A	f4(MAGHREB_T0, Africa; IBERIA_T1, EUROPE_CENTRAL_T0)	YES
MAGHREB_T0	AFRICA_W_T0	IBERIA_T1	EUROPE_CENTRAL_T0	0.000201673978037697	3.84124667369333e-05	5.25022200263407	1.51916010825961e-07	A_cross	f4(MAGHREB_T0, Africa; IBERIA_T1, EUROPE_CENTRAL_T0) [cross-layer]	YES
MAGHREB_T0	AFRICA_W_T0	IBERIA_T1	EUROPE_CENTRAL_T0	0.000201673978037697	3.84124667369333e-05	5.25022200263407	1.51916010825961e-07	A	f4(MAGHREB_T0, Africa; IBERIA_T1, EUROPE_CENTRAL_T0)	YES
MAGHREB_T0	AFRICA_W_T0	IBERIA_T1	EUROPE_CENTRAL_T0	0.000201673978037697	3.84124667369333e-05	5.25022200263407	1.51916010825961e-07	A_cross	f4(MAGHREB_T0, Africa; IBERIA_T1, EUROPE_CENTRAL_T0) [cross-layer]	YES
MAGHREB_T0	AFRICA_W_T0	IBERIA_T1	EUROPE_CENTRAL_T1	0.000195522376903341	4.01964013762541e-05	4.86417615032687	1.14934522287468e-06	A	f4(MAGHREB_T0, Africa; IBERIA_T1, EUROPE_CENTRAL_T1)	YES
MAGHREB_T0	AFRICA_W_T0	IBERIA_T1	EUROPE_CENTRAL_T1	0.000195522376903341	4.01964013762541e-05	4.86417615032687	1.14934522287468e-06	A_cross	f4(MAGHREB_T0, Africa; IBERIA_T1, EUROPE_CENTRAL_T1) [cross-layer]	YES
MAGHREB_T0	AFRICA_W_T0	IBERIA_T1	EUROPE_CENTRAL_T1	0.000195522376903341	4.01964013762541e-05	4.86417615032687	1.14934522287468e-06	A	f4(MAGHREB_T0, Africa; IBERIA_T1, EUROPE_CENTRAL_T1)	YES
MAGHREB_T0	AFRICA_W_T0	IBERIA_T1	EUROPE_CENTRAL_T1	0.000195522376903341	4.01964013762541e-05	4.86417615032687	1.14934522287468e-06	A_cross	f4(MAGHREB_T0, Africa; IBERIA_T1, EUROPE_CENTRAL_T1) [cross-layer]	YES
MAGHREB_T0	AFRICA_W_T0	IBERIA_T1	EUROPE_CENTRAL_T2	5.60082900398645e-05	3.78231854369829e-05	1.48079251900081	0.138661870649949	A_cross	f4(MAGHREB_T0, Africa; IBERIA_T1, EUROPE_CENTRAL_T2) [cross-layer]	YES
MAGHREB_T0	AFRICA_W_T0	IBERIA_T1	EUROPE_CENTRAL_T3	-0.00337028380822265	0.000164511757560679	-20.4865831974322	2.83612284560038e-93	A_cross	f4(MAGHREB_T0, Africa; IBERIA_T1, EUROPE_CENTRAL_T3) [cross-layer]	YES
MAGHREB_T0	AFRICA_W_T0	IBERIA_T1	EUROPE_CENTRAL_T4	-0.00284079680274281	0.000125006245181057	-22.7252390360837	2.52252757601861e-114	A_cross	f4(MAGHREB_T0, Africa; IBERIA_T1, EUROPE_CENTRAL_T4) [cross-layer]	YES
MAGHREB_T0	AFRICA_W_T0	IBERIA_T1	EUROPE_NW_T0	0.000193498813482648	3.95870511543613e-05	4.8879319838232	1.0190072097164e-06	A	f4(MAGHREB_T0, Africa; IBERIA_T1, EUROPE_NW_T0)	YES
MAGHREB_T0	AFRICA_W_T0	IBERIA_T1	EUROPE_NW_T0	0.000193498813482648	3.95870511543613e-05	4.8879319838232	1.0190072097164e-06	A_cross	f4(MAGHREB_T0, Africa; IBERIA_T1, EUROPE_NW_T0) [cross-layer]	YES
MAGHREB_T0	AFRICA_W_T0	IBERIA_T1	EUROPE_NW_T0	0.000193498813482648	3.95870511543613e-05	4.8879319838232	1.0190072097164e-06	A	f4(MAGHREB_T0, Africa; IBERIA_T1, EUROPE_NW_T0)	YES
MAGHREB_T0	AFRICA_W_T0	IBERIA_T1	EUROPE_NW_T0	0.000193498813482648	3.95870511543613e-05	4.8879319838232	1.0190072097164e-06	A_cross	f4(MAGHREB_T0, Africa; IBERIA_T1, EUROPE_NW_T0) [cross-layer]	YES
MAGHREB_T0	AFRICA_W_T0	IBERIA_T1	EUROPE_NW_T1	0.000197042258651944	3.92278111731355e-05	5.02302455220557	5.08640394050793e-07	A	f4(MAGHREB_T0, Africa; IBERIA_T1, EUROPE_NW_T1)	YES
MAGHREB_T0	AFRICA_W_T0	IBERIA_T1	EUROPE_NW_T1	0.000197042258651944	3.92278111731355e-05	5.02302455220557	5.08640394050793e-07	A_cross	f4(MAGHREB_T0, Africa; IBERIA_T1, EUROPE_NW_T1) [cross-layer]	YES
MAGHREB_T0	AFRICA_W_T0	IBERIA_T1	EUROPE_NW_T1	0.000197042258651944	3.92278111731355e-05	5.02302455220557	5.08640394050793e-07	A	f4(MAGHREB_T0, Africa; IBERIA_T1, EUROPE_NW_T1)	YES
MAGHREB_T0	AFRICA_W_T0	IBERIA_T1	EUROPE_NW_T1	0.000197042258651944	3.92278111731355e-05	5.02302455220557	5.08640394050793e-07	A_cross	f4(MAGHREB_T0, Africa; IBERIA_T1, EUROPE_NW_T1) [cross-layer]	YES
MAGHREB_T0	AFRICA_W_T0	IBERIA_T1	EUROPE_NW_T2	-0.000401234365037468	5.38923190226093e-05	-7.44511225930246	9.68620168986339e-14	A_cross	f4(MAGHREB_T0, Africa; IBERIA_T1, EUROPE_NW_T2) [cross-layer]	YES
MAGHREB_T0	AFRICA_W_T0	IBERIA_T1	EUROPE_NW_T3	-0.00331826310979037	0.000159474828825852	-20.8074411129417	3.70605334518654e-96	A_cross	f4(MAGHREB_T0, Africa; IBERIA_T1, EUROPE_NW_T3) [cross-layer]	YES
MAGHREB_T0	AFRICA_W_T0	IBERIA_T1	EUROPE_NW_T4	-0.00275429145605009	0.00013314299745257	-20.686716603562	4.56243056915545e-95	A_cross	f4(MAGHREB_T0, Africa; IBERIA_T1, EUROPE_NW_T4) [cross-layer]	YES
MAGHREB_T0	AFRICA_W_T0	IBERIA_T1	GREECE_T0	-0.00351376082523884	0.000154526630091435	-22.7388691719978	1.84932945539308e-114	A	f4(MAGHREB_T0, Africa; IBERIA_T1, GREECE_T0)	PARTIAL
MAGHREB_T0	AFRICA_W_T0	IBERIA_T1	GREECE_T0	-0.00351376082523884	0.000154526630091435	-22.7388691719978	1.84932945539308e-114	A_cross	f4(MAGHREB_T0, Africa; IBERIA_T1, GREECE_T0) [cross-layer]	PARTIAL
MAGHREB_T0	AFRICA_W_T0	IBERIA_T1	GREECE_T0	-0.00351376082523884	0.000154526630091435	-22.7388691719978	1.84932945539308e-114	A	f4(MAGHREB_T0, Africa; IBERIA_T1, GREECE_T0)	PARTIAL
MAGHREB_T0	AFRICA_W_T0	IBERIA_T1	GREECE_T0	-0.00351376082523884	0.000154526630091435	-22.7388691719978	1.84932945539308e-114	A_cross	f4(MAGHREB_T0, Africa; IBERIA_T1, GREECE_T0) [cross-layer]	PARTIAL
MAGHREB_T0	AFRICA_W_T0	IBERIA_T1	GREECE_T1	-0.00136186168495057	8.9092640983635e-05	-15.2859054341057	9.49343042261056e-53	A	f4(MAGHREB_T0, Africa; IBERIA_T1, GREECE_T1)	YES
MAGHREB_T0	AFRICA_W_T0	IBERIA_T1	GREECE_T1	-0.00136186168495057	8.9092640983635e-05	-15.2859054341057	9.49343042261056e-53	A_cross	f4(MAGHREB_T0, Africa; IBERIA_T1, GREECE_T1) [cross-layer]	YES
MAGHREB_T0	AFRICA_W_T0	IBERIA_T1	GREECE_T1	-0.00136186168495057	8.9092640983635e-05	-15.2859054341057	9.49343042261056e-53	A	f4(MAGHREB_T0, Africa; IBERIA_T1, GREECE_T1)	YES
MAGHREB_T0	AFRICA_W_T0	IBERIA_T1	GREECE_T1	-0.00136186168495057	8.9092640983635e-05	-15.2859054341057	9.49343042261056e-53	A_cross	f4(MAGHREB_T0, Africa; IBERIA_T1, GREECE_T1) [cross-layer]	YES
MAGHREB_T0	AFRICA_W_T0	IBERIA_T1	GREECE_T2	-0.00313210990628154	0.000141015023132759	-22.2111788992355	2.67817924432463e-109	A_cross	f4(MAGHREB_T0, Africa; IBERIA_T1, GREECE_T2) [cross-layer]	YES
MAGHREB_T0	AFRICA_W_T0	IBERIA_T1	ITALY_T0	-0.000269502362644106	4.61781009333618e-05	-5.83615084199797	5.342053676412e-09	A	f4(MAGHREB_T0, Africa; IBERIA_T1, ITALY_T0)	YES
MAGHREB_T0	AFRICA_W_T0	IBERIA_T1	ITALY_T0	-0.000269502362644106	4.61781009333618e-05	-5.83615084199797	5.342053676412e-09	A_cross	f4(MAGHREB_T0, Africa; IBERIA_T1, ITALY_T0) [cross-layer]	YES
MAGHREB_T0	AFRICA_W_T0	IBERIA_T1	ITALY_T0	-0.000269502362644106	4.61781009333618e-05	-5.83615084199797	5.342053676412e-09	A	f4(MAGHREB_T0, Africa; IBERIA_T1, ITALY_T0)	YES
MAGHREB_T0	AFRICA_W_T0	IBERIA_T1	ITALY_T0	-0.000269502362644106	4.61781009333618e-05	-5.83615084199797	5.342053676412e-09	A_cross	f4(MAGHREB_T0, Africa; IBERIA_T1, ITALY_T0) [cross-layer]	YES
MAGHREB_T0	AFRICA_W_T0	IBERIA_T1	ITALY_T1	-0.000803328365504398	6.21290703209187e-05	-12.9299917310033	3.04851640535899e-38	A	f4(MAGHREB_T0, Africa; IBERIA_T1, ITALY_T1)	YES
MAGHREB_T0	AFRICA_W_T0	IBERIA_T1	ITALY_T1	-0.000803328365504398	6.21290703209187e-05	-12.9299917310033	3.04851640535899e-38	A_cross	f4(MAGHREB_T0, Africa; IBERIA_T1, ITALY_T1) [cross-layer]	YES
MAGHREB_T0	AFRICA_W_T0	IBERIA_T1	ITALY_T1	-0.000803328365504398	6.21290703209187e-05	-12.9299917310033	3.04851640535899e-38	A	f4(MAGHREB_T0, Africa; IBERIA_T1, ITALY_T1)	YES
MAGHREB_T0	AFRICA_W_T0	IBERIA_T1	ITALY_T1	-0.000803328365504398	6.21290703209187e-05	-12.9299917310033	3.04851640535899e-38	A_cross	f4(MAGHREB_T0, Africa; IBERIA_T1, ITALY_T1) [cross-layer]	YES
MAGHREB_T0	AFRICA_W_T0	IBERIA_T1	ITALY_T2	-0.00265006390153154	0.000121158045606149	-21.8727851565562	4.71873458642707e-106	A_cross	f4(MAGHREB_T0, Africa; IBERIA_T1, ITALY_T2) [cross-layer]	YES
MAGHREB_T0	AFRICA_W_T0	IBERIA_T1	ITALY_T3	-0.00354143875800608	0.000162979598404218	-21.7293378599614	1.08353221161204e-104	A_cross	f4(MAGHREB_T0, Africa; IBERIA_T1, ITALY_T3) [cross-layer]	PARTIAL
MAGHREB_T0	AFRICA_W_T0	IBERIA_T1	ITALY_T4	-0.00353983362981783	0.000156383650688386	-22.6355735669031	1.93530279773649e-113	A_cross	f4(MAGHREB_T0, Africa; IBERIA_T1, ITALY_T4) [cross-layer]	PARTIAL
MAGHREB_T0	AFRICA_W_T0	IBERIA_T1	LEVANT_T0	-0.00114322970538727	6.5516342122822e-05	-17.4495350067634	3.47046403164464e-68	A	f4(MAGHREB_T0, Africa; IBERIA_T1, LEVANT_T0)	YES
MAGHREB_T0	AFRICA_W_T0	IBERIA_T1	LEVANT_T0	-0.00114322970538727	6.5516342122822e-05	-17.4495350067634	3.47046403164464e-68	A_cross	f4(MAGHREB_T0, Africa; IBERIA_T1, LEVANT_T0) [cross-layer]	YES
MAGHREB_T0	AFRICA_W_T0	IBERIA_T1	LEVANT_T0	-0.00114322970538727	6.5516342122822e-05	-17.4495350067634	3.47046403164464e-68	A	f4(MAGHREB_T0, Africa; IBERIA_T1, LEVANT_T0)	YES
MAGHREB_T0	AFRICA_W_T0	IBERIA_T1	LEVANT_T0	-0.00114322970538727	6.5516342122822e-05	-17.4495350067634	3.47046403164464e-68	A_cross	f4(MAGHREB_T0, Africa; IBERIA_T1, LEVANT_T0) [cross-layer]	YES
MAGHREB_T0	AFRICA_W_T0	IBERIA_T1	LEVANT_T1	-0.0009642125961686	7.4717921651666e-05	-12.9047031134478	4.23444318585667e-38	A	f4(MAGHREB_T0, Africa; IBERIA_T1, LEVANT_T1)	YES
MAGHREB_T0	AFRICA_W_T0	IBERIA_T1	LEVANT_T1	-0.0009642125961686	7.4717921651666e-05	-12.9047031134478	4.23444318585667e-38	A_cross	f4(MAGHREB_T0, Africa; IBERIA_T1, LEVANT_T1) [cross-layer]	YES
MAGHREB_T0	AFRICA_W_T0	IBERIA_T1	LEVANT_T1	-0.0009642125961686	7.4717921651666e-05	-12.9047031134478	4.23444318585667e-38	A	f4(MAGHREB_T0, Africa; IBERIA_T1, LEVANT_T1)	YES
MAGHREB_T0	AFRICA_W_T0	IBERIA_T1	LEVANT_T1	-0.0009642125961686	7.4717921651666e-05	-12.9047031134478	4.23444318585667e-38	A_cross	f4(MAGHREB_T0, Africa; IBERIA_T1, LEVANT_T1) [cross-layer]	YES
MAGHREB_T0	AFRICA_W_T0	IBERIA_T1	LEVANT_T2	-0.00203700112905873	0.000109719570510483	-18.5655222635429	6.10901546207121e-77	A_cross	f4(MAGHREB_T0, Africa; IBERIA_T1, LEVANT_T2) [cross-layer]	YES
MAGHREB_T0	AFRICA_W_T0	IBERIA_T1	LEVANT_T3	-0.00291373446515874	0.000138257259081345	-21.0747304302078	1.35676434788901e-98	A_cross	f4(MAGHREB_T0, Africa; IBERIA_T1, LEVANT_T3) [cross-layer]	YES
MAGHREB_T0	AFRICA_W_T0	IBERIA_T1	MALTA_T1	-0.00367582926241767	0.000170762186628311	-21.5260142482168	8.88549138722832e-103	A	f4(MAGHREB_T0, Africa; IBERIA_T1, MALTA_T1)	PARTIAL
MAGHREB_T0	AFRICA_W_T0	IBERIA_T1	MALTA_T1	-0.00367582926241767	0.000170762186628311	-21.5260142482168	8.88549138722832e-103	A_cross	f4(MAGHREB_T0, Africa; IBERIA_T1, MALTA_T1) [cross-layer]	PARTIAL
MAGHREB_T0	AFRICA_W_T0	IBERIA_T1	MALTA_T1	-0.00367582926241767	0.000170762186628311	-21.5260142482168	8.88549138722832e-103	A	f4(MAGHREB_T0, Africa; IBERIA_T1, MALTA_T1)	PARTIAL
MAGHREB_T0	AFRICA_W_T0	IBERIA_T1	MALTA_T1	-0.00367582926241767	0.000170762186628311	-21.5260142482168	8.88549138722832e-103	A_cross	f4(MAGHREB_T0, Africa; IBERIA_T1, MALTA_T1) [cross-layer]	PARTIAL
MAGHREB_T0	AFRICA_W_T0	IBERIA_T1	SARDINIA_T0	-0.00234994924940947	0.000101142176427534	-23.2341178765631	2.0590654460154e-119	A	f4(MAGHREB_T0, Africa; IBERIA_T1, SARDINIA_T0)	YES
MAGHREB_T0	AFRICA_W_T0	IBERIA_T1	SARDINIA_T0	-0.00234994924940947	0.000101142176427534	-23.2341178765631	2.0590654460154e-119	A_cross	f4(MAGHREB_T0, Africa; IBERIA_T1, SARDINIA_T0) [cross-layer]	YES
MAGHREB_T0	AFRICA_W_T0	IBERIA_T1	SARDINIA_T0	-0.00234994924940947	0.000101142176427534	-23.2341178765631	2.0590654460154e-119	A	f4(MAGHREB_T0, Africa; IBERIA_T1, SARDINIA_T0)	YES
MAGHREB_T0	AFRICA_W_T0	IBERIA_T1	SARDINIA_T0	-0.00234994924940947	0.000101142176427534	-23.2341178765631	2.0590654460154e-119	A_cross	f4(MAGHREB_T0, Africa; IBERIA_T1, SARDINIA_T0) [cross-layer]	YES
MAGHREB_T0	AFRICA_W_T0	IBERIA_T1	SARDINIA_T1	-0.00109126227998541	7.87251210859227e-05	-13.8616780124654	1.0811687096819e-43	A	f4(MAGHREB_T0, Africa; IBERIA_T1, SARDINIA_T1)	YES
MAGHREB_T0	AFRICA_W_T0	IBERIA_T1	SARDINIA_T1	-0.00109126227998541	7.87251210859227e-05	-13.8616780124654	1.0811687096819e-43	A_cross	f4(MAGHREB_T0, Africa; IBERIA_T1, SARDINIA_T1) [cross-layer]	YES
MAGHREB_T0	AFRICA_W_T0	IBERIA_T1	SARDINIA_T1	-0.00109126227998541	7.87251210859227e-05	-13.8616780124654	1.0811687096819e-43	A	f4(MAGHREB_T0, Africa; IBERIA_T1, SARDINIA_T1)	YES
MAGHREB_T0	AFRICA_W_T0	IBERIA_T1	SARDINIA_T1	-0.00109126227998541	7.87251210859227e-05	-13.8616780124654	1.0811687096819e-43	A_cross	f4(MAGHREB_T0, Africa; IBERIA_T1, SARDINIA_T1) [cross-layer]	YES
MAGHREB_T0	AFRICA_W_T0	IBERIA_T1	SARDINIA_T2	-0.00334307061753717	0.000154059545090682	-21.6998603726201	2.05786675419489e-104	A_cross	f4(MAGHREB_T0, Africa; IBERIA_T1, SARDINIA_T2) [cross-layer]	PARTIAL
MAGHREB_T0	AFRICA_W_T0	IBERIA_T1	SICILY_T0	-0.00285496890661808	0.000140875077715889	-20.2659615377524	2.56893318816734e-91	A	f4(MAGHREB_T0, Africa; IBERIA_T1, SICILY_T0)	YES
MAGHREB_T0	AFRICA_W_T0	IBERIA_T1	SICILY_T0	-0.00285496890661808	0.000140875077715889	-20.2659615377524	2.56893318816734e-91	A_cross	f4(MAGHREB_T0, Africa; IBERIA_T1, SICILY_T0) [cross-layer]	YES
MAGHREB_T0	AFRICA_W_T0	IBERIA_T1	SICILY_T0	-0.00285496890661808	0.000140875077715889	-20.2659615377524	2.56893318816734e-91	A	f4(MAGHREB_T0, Africa; IBERIA_T1, SICILY_T0)	YES
MAGHREB_T0	AFRICA_W_T0	IBERIA_T1	SICILY_T0	-0.00285496890661808	0.000140875077715889	-20.2659615377524	2.56893318816734e-91	A_cross	f4(MAGHREB_T0, Africa; IBERIA_T1, SICILY_T0) [cross-layer]	YES
MAGHREB_T0	AFRICA_W_T0	IBERIA_T1	SICILY_T1	-0.000742360199743226	6.61787267014803e-05	-11.2175050313656	3.34576786398442e-29	A	f4(MAGHREB_T0, Africa; IBERIA_T1, SICILY_T1)	YES
MAGHREB_T0	AFRICA_W_T0	IBERIA_T1	SICILY_T1	-0.000742360199743226	6.61787267014803e-05	-11.2175050313656	3.34576786398442e-29	A_cross	f4(MAGHREB_T0, Africa; IBERIA_T1, SICILY_T1) [cross-layer]	YES
MAGHREB_T0	AFRICA_W_T0	IBERIA_T1	SICILY_T1	-0.000742360199743226	6.61787267014803e-05	-11.2175050313656	3.34576786398442e-29	A	f4(MAGHREB_T0, Africa; IBERIA_T1, SICILY_T1)	YES
MAGHREB_T0	AFRICA_W_T0	IBERIA_T1	SICILY_T1	-0.000742360199743226	6.61787267014803e-05	-11.2175050313656	3.34576786398442e-29	A_cross	f4(MAGHREB_T0, Africa; IBERIA_T1, SICILY_T1) [cross-layer]	YES
MAGHREB_T0	AFRICA_W_T0	IBERIA_T1	SICILY_T2	-0.00244304411541081	0.000119770021187566	-20.3977931304269	1.74934078537331e-92	A_cross	f4(MAGHREB_T0, Africa; IBERIA_T1, SICILY_T2) [cross-layer]	YES
MAGHREB_T0	AFRICA_W_T0	IBERIA_T1	SICILY_T3	-0.00306295946491318	0.000147888672475246	-20.7112513328285	2.74239518031825e-95	A_cross	f4(MAGHREB_T0, Africa; IBERIA_T1, SICILY_T3) [cross-layer]	PARTIAL
MAGHREB_T0	AFRICA_W_T0	IBERIA_T2	ANATOLIA_T0	0.000966514507469062	8.31739724305429e-05	11.6203961314482	3.24627551752861e-31	A	f4(MAGHREB_T0, Africa; IBERIA_T2, ANATOLIA_T0)	YES
MAGHREB_T0	AFRICA_W_T0	IBERIA_T2	ANATOLIA_T0	0.000966514507469062	8.31739724305429e-05	11.6203961314482	3.24627551752861e-31	A_cross	f4(MAGHREB_T0, Africa; IBERIA_T2, ANATOLIA_T0) [cross-layer]	YES
MAGHREB_T0	AFRICA_W_T0	IBERIA_T2	ANATOLIA_T0	0.000966514507469062	8.31739724305429e-05	11.6203961314482	3.24627551752861e-31	A	f4(MAGHREB_T0, Africa; IBERIA_T2, ANATOLIA_T0)	YES
MAGHREB_T0	AFRICA_W_T0	IBERIA_T2	ANATOLIA_T0	0.000966514507469062	8.31739724305429e-05	11.6203961314482	3.24627551752861e-31	A_cross	f4(MAGHREB_T0, Africa; IBERIA_T2, ANATOLIA_T0) [cross-layer]	YES
MAGHREB_T0	AFRICA_W_T0	IBERIA_T2	ANATOLIA_T1	0.00143041494703792	9.3025839574717e-05	15.3765335908528	2.3520746262378e-53	A_cross	f4(MAGHREB_T0, Africa; IBERIA_T2, ANATOLIA_T1) [cross-layer]	YES
MAGHREB_T0	AFRICA_W_T0	IBERIA_T2	ANATOLIA_T2	0.0012666283255108	9.57684234935792e-05	13.2259494236712	6.21474875684116e-40	A	f4(MAGHREB_T0, Africa; IBERIA_T2, ANATOLIA_T2)	YES
MAGHREB_T0	AFRICA_W_T0	IBERIA_T2	ANATOLIA_T2	0.0012666283255108	9.57684234935792e-05	13.2259494236712	6.21474875684116e-40	A_cross	f4(MAGHREB_T0, Africa; IBERIA_T2, ANATOLIA_T2) [cross-layer]	YES
MAGHREB_T0	AFRICA_W_T0	IBERIA_T2	ANATOLIA_T2	0.0012666283255108	9.57684234935792e-05	13.2259494236712	6.21474875684116e-40	A	f4(MAGHREB_T0, Africa; IBERIA_T2, ANATOLIA_T2)	YES
MAGHREB_T0	AFRICA_W_T0	IBERIA_T2	ANATOLIA_T2	0.0012666283255108	9.57684234935792e-05	13.2259494236712	6.21474875684116e-40	A_cross	f4(MAGHREB_T0, Africa; IBERIA_T2, ANATOLIA_T2) [cross-layer]	YES
MAGHREB_T0	AFRICA_W_T0	IBERIA_T2	BALKANS_T0	0.00166439364723549	9.72756628095291e-05	17.1100725419313	1.24843907215151e-65	A	f4(MAGHREB_T0, Africa; IBERIA_T2, BALKANS_T0)	YES
MAGHREB_T0	AFRICA_W_T0	IBERIA_T2	BALKANS_T0	0.00166439364723549	9.72756628095291e-05	17.1100725419313	1.24843907215151e-65	A_cross	f4(MAGHREB_T0, Africa; IBERIA_T2, BALKANS_T0) [cross-layer]	YES
MAGHREB_T0	AFRICA_W_T0	IBERIA_T2	BALKANS_T0	0.00166439364723549	9.72756628095291e-05	17.1100725419313	1.24843907215151e-65	A	f4(MAGHREB_T0, Africa; IBERIA_T2, BALKANS_T0)	YES
MAGHREB_T0	AFRICA_W_T0	IBERIA_T2	BALKANS_T0	0.00166439364723549	9.72756628095291e-05	17.1100725419313	1.24843907215151e-65	A_cross	f4(MAGHREB_T0, Africa; IBERIA_T2, BALKANS_T0) [cross-layer]	YES
MAGHREB_T0	AFRICA_W_T0	IBERIA_T2	BALKANS_T1	0.00198316704802379	0.000102744452574102	19.3019379473893	5.1732198049175e-83	A_cross	f4(MAGHREB_T0, Africa; IBERIA_T2, BALKANS_T1) [cross-layer]	YES
MAGHREB_T0	AFRICA_W_T0	IBERIA_T2	BALKANS_T2	-58.9008287284548	3.56943795775362	-16.5014294758952	3.58309014741221e-61	A	f4(MAGHREB_T0, Africa; IBERIA_T2, BALKANS_T2)	YES
MAGHREB_T0	AFRICA_W_T0	IBERIA_T2	BALKANS_T2	-58.9008287284548	3.56943795775362	-16.5014294758952	3.58309014741221e-61	A_cross	f4(MAGHREB_T0, Africa; IBERIA_T2, BALKANS_T2) [cross-layer]	YES
MAGHREB_T0	AFRICA_W_T0	IBERIA_T2	BALKANS_T2	-58.9008287284548	3.56943795775362	-16.5014294758952	3.58309014741221e-61	A	f4(MAGHREB_T0, Africa; IBERIA_T2, BALKANS_T2)	YES
MAGHREB_T0	AFRICA_W_T0	IBERIA_T2	BALKANS_T2	-58.9008287284548	3.56943795775362	-16.5014294758952	3.58309014741221e-61	A_cross	f4(MAGHREB_T0, Africa; IBERIA_T2, BALKANS_T2) [cross-layer]	YES
MAGHREB_T0	AFRICA_W_T0	IBERIA_T2	BALKANS_T4	-0.00123758763796339	0.000112750204874115	-10.9763670881587	4.96490908361821e-28	A_cross	f4(MAGHREB_T0, Africa; IBERIA_T2, BALKANS_T4) [cross-layer]	YES
MAGHREB_T0	AFRICA_W_T0	IBERIA_T2	EUROPE_CENTRAL_T0	0.002200374279586	0.000111332288565895	19.7640263029683	6.07593921818479e-87	A	f4(MAGHREB_T0, Africa; IBERIA_T2, EUROPE_CENTRAL_T0)	YES
MAGHREB_T0	AFRICA_W_T0	IBERIA_T2	EUROPE_CENTRAL_T0	0.002200374279586	0.000111332288565895	19.7640263029683	6.07593921818479e-87	A_cross	f4(MAGHREB_T0, Africa; IBERIA_T2, EUROPE_CENTRAL_T0) [cross-layer]	YES
MAGHREB_T0	AFRICA_W_T0	IBERIA_T2	EUROPE_CENTRAL_T0	0.002200374279586	0.000111332288565895	19.7640263029683	6.07593921818479e-87	A	f4(MAGHREB_T0, Africa; IBERIA_T2, EUROPE_CENTRAL_T0)	YES
MAGHREB_T0	AFRICA_W_T0	IBERIA_T2	EUROPE_CENTRAL_T0	0.002200374279586	0.000111332288565895	19.7640263029683	6.07593921818479e-87	A_cross	f4(MAGHREB_T0, Africa; IBERIA_T2, EUROPE_CENTRAL_T0) [cross-layer]	YES
MAGHREB_T0	AFRICA_W_T0	IBERIA_T2	EUROPE_CENTRAL_T1	0.00219422267845165	0.000109886240587517	19.9681294647996	1.04286292194959e-88	A_cross	f4(MAGHREB_T0, Africa; IBERIA_T2, EUROPE_CENTRAL_T1) [cross-layer]	YES
MAGHREB_T0	AFRICA_W_T0	IBERIA_T2	EUROPE_CENTRAL_T2	0.00205470859158817	0.000105902943065265	19.4018082228547	7.4504163169894e-84	A	f4(MAGHREB_T0, Africa; IBERIA_T2, EUROPE_CENTRAL_T2)	YES
MAGHREB_T0	AFRICA_W_T0	IBERIA_T2	EUROPE_CENTRAL_T2	0.00205470859158817	0.000105902943065265	19.4018082228547	7.4504163169894e-84	A_cross	f4(MAGHREB_T0, Africa; IBERIA_T2, EUROPE_CENTRAL_T2) [cross-layer]	YES
MAGHREB_T0	AFRICA_W_T0	IBERIA_T2	EUROPE_CENTRAL_T2	0.00205470859158817	0.000105902943065265	19.4018082228547	7.4504163169894e-84	A	f4(MAGHREB_T0, Africa; IBERIA_T2, EUROPE_CENTRAL_T2)	YES
MAGHREB_T0	AFRICA_W_T0	IBERIA_T2	EUROPE_CENTRAL_T2	0.00205470859158817	0.000105902943065265	19.4018082228547	7.4504163169894e-84	A_cross	f4(MAGHREB_T0, Africa; IBERIA_T2, EUROPE_CENTRAL_T2) [cross-layer]	YES
MAGHREB_T0	AFRICA_W_T0	IBERIA_T2	EUROPE_CENTRAL_T3	-0.00137158350667435	0.000122855961682914	-11.1641591330696	6.10662895122327e-29	A_cross	f4(MAGHREB_T0, Africa; IBERIA_T2, EUROPE_CENTRAL_T3) [cross-layer]	YES
MAGHREB_T0	AFRICA_W_T0	IBERIA_T2	EUROPE_CENTRAL_T4	-0.00084209650119451	8.45888941011895e-05	-9.95516622060517	2.39422440513429e-23	A_cross	f4(MAGHREB_T0, Africa; IBERIA_T2, EUROPE_CENTRAL_T4) [cross-layer]	YES
MAGHREB_T0	AFRICA_W_T0	IBERIA_T2	EUROPE_NW_T0	0.00219219911503095	0.000111032796576413	19.7437080090321	9.08590969059641e-87	A	f4(MAGHREB_T0, Africa; IBERIA_T2, EUROPE_NW_T0)	YES
MAGHREB_T0	AFRICA_W_T0	IBERIA_T2	EUROPE_NW_T0	0.00219219911503095	0.000111032796576413	19.7437080090321	9.08590969059641e-87	A_cross	f4(MAGHREB_T0, Africa; IBERIA_T2, EUROPE_NW_T0) [cross-layer]	YES
MAGHREB_T0	AFRICA_W_T0	IBERIA_T2	EUROPE_NW_T0	0.00219219911503095	0.000111032796576413	19.7437080090321	9.08590969059641e-87	A	f4(MAGHREB_T0, Africa; IBERIA_T2, EUROPE_NW_T0)	YES
MAGHREB_T0	AFRICA_W_T0	IBERIA_T2	EUROPE_NW_T0	0.00219219911503095	0.000111032796576413	19.7437080090321	9.08590969059641e-87	A_cross	f4(MAGHREB_T0, Africa; IBERIA_T2, EUROPE_NW_T0) [cross-layer]	YES
MAGHREB_T0	AFRICA_W_T0	IBERIA_T2	EUROPE_NW_T1	0.00219574256020025	0.000109851526466547	19.9882753642838	6.96621874105758e-89	A_cross	f4(MAGHREB_T0, Africa; IBERIA_T2, EUROPE_NW_T1) [cross-layer]	YES
MAGHREB_T0	AFRICA_W_T0	IBERIA_T2	EUROPE_NW_T2	0.00159746593651084	9.57027605347402e-05	16.691952537053	1.49984308235209e-62	A	f4(MAGHREB_T0, Africa; IBERIA_T2, EUROPE_NW_T2)	YES
MAGHREB_T0	AFRICA_W_T0	IBERIA_T2	EUROPE_NW_T2	0.00159746593651084	9.57027605347402e-05	16.691952537053	1.49984308235209e-62	A_cross	f4(MAGHREB_T0, Africa; IBERIA_T2, EUROPE_NW_T2) [cross-layer]	YES
MAGHREB_T0	AFRICA_W_T0	IBERIA_T2	EUROPE_NW_T2	0.00159746593651084	9.57027605347402e-05	16.691952537053	1.49984308235209e-62	A	f4(MAGHREB_T0, Africa; IBERIA_T2, EUROPE_NW_T2)	YES
MAGHREB_T0	AFRICA_W_T0	IBERIA_T2	EUROPE_NW_T2	0.00159746593651084	9.57027605347402e-05	16.691952537053	1.49984308235209e-62	A_cross	f4(MAGHREB_T0, Africa; IBERIA_T2, EUROPE_NW_T2) [cross-layer]	YES
MAGHREB_T0	AFRICA_W_T0	IBERIA_T2	EUROPE_NW_T3	-0.00131956280824207	0.000118265915477046	-11.1575917957375	6.57484802744482e-29	A_cross	f4(MAGHREB_T0, Africa; IBERIA_T2, EUROPE_NW_T3) [cross-layer]	YES
MAGHREB_T0	AFRICA_W_T0	IBERIA_T2	EUROPE_NW_T4	-0.000755591154501784	9.34545010599748e-05	-8.08512319825966	6.21013890658621e-16	A_cross	f4(MAGHREB_T0, Africa; IBERIA_T2, EUROPE_NW_T4) [cross-layer]	YES
MAGHREB_T0	AFRICA_W_T0	IBERIA_T2	GREECE_T0	-0.00151506052369053	0.000119571599154838	-12.6707389915277	8.59013050798786e-37	A	f4(MAGHREB_T0, Africa; IBERIA_T2, GREECE_T0)	PARTIAL
MAGHREB_T0	AFRICA_W_T0	IBERIA_T2	GREECE_T0	-0.00151506052369053	0.000119571599154838	-12.6707389915277	8.59013050798786e-37	A_cross	f4(MAGHREB_T0, Africa; IBERIA_T2, GREECE_T0) [cross-layer]	PARTIAL
MAGHREB_T0	AFRICA_W_T0	IBERIA_T2	GREECE_T0	-0.00151506052369053	0.000119571599154838	-12.6707389915277	8.59013050798786e-37	A	f4(MAGHREB_T0, Africa; IBERIA_T2, GREECE_T0)	PARTIAL
MAGHREB_T0	AFRICA_W_T0	IBERIA_T2	GREECE_T0	-0.00151506052369053	0.000119571599154838	-12.6707389915277	8.59013050798786e-37	A_cross	f4(MAGHREB_T0, Africa; IBERIA_T2, GREECE_T0) [cross-layer]	PARTIAL
MAGHREB_T0	AFRICA_W_T0	IBERIA_T2	GREECE_T1	0.000636838616597732	7.77952612750499e-05	8.1860849383377	2.69861305924345e-16	A_cross	f4(MAGHREB_T0, Africa; IBERIA_T2, GREECE_T1) [cross-layer]	YES
MAGHREB_T0	AFRICA_W_T0	IBERIA_T2	GREECE_T2	-0.00113340960473324	0.000104546146798187	-10.8412374768928	2.19481885173597e-27	A	f4(MAGHREB_T0, Africa; IBERIA_T2, GREECE_T2)	YES
MAGHREB_T0	AFRICA_W_T0	IBERIA_T2	GREECE_T2	-0.00113340960473324	0.000104546146798187	-10.8412374768928	2.19481885173597e-27	A_cross	f4(MAGHREB_T0, Africa; IBERIA_T2, GREECE_T2) [cross-layer]	YES
MAGHREB_T0	AFRICA_W_T0	IBERIA_T2	GREECE_T2	-0.00113340960473324	0.000104546146798187	-10.8412374768928	2.19481885173597e-27	A	f4(MAGHREB_T0, Africa; IBERIA_T2, GREECE_T2)	YES
MAGHREB_T0	AFRICA_W_T0	IBERIA_T2	GREECE_T2	-0.00113340960473324	0.000104546146798187	-10.8412374768928	2.19481885173597e-27	A_cross	f4(MAGHREB_T0, Africa; IBERIA_T2, GREECE_T2) [cross-layer]	YES
MAGHREB_T0	AFRICA_W_T0	IBERIA_T2	ITALY_T0	0.0017291979389042	9.7754440993246e-05	17.6892008315374	5.07906458198502e-70	A	f4(MAGHREB_T0, Africa; IBERIA_T2, ITALY_T0)	YES
MAGHREB_T0	AFRICA_W_T0	IBERIA_T2	ITALY_T0	0.0017291979389042	9.7754440993246e-05	17.6892008315374	5.07906458198502e-70	A_cross	f4(MAGHREB_T0, Africa; IBERIA_T2, ITALY_T0) [cross-layer]	YES
MAGHREB_T0	AFRICA_W_T0	IBERIA_T2	ITALY_T0	0.0017291979389042	9.7754440993246e-05	17.6892008315374	5.07906458198502e-70	A	f4(MAGHREB_T0, Africa; IBERIA_T2, ITALY_T0)	YES
MAGHREB_T0	AFRICA_W_T0	IBERIA_T2	ITALY_T0	0.0017291979389042	9.7754440993246e-05	17.6892008315374	5.07906458198502e-70	A_cross	f4(MAGHREB_T0, Africa; IBERIA_T2, ITALY_T0) [cross-layer]	YES
MAGHREB_T0	AFRICA_W_T0	IBERIA_T2	ITALY_T1	0.0011953719360439	8.70920244933715e-05	13.7253892419837	7.15438747486442e-43	A_cross	f4(MAGHREB_T0, Africa; IBERIA_T2, ITALY_T1) [cross-layer]	YES
MAGHREB_T0	AFRICA_W_T0	IBERIA_T2	ITALY_T2	-0.000651363599983233	8.44421033156632e-05	-7.71373017022435	1.22192677337733e-14	A	f4(MAGHREB_T0, Africa; IBERIA_T2, ITALY_T2)	YES
MAGHREB_T0	AFRICA_W_T0	IBERIA_T2	ITALY_T2	-0.000651363599983233	8.44421033156632e-05	-7.71373017022435	1.22192677337733e-14	A_cross	f4(MAGHREB_T0, Africa; IBERIA_T2, ITALY_T2) [cross-layer]	YES
MAGHREB_T0	AFRICA_W_T0	IBERIA_T2	ITALY_T2	-0.000651363599983233	8.44421033156632e-05	-7.71373017022435	1.22192677337733e-14	A	f4(MAGHREB_T0, Africa; IBERIA_T2, ITALY_T2)	YES
MAGHREB_T0	AFRICA_W_T0	IBERIA_T2	ITALY_T2	-0.000651363599983233	8.44421033156632e-05	-7.71373017022435	1.22192677337733e-14	A_cross	f4(MAGHREB_T0, Africa; IBERIA_T2, ITALY_T2) [cross-layer]	YES
MAGHREB_T0	AFRICA_W_T0	IBERIA_T2	ITALY_T3	-0.00154273845645778	0.00012544162068404	-12.2984576255086	9.23201610636519e-35	A_cross	f4(MAGHREB_T0, Africa; IBERIA_T2, ITALY_T3) [cross-layer]	PARTIAL
MAGHREB_T0	AFRICA_W_T0	IBERIA_T2	ITALY_T4	-0.00154113332826952	0.000115598790490939	-13.3317426741617	1.5132109160273e-40	A_cross	f4(MAGHREB_T0, Africa; IBERIA_T2, ITALY_T4) [cross-layer]	PARTIAL
MAGHREB_T0	AFRICA_W_T0	IBERIA_T2	LEVANT_T0	0.000855470596161034	9.0664368607049e-05	9.43557661410243	3.88849554738276e-21	A	f4(MAGHREB_T0, Africa; IBERIA_T2, LEVANT_T0)	YES
MAGHREB_T0	AFRICA_W_T0	IBERIA_T2	LEVANT_T0	0.000855470596161034	9.0664368607049e-05	9.43557661410243	3.88849554738276e-21	A_cross	f4(MAGHREB_T0, Africa; IBERIA_T2, LEVANT_T0) [cross-layer]	YES
MAGHREB_T0	AFRICA_W_T0	IBERIA_T2	LEVANT_T0	0.000855470596161034	9.0664368607049e-05	9.43557661410243	3.88849554738276e-21	A	f4(MAGHREB_T0, Africa; IBERIA_T2, LEVANT_T0)	YES
MAGHREB_T0	AFRICA_W_T0	IBERIA_T2	LEVANT_T0	0.000855470596161034	9.0664368607049e-05	9.43557661410243	3.88849554738276e-21	A_cross	f4(MAGHREB_T0, Africa; IBERIA_T2, LEVANT_T0) [cross-layer]	YES
MAGHREB_T0	AFRICA_W_T0	IBERIA_T2	LEVANT_T1	0.00103448770537971	8.4539590085085e-05	12.2367248804796	1.97856508823265e-34	A_cross	f4(MAGHREB_T0, Africa; IBERIA_T2, LEVANT_T1) [cross-layer]	YES
MAGHREB_T0	AFRICA_W_T0	IBERIA_T2	LEVANT_T2	-3.83008275104245e-05	8.2061646522834e-05	-0.466732379050756	0.640691360919308	A	f4(MAGHREB_T0, Africa; IBERIA_T2, LEVANT_T2)	YES
MAGHREB_T0	AFRICA_W_T0	IBERIA_T2	LEVANT_T2	-3.83008275104245e-05	8.2061646522834e-05	-0.466732379050756	0.640691360919308	A_cross	f4(MAGHREB_T0, Africa; IBERIA_T2, LEVANT_T2) [cross-layer]	YES
MAGHREB_T0	AFRICA_W_T0	IBERIA_T2	LEVANT_T2	-3.83008275104245e-05	8.2061646522834e-05	-0.466732379050756	0.640691360919308	A	f4(MAGHREB_T0, Africa; IBERIA_T2, LEVANT_T2)	YES
MAGHREB_T0	AFRICA_W_T0	IBERIA_T2	LEVANT_T2	-3.83008275104245e-05	8.2061646522834e-05	-0.466732379050756	0.640691360919308	A_cross	f4(MAGHREB_T0, Africa; IBERIA_T2, LEVANT_T2) [cross-layer]	YES
MAGHREB_T0	AFRICA_W_T0	IBERIA_T2	LEVANT_T3	-0.000915034163610438	0.000105432901009014	-8.67882942471828	3.99862874254744e-18	A_cross	f4(MAGHREB_T0, Africa; IBERIA_T2, LEVANT_T3) [cross-layer]	YES
MAGHREB_T0	AFRICA_W_T0	IBERIA_T2	MALTA_T1	-0.00167712896086937	0.00013198649293766	-12.706822672086	5.4191909960167e-37	A_cross	f4(MAGHREB_T0, Africa; IBERIA_T2, MALTA_T1) [cross-layer]	PARTIAL
MAGHREB_T0	AFRICA_W_T0	IBERIA_T2	SARDINIA_T0	-0.000351248947861168	7.76059185872295e-05	-4.52605876272648	6.00938766064244e-06	A	f4(MAGHREB_T0, Africa; IBERIA_T2, SARDINIA_T0)	YES
MAGHREB_T0	AFRICA_W_T0	IBERIA_T2	SARDINIA_T0	-0.000351248947861168	7.76059185872295e-05	-4.52605876272648	6.00938766064244e-06	A_cross	f4(MAGHREB_T0, Africa; IBERIA_T2, SARDINIA_T0) [cross-layer]	YES
MAGHREB_T0	AFRICA_W_T0	IBERIA_T2	SARDINIA_T0	-0.000351248947861168	7.76059185872295e-05	-4.52605876272648	6.00938766064244e-06	A	f4(MAGHREB_T0, Africa; IBERIA_T2, SARDINIA_T0)	YES
MAGHREB_T0	AFRICA_W_T0	IBERIA_T2	SARDINIA_T0	-0.000351248947861168	7.76059185872295e-05	-4.52605876272648	6.00938766064244e-06	A_cross	f4(MAGHREB_T0, Africa; IBERIA_T2, SARDINIA_T0) [cross-layer]	YES
MAGHREB_T0	AFRICA_W_T0	IBERIA_T2	SARDINIA_T1	0.000907438021562893	8.43636030912407e-05	10.7562738943414	5.53636934482575e-27	A_cross	f4(MAGHREB_T0, Africa; IBERIA_T2, SARDINIA_T1) [cross-layer]	YES
MAGHREB_T0	AFRICA_W_T0	IBERIA_T2	SARDINIA_T2	-0.00134437031598886	0.000113593594747347	-11.8349130422274	2.57610352208538e-32	A	f4(MAGHREB_T0, Africa; IBERIA_T2, SARDINIA_T2)	PARTIAL
MAGHREB_T0	AFRICA_W_T0	IBERIA_T2	SARDINIA_T2	-0.00134437031598886	0.000113593594747347	-11.8349130422274	2.57610352208538e-32	A_cross	f4(MAGHREB_T0, Africa; IBERIA_T2, SARDINIA_T2) [cross-layer]	PARTIAL
MAGHREB_T0	AFRICA_W_T0	IBERIA_T2	SARDINIA_T2	-0.00134437031598886	0.000113593594747347	-11.8349130422274	2.57610352208538e-32	A	f4(MAGHREB_T0, Africa; IBERIA_T2, SARDINIA_T2)	PARTIAL
MAGHREB_T0	AFRICA_W_T0	IBERIA_T2	SARDINIA_T2	-0.00134437031598886	0.000113593594747347	-11.8349130422274	2.57610352208538e-32	A_cross	f4(MAGHREB_T0, Africa; IBERIA_T2, SARDINIA_T2) [cross-layer]	PARTIAL
MAGHREB_T0	AFRICA_W_T0	IBERIA_T2	SICILY_T0	-0.000856268605069774	9.56565618503672e-05	-8.95148841340556	3.5072092979006e-19	A	f4(MAGHREB_T0, Africa; IBERIA_T2, SICILY_T0)	YES
MAGHREB_T0	AFRICA_W_T0	IBERIA_T2	SICILY_T0	-0.000856268605069774	9.56565618503672e-05	-8.95148841340556	3.5072092979006e-19	A_cross	f4(MAGHREB_T0, Africa; IBERIA_T2, SICILY_T0) [cross-layer]	YES
MAGHREB_T0	AFRICA_W_T0	IBERIA_T2	SICILY_T0	-0.000856268605069774	9.56565618503672e-05	-8.95148841340556	3.5072092979006e-19	A	f4(MAGHREB_T0, Africa; IBERIA_T2, SICILY_T0)	YES
MAGHREB_T0	AFRICA_W_T0	IBERIA_T2	SICILY_T0	-0.000856268605069774	9.56565618503672e-05	-8.95148841340556	3.5072092979006e-19	A_cross	f4(MAGHREB_T0, Africa; IBERIA_T2, SICILY_T0) [cross-layer]	YES
MAGHREB_T0	AFRICA_W_T0	IBERIA_T2	SICILY_T1	0.00125634010180508	9.02027720560647e-05	13.9279544649051	4.2845128636493e-44	A_cross	f4(MAGHREB_T0, Africa; IBERIA_T2, SICILY_T1) [cross-layer]	YES
MAGHREB_T0	AFRICA_W_T0	IBERIA_T2	SICILY_T2	-0.000444343813862507	8.78451859608873e-05	-5.05826026778917	4.23098714658861e-07	A	f4(MAGHREB_T0, Africa; IBERIA_T2, SICILY_T2)	YES
MAGHREB_T0	AFRICA_W_T0	IBERIA_T2	SICILY_T2	-0.000444343813862507	8.78451859608873e-05	-5.05826026778917	4.23098714658861e-07	A_cross	f4(MAGHREB_T0, Africa; IBERIA_T2, SICILY_T2) [cross-layer]	YES
MAGHREB_T0	AFRICA_W_T0	IBERIA_T2	SICILY_T2	-0.000444343813862507	8.78451859608873e-05	-5.05826026778917	4.23098714658861e-07	A	f4(MAGHREB_T0, Africa; IBERIA_T2, SICILY_T2)	YES
MAGHREB_T0	AFRICA_W_T0	IBERIA_T2	SICILY_T2	-0.000444343813862507	8.78451859608873e-05	-5.05826026778917	4.23098714658861e-07	A_cross	f4(MAGHREB_T0, Africa; IBERIA_T2, SICILY_T2) [cross-layer]	YES
MAGHREB_T0	AFRICA_W_T0	IBERIA_T2	SICILY_T3	-0.00106425916336488	0.000107332071054412	-9.91557465452571	3.56200718212721e-23	A_cross	f4(MAGHREB_T0, Africa; IBERIA_T2, SICILY_T3) [cross-layer]	PARTIAL
MAGHREB_T0	AFRICA_W_T0	ITALY_T0	BALKANS_T0	-6.4804291668709e-05	4.69742181874818e-05	-1.37957147919023	0.167718623934652	C_route	f4(MAGHREB_T0, Africa; ITALY_T0, BALKANS_T0) [route via Italy]	YES
MAGHREB_T0	AFRICA_W_T0	ITALY_T0	BALKANS_T1	0.000253969109119592	4.54819589962263e-05	5.58395273037083	2.35112633331912e-08	C_route	f4(MAGHREB_T0, Africa; ITALY_T0, BALKANS_T1) [route via Italy]	YES
MAGHREB_T0	AFRICA_W_T0	ITALY_T0	BALKANS_T2	-58.9025579263937	3.56945747758072	-16.5018236794674	3.55977336446022e-61	C_route	f4(MAGHREB_T0, Africa; ITALY_T0, BALKANS_T2) [route via Italy]	YES
MAGHREB_T0	AFRICA_W_T0	ITALY_T0	BALKANS_T4	-0.00296678557686759	0.000144545664183753	-20.524901896027	1.29023536934582e-93	C_route	f4(MAGHREB_T0, Africa; ITALY_T0, BALKANS_T4) [route via Italy]	YES
MAGHREB_T0	AFRICA_W_T0	ITALY_T0	EUROPE_NW_T0	0.000463001176126754	4.97270291946316e-05	9.31085535624031	1.26806974330186e-20	C_route	f4(MAGHREB_T0, Africa; ITALY_T0, EUROPE_NW_T0) [route via Italy]	YES
MAGHREB_T0	AFRICA_W_T0	ITALY_T0	EUROPE_NW_T1	0.00046654462129605	4.66912165069394e-05	9.99212820310026	1.65000549484705e-23	C_route	f4(MAGHREB_T0, Africa; ITALY_T0, EUROPE_NW_T1) [route via Italy]	YES
MAGHREB_T0	AFRICA_W_T0	ITALY_T0	EUROPE_NW_T2	-0.000131732002393362	5.0629568141204e-05	-2.60187884727687	0.0092714598919533	C_route	f4(MAGHREB_T0, Africa; ITALY_T0, EUROPE_NW_T2) [route via Italy]	YES
MAGHREB_T0	AFRICA_W_T0	ITALY_T0	EUROPE_NW_T3	-0.00304876074714627	0.000151916905893088	-20.0686074352505	1.38840449791668e-89	C_route	f4(MAGHREB_T0, Africa; ITALY_T0, EUROPE_NW_T3) [route via Italy]	YES
MAGHREB_T0	AFRICA_W_T0	ITALY_T0	EUROPE_NW_T4	-0.00248478909340598	0.000127090676143999	-19.5513091030424	4.02070119284197e-85	C_route	f4(MAGHREB_T0, Africa; ITALY_T0, EUROPE_NW_T4) [route via Italy]	YES
MAGHREB_T0	AFRICA_W_T0	ITALY_T0	GREECE_T0	-0.00324425846259473	0.00014956419528381	-21.6914112126803	2.47284074741909e-104	C_route	f4(MAGHREB_T0, Africa; ITALY_T0, GREECE_T0) [route via Italy]	PARTIAL
MAGHREB_T0	AFRICA_W_T0	ITALY_T0	GREECE_T1	-0.00109235932230646	8.2077855087398e-05	-13.3088190614058	2.05707458759254e-40	C_route	f4(MAGHREB_T0, Africa; ITALY_T0, GREECE_T1) [route via Italy]	YES
MAGHREB_T0	AFRICA_W_T0	ITALY_T0	GREECE_T2	-0.00286260754363744	0.000133890780302025	-21.3801692482492	2.04386958007448e-101	C_route	f4(MAGHREB_T0, Africa; ITALY_T0, GREECE_T2) [route via Italy]	YES
MAGHREB_T0	AFRICA_W_T0	ITALY_T0	LEVANT_T0	-0.000873727342743163	6.18855474584618e-05	-14.1184392580451	2.92395519179118e-45	C_route	f4(MAGHREB_T0, Africa; ITALY_T0, LEVANT_T0) [route via Italy]	YES
MAGHREB_T0	AFRICA_W_T0	ITALY_T0	LEVANT_T1	-0.000694710233524493	6.39067160213378e-05	-10.8706921083621	1.58990148534043e-27	C_route	f4(MAGHREB_T0, Africa; ITALY_T0, LEVANT_T1) [route via Italy]	YES
MAGHREB_T0	AFRICA_W_T0	ITALY_T0	LEVANT_T2	-0.00176749876641462	0.000102640149962585	-17.2203447389634	1.8687178363557e-66	C_route	f4(MAGHREB_T0, Africa; ITALY_T0, LEVANT_T2) [route via Italy]	YES
MAGHREB_T0	AFRICA_W_T0	ITALY_T0	LEVANT_T3	-0.00264423210251464	0.000133937079685733	-19.7423455007307	9.33427891054757e-87	C_route	f4(MAGHREB_T0, Africa; ITALY_T0, LEVANT_T3) [route via Italy]	YES
MAGHREB_T0	AFRICA_W_T0	ITALY_T1	BALKANS_T0	0.000469021711191583	5.71877080618755e-05	8.20144270660602	2.37519084070416e-16	C_route	f4(MAGHREB_T0, Africa; ITALY_T1, BALKANS_T0) [route via Italy]	YES
MAGHREB_T0	AFRICA_W_T0	ITALY_T1	BALKANS_T1	0.000787795111979883	6.00294138987791e-05	13.1234849853482	2.41565496471335e-39	C_route	f4(MAGHREB_T0, Africa; ITALY_T1, BALKANS_T1) [route via Italy]	YES
MAGHREB_T0	AFRICA_W_T0	ITALY_T1	BALKANS_T2	-58.9020241003909	3.56944846545084	-16.5017157890109	3.5661399188607e-61	C_route	f4(MAGHREB_T0, Africa; ITALY_T1, BALKANS_T2) [route via Italy]	YES
MAGHREB_T0	AFRICA_W_T0	ITALY_T1	BALKANS_T4	-0.0024329595740073	0.000135713135364018	-17.9272225012078	7.23025266228087e-72	C_route	f4(MAGHREB_T0, Africa; ITALY_T1, BALKANS_T4) [route via Italy]	YES
MAGHREB_T0	AFRICA_W_T0	ITALY_T1	EUROPE_NW_T0	0.000996827178987045	6.8004552911559e-05	14.6582417839499	1.1932290250966e-48	C_route	f4(MAGHREB_T0, Africa; ITALY_T1, EUROPE_NW_T0) [route via Italy]	YES
MAGHREB_T0	AFRICA_W_T0	ITALY_T1	EUROPE_NW_T1	0.00100037062415634	6.73118613428319e-05	14.8617287384354	5.83985512610174e-50	C_route	f4(MAGHREB_T0, Africa; ITALY_T1, EUROPE_NW_T1) [route via Italy]	YES
MAGHREB_T0	AFRICA_W_T0	ITALY_T1	EUROPE_NW_T2	0.00040209400046693	5.85992042346952e-05	6.86176554303547	6.80146295435548e-12	C_route	f4(MAGHREB_T0, Africa; ITALY_T1, EUROPE_NW_T2) [route via Italy]	YES
MAGHREB_T0	AFRICA_W_T0	ITALY_T1	EUROPE_NW_T3	-0.00251493474428598	0.000143706373421707	-17.5005094374339	1.41993459648113e-68	C_route	f4(MAGHREB_T0, Africa; ITALY_T1, EUROPE_NW_T3) [route via Italy]	YES
MAGHREB_T0	AFRICA_W_T0	ITALY_T1	EUROPE_NW_T4	-0.00195096309054569	0.000115024526486649	-16.9612790431451	1.58848676593555e-64	C_route	f4(MAGHREB_T0, Africa; ITALY_T1, EUROPE_NW_T4) [route via Italy]	YES
MAGHREB_T0	AFRICA_W_T0	ITALY_T1	GREECE_T0	-0.00271043245973443	0.000139558270726063	-19.4215107827949	5.07740781424993e-84	C_route	f4(MAGHREB_T0, Africa; ITALY_T1, GREECE_T0) [route via Italy]	PARTIAL
MAGHREB_T0	AFRICA_W_T0	ITALY_T1	GREECE_T1	-0.000558533319446172	7.19091763833175e-05	-7.76720507086421	8.02368832943762e-15	C_route	f4(MAGHREB_T0, Africa; ITALY_T1, GREECE_T1) [route via Italy]	YES
MAGHREB_T0	AFRICA_W_T0	ITALY_T1	GREECE_T2	-0.00232878154077715	0.00012366490013877	-18.8313865790852	4.17680027674589e-79	C_route	f4(MAGHREB_T0, Africa; ITALY_T1, GREECE_T2) [route via Italy]	YES
MAGHREB_T0	AFRICA_W_T0	ITALY_T1	LEVANT_T0	-0.000339901339882871	5.60150514634761e-05	-6.06803584041157	1.29484014265287e-09	C_route	f4(MAGHREB_T0, Africa; ITALY_T1, LEVANT_T0) [route via Italy]	YES
MAGHREB_T0	AFRICA_W_T0	ITALY_T1	LEVANT_T1	-0.0001608842306642	6.34680510069869e-05	-2.53488531807113	0.0112484144128259	C_route	f4(MAGHREB_T0, Africa; ITALY_T1, LEVANT_T1) [route via Italy]	YES
MAGHREB_T0	AFRICA_W_T0	ITALY_T1	LEVANT_T2	-0.00123367276355433	9.42354921326228e-05	-13.0913813430094	3.68838376601617e-39	C_route	f4(MAGHREB_T0, Africa; ITALY_T1, LEVANT_T2) [route via Italy]	YES
MAGHREB_T0	AFRICA_W_T0	ITALY_T1	LEVANT_T3	-0.00211040609965434	0.00012254285567731	-17.2217799886403	1.82294483123959e-66	C_route	f4(MAGHREB_T0, Africa; ITALY_T1, LEVANT_T3) [route via Italy]	YES
MAGHREB_T0	AFRICA_W_T0	ITALY_T2	BALKANS_T0	0.00231575724721872	0.00011664860530806	19.8524212192934	1.05016807001945e-87	C_route	f4(MAGHREB_T0, Africa; ITALY_T2, BALKANS_T0) [route via Italy]	YES
MAGHREB_T0	AFRICA_W_T0	ITALY_T2	BALKANS_T1	0.00263453064800702	0.00012267238570726	21.4761507475199	2.60195505082829e-102	C_route	f4(MAGHREB_T0, Africa; ITALY_T2, BALKANS_T1) [route via Italy]	YES
MAGHREB_T0	AFRICA_W_T0	ITALY_T2	BALKANS_T2	-58.9001773648548	3.56943251811341	-16.5012721394677	3.59243888619761e-61	C_route	f4(MAGHREB_T0, Africa; ITALY_T2, BALKANS_T2) [route via Italy]	YES
MAGHREB_T0	AFRICA_W_T0	ITALY_T2	BALKANS_T4	-0.000586224037980159	0.000103754915554568	-5.65008447885869	1.60369005174238e-08	C_route	f4(MAGHREB_T0, Africa; ITALY_T2, BALKANS_T4) [route via Italy]	YES
MAGHREB_T0	AFRICA_W_T0	ITALY_T2	EUROPE_NW_T0	0.00284356271501418	0.000127900971596013	22.2325341201929	1.66467077951594e-109	C_route	f4(MAGHREB_T0, Africa; ITALY_T2, EUROPE_NW_T0) [route via Italy]	YES
MAGHREB_T0	AFRICA_W_T0	ITALY_T2	EUROPE_NW_T1	0.00284710616018348	0.000126972488335706	22.4230161785594	2.34728574059525e-111	C_route	f4(MAGHREB_T0, Africa; ITALY_T2, EUROPE_NW_T1) [route via Italy]	YES
MAGHREB_T0	AFRICA_W_T0	ITALY_T2	EUROPE_NW_T2	0.00224882953649407	0.000117081383265904	19.2074049158332	3.20911802189743e-82	C_route	f4(MAGHREB_T0, Africa; ITALY_T2, EUROPE_NW_T2) [route via Italy]	YES
MAGHREB_T0	AFRICA_W_T0	ITALY_T2	EUROPE_NW_T3	-0.00066819920825884	0.000110546656543487	-6.04449948240619	1.49874535156046e-09	C_route	f4(MAGHREB_T0, Africa; ITALY_T2, EUROPE_NW_T3) [route via Italy]	YES
MAGHREB_T0	AFRICA_W_T0	ITALY_T2	EUROPE_NW_T4	-0.000104227554518551	9.5201567037124e-05	-1.09480923226723	0.273600220908364	C_route	f4(MAGHREB_T0, Africa; ITALY_T2, EUROPE_NW_T4) [route via Italy]	YES
MAGHREB_T0	AFRICA_W_T0	ITALY_T2	GREECE_T0	-0.000863696923707297	0.000117976302921933	-7.32093566518033	2.46247882480547e-13	C_route	f4(MAGHREB_T0, Africa; ITALY_T2, GREECE_T0) [route via Italy]	PARTIAL
MAGHREB_T0	AFRICA_W_T0	ITALY_T2	GREECE_T1	0.00128820221658097	9.33923295446717e-05	13.7934477366772	2.79095850087553e-43	C_route	f4(MAGHREB_T0, Africa; ITALY_T2, GREECE_T1) [route via Italy]	YES
MAGHREB_T0	AFRICA_W_T0	ITALY_T2	GREECE_T2	-0.000482046004750008	9.46110595699834e-05	-5.09502807537465	3.48689577864696e-07	C_route	f4(MAGHREB_T0, Africa; ITALY_T2, GREECE_T2) [route via Italy]	YES
MAGHREB_T0	AFRICA_W_T0	ITALY_T2	LEVANT_T0	0.00150683419614427	0.000110589651677644	13.6254538583458	2.82647616048238e-42	C_route	f4(MAGHREB_T0, Africa; ITALY_T2, LEVANT_T0) [route via Italy]	YES
MAGHREB_T0	AFRICA_W_T0	ITALY_T2	LEVANT_T1	0.00168585130536294	0.000101499573095136	16.6094423252676	5.95441709886627e-62	C_route	f4(MAGHREB_T0, Africa; ITALY_T2, LEVANT_T1) [route via Italy]	YES
MAGHREB_T0	AFRICA_W_T0	ITALY_T2	LEVANT_T2	0.000613062772472808	9.19625533702242e-05	6.66643921906703	2.62084153766159e-11	C_route	f4(MAGHREB_T0, Africa; ITALY_T2, LEVANT_T2) [route via Italy]	YES
MAGHREB_T0	AFRICA_W_T0	ITALY_T2	LEVANT_T3	-0.000263670563627206	9.73411703221167e-05	-2.70872604833783	0.00675420841027884	C_route	f4(MAGHREB_T0, Africa; ITALY_T2, LEVANT_T3) [route via Italy]	YES
MAGHREB_T0	AFRICA_W_T0	ITALY_T3	BALKANS_T0	0.00320713210369327	0.000159781941041832	20.0719310504159	1.29859720226052e-89	C_route	f4(MAGHREB_T0, Africa; ITALY_T3, BALKANS_T0) [route via Italy]	PARTIAL
MAGHREB_T0	AFRICA_W_T0	ITALY_T3	BALKANS_T1	0.00352590550448157	0.000162642894096566	21.6788167971736	3.25130764585467e-104	C_route	f4(MAGHREB_T0, Africa; ITALY_T3, BALKANS_T1) [route via Italy]	PARTIAL
MAGHREB_T0	AFRICA_W_T0	ITALY_T3	BALKANS_T2	-58.8992859899985	3.56943179359782	-16.5010257642802	3.60712704855659e-61	C_route	f4(MAGHREB_T0, Africa; ITALY_T3, BALKANS_T2) [route via Italy]	PARTIAL
MAGHREB_T0	AFRICA_W_T0	ITALY_T3	BALKANS_T4	0.00030515081849439	0.000122180549477601	2.49754007326946	0.0125058329483077	C_route	f4(MAGHREB_T0, Africa; ITALY_T3, BALKANS_T4) [route via Italy]	PARTIAL
MAGHREB_T0	AFRICA_W_T0	ITALY_T3	EUROPE_NW_T0	0.00373493757148873	0.000167195138284892	22.3387929206684	1.55180002077776e-110	C_route	f4(MAGHREB_T0, Africa; ITALY_T3, EUROPE_NW_T0) [route via Italy]	PARTIAL
MAGHREB_T0	AFRICA_W_T0	ITALY_T3	EUROPE_NW_T1	0.00373848101665803	0.000166333638639194	22.4757965210358	7.16075593038654e-112	C_route	f4(MAGHREB_T0, Africa; ITALY_T3, EUROPE_NW_T1) [route via Italy]	PARTIAL
MAGHREB_T0	AFRICA_W_T0	ITALY_T3	EUROPE_NW_T2	0.00314020439296862	0.000158322685729859	19.8342036612911	1.50886902307693e-87	C_route	f4(MAGHREB_T0, Africa; ITALY_T3, EUROPE_NW_T2) [route via Italy]	PARTIAL
MAGHREB_T0	AFRICA_W_T0	ITALY_T3	EUROPE_NW_T3	0.000223175648215709	0.000113580199277534	1.96491685729814	0.0494238613167998	C_route	f4(MAGHREB_T0, Africa; ITALY_T3, EUROPE_NW_T3) [route via Italy]	PARTIAL
MAGHREB_T0	AFRICA_W_T0	ITALY_T3	EUROPE_NW_T4	0.000787147301955998	0.000114278491777521	6.88797419105277	5.65924748196585e-12	C_route	f4(MAGHREB_T0, Africa; ITALY_T3, EUROPE_NW_T4) [route via Italy]	PARTIAL
MAGHREB_T0	AFRICA_W_T0	ITALY_T3	GREECE_T0	2.76779327672525e-05	0.000120071876161549	0.230511370789389	0.817694428761702	C_route	f4(MAGHREB_T0, Africa; ITALY_T3, GREECE_T0) [route via Italy]	PARTIAL
MAGHREB_T0	AFRICA_W_T0	ITALY_T3	GREECE_T1	0.00217957707305551	0.000137701576405191	15.828265223646	1.9862216635099e-56	C_route	f4(MAGHREB_T0, Africa; ITALY_T3, GREECE_T1) [route via Italy]	PARTIAL
MAGHREB_T0	AFRICA_W_T0	ITALY_T3	GREECE_T2	0.00040932885172454	0.000105580720752561	3.87692799222165	0.000105783648679485	C_route	f4(MAGHREB_T0, Africa; ITALY_T3, GREECE_T2) [route via Italy]	PARTIAL
MAGHREB_T0	AFRICA_W_T0	ITALY_T3	LEVANT_T0	0.00239820905261882	0.00015005449896448	15.9822535756592	1.6989118901291e-57	C_route	f4(MAGHREB_T0, Africa; ITALY_T3, LEVANT_T0) [route via Italy]	PARTIAL
MAGHREB_T0	AFRICA_W_T0	ITALY_T3	LEVANT_T1	0.00257722616183749	0.000146883276830321	17.5460829677342	6.3726370479532e-69	C_route	f4(MAGHREB_T0, Africa; ITALY_T3, LEVANT_T1) [route via Italy]	PARTIAL
MAGHREB_T0	AFRICA_W_T0	ITALY_T3	LEVANT_T2	0.00150443762894736	0.000122711879313382	12.2599184151138	1.48649476119981e-34	C_route	f4(MAGHREB_T0, Africa; ITALY_T3, LEVANT_T2) [route via Italy]	PARTIAL
MAGHREB_T0	AFRICA_W_T0	ITALY_T3	LEVANT_T3	0.000627704292847343	0.00011340530921342	5.53505208178614	3.11135886249471e-08	C_route	f4(MAGHREB_T0, Africa; ITALY_T3, LEVANT_T3) [route via Italy]	PARTIAL
MAGHREB_T0	AFRICA_W_T0	ITALY_T4	BALKANS_T0	0.00320552697550501	0.000151482366114429	21.161056944962	2.18274646135417e-99	C_route	f4(MAGHREB_T0, Africa; ITALY_T4, BALKANS_T0) [route via Italy]	PARTIAL
MAGHREB_T0	AFRICA_W_T0	ITALY_T4	BALKANS_T1	0.00352430037629331	0.000156236443819988	22.5574794850933	1.13402847535295e-112	C_route	f4(MAGHREB_T0, Africa; ITALY_T4, BALKANS_T1) [route via Italy]	PARTIAL
MAGHREB_T0	AFRICA_W_T0	ITALY_T4	BALKANS_T2	-58.8992875951266	3.56943749660265	-16.5009998497484	3.60867547018183e-61	C_route	f4(MAGHREB_T0, Africa; ITALY_T4, BALKANS_T2) [route via Italy]	PARTIAL
MAGHREB_T0	AFRICA_W_T0	ITALY_T4	BALKANS_T4	0.000303545690306134	0.000113574834964129	2.67264918678513	0.00752549039617651	C_route	f4(MAGHREB_T0, Africa; ITALY_T4, BALKANS_T4) [route via Italy]	PARTIAL
MAGHREB_T0	AFRICA_W_T0	ITALY_T4	EUROPE_NW_T0	0.00373333244330047	0.000160559443834979	23.2520265026425	1.35694121128864e-119	C_route	f4(MAGHREB_T0, Africa; ITALY_T4, EUROPE_NW_T0) [route via Italy]	PARTIAL
MAGHREB_T0	AFRICA_W_T0	ITALY_T4	EUROPE_NW_T1	0.00373687588846977	0.000160025702173638	23.351723115172	1.32370853794678e-120	C_route	f4(MAGHREB_T0, Africa; ITALY_T4, EUROPE_NW_T1) [route via Italy]	PARTIAL
MAGHREB_T0	AFRICA_W_T0	ITALY_T4	EUROPE_NW_T2	0.00313859926478036	0.000153353775235307	20.4663971262819	4.29202642406954e-93	C_route	f4(MAGHREB_T0, Africa; ITALY_T4, EUROPE_NW_T2) [route via Italy]	PARTIAL
MAGHREB_T0	AFRICA_W_T0	ITALY_T4	EUROPE_NW_T3	0.000221570520027452	0.000111251750715838	1.9916137822711	0.0464134500085663	C_route	f4(MAGHREB_T0, Africa; ITALY_T4, EUROPE_NW_T3) [route via Italy]	PARTIAL
MAGHREB_T0	AFRICA_W_T0	ITALY_T4	EUROPE_NW_T4	0.000785542173767741	0.000108792646003781	7.2205447943645	5.17797096443241e-13	C_route	f4(MAGHREB_T0, Africa; ITALY_T4, EUROPE_NW_T4) [route via Italy]	PARTIAL
MAGHREB_T0	AFRICA_W_T0	ITALY_T4	GREECE_T0	2.60728045789958e-05	0.00011967241839964	0.217868118048111	0.827531868555265	C_route	f4(MAGHREB_T0, Africa; ITALY_T4, GREECE_T0) [route via Italy]	PARTIAL
MAGHREB_T0	AFRICA_W_T0	ITALY_T4	GREECE_T1	0.00217797194486726	0.000126192657470864	17.2591019835693	9.55858981620555e-67	C_route	f4(MAGHREB_T0, Africa; ITALY_T4, GREECE_T1) [route via Italy]	PARTIAL
MAGHREB_T0	AFRICA_W_T0	ITALY_T4	GREECE_T2	0.000407723723536283	0.000106098472844237	3.84288022820895	0.000121598819100198	C_route	f4(MAGHREB_T0, Africa; ITALY_T4, GREECE_T2) [route via Italy]	PARTIAL
MAGHREB_T0	AFRICA_W_T0	ITALY_T4	LEVANT_T0	0.00239660392443056	0.000143670117598151	16.681297158355	1.79283264002206e-62	C_route	f4(MAGHREB_T0, Africa; ITALY_T4, LEVANT_T0) [route via Italy]	PARTIAL
MAGHREB_T0	AFRICA_W_T0	ITALY_T4	LEVANT_T1	0.00257562103364923	0.000138729781782013	18.5657398185511	6.08431974179458e-77	C_route	f4(MAGHREB_T0, Africa; ITALY_T4, LEVANT_T1) [route via Italy]	PARTIAL
MAGHREB_T0	AFRICA_W_T0	ITALY_T4	LEVANT_T2	0.0015028325007591	0.00012244145384102	12.2738864462554	1.25101139761563e-34	C_route	f4(MAGHREB_T0, Africa; ITALY_T4, LEVANT_T2) [route via Italy]	PARTIAL
MAGHREB_T0	AFRICA_W_T0	ITALY_T4	LEVANT_T3	0.000626099164659085	0.000106462096215528	5.88095845296504	4.07897553233457e-09	C_route	f4(MAGHREB_T0, Africa; ITALY_T4, LEVANT_T3) [route via Italy]	PARTIAL
MAGHREB_T0	AFRICA_W_T0	LEVANT_T0	EUROPE_NW_T0	0.00133672851886992	7.36077512366857e-05	18.160159717034	1.06713791966205e-73	C_route	f4(MAGHREB_T0, Africa; LEVANT_T0, EUROPE_NW_T0) [route via Levant]	YES
MAGHREB_T0	AFRICA_W_T0	LEVANT_T0	EUROPE_NW_T1	0.00134027196403921	7.0777011702222e-05	18.9365435443658	5.70197329589491e-80	C_route	f4(MAGHREB_T0, Africa; LEVANT_T0, EUROPE_NW_T1) [route via Levant]	YES
MAGHREB_T0	AFRICA_W_T0	LEVANT_T0	EUROPE_NW_T2	0.000741995340349801	5.82439439218569e-05	12.7394419125412	3.56938957430997e-37	C_route	f4(MAGHREB_T0, Africa; LEVANT_T0, EUROPE_NW_T2) [route via Levant]	YES
MAGHREB_T0	AFRICA_W_T0	LEVANT_T0	EUROPE_NW_T3	-0.00217503340440311	0.000148332599382455	-14.6632190999032	1.10888565805524e-48	C_route	f4(MAGHREB_T0, Africa; LEVANT_T0, EUROPE_NW_T3) [route via Levant]	YES
MAGHREB_T0	AFRICA_W_T0	LEVANT_T0	EUROPE_NW_T4	-0.00161106175066282	0.000121230489456484	-13.2892456170534	2.67259081146023e-40	C_route	f4(MAGHREB_T0, Africa; LEVANT_T0, EUROPE_NW_T4) [route via Levant]	YES
MAGHREB_T0	AFRICA_W_T0	LEVANT_T0	IBERIA_T0	0.000934823279258812	5.79766913226368e-05	16.1241226074213	1.72694270672275e-58	C_route	f4(MAGHREB_T0, Africa; LEVANT_T0, IBERIA_T0) [route via Levant]	YES
MAGHREB_T0	AFRICA_W_T0	LEVANT_T0	IBERIA_T1	0.00114322970538727	6.55163421228208e-05	17.4495350067637	3.470464031625e-68	C_route	f4(MAGHREB_T0, Africa; LEVANT_T0, IBERIA_T1) [route via Levant]	YES
MAGHREB_T0	AFRICA_W_T0	LEVANT_T0	IBERIA_T2	-0.000855470596161034	9.06643686070491e-05	-9.43557661410242	3.88849554738303e-21	C_route	f4(MAGHREB_T0, Africa; LEVANT_T0, IBERIA_T2) [route via Levant]	YES
MAGHREB_T0	AFRICA_W_T0	LEVANT_T0	ITALY_T0	0.000873727342743163	6.18855474584628e-05	14.1184392580449	2.92395519180084e-45	C_route	f4(MAGHREB_T0, Africa; LEVANT_T0, ITALY_T0) [route via Levant]	YES
MAGHREB_T0	AFRICA_W_T0	LEVANT_T0	ITALY_T1	0.000339901339882871	5.60150514634779e-05	6.06803584041137	1.29484014265449e-09	C_route	f4(MAGHREB_T0, Africa; LEVANT_T0, ITALY_T1) [route via Levant]	YES
MAGHREB_T0	AFRICA_W_T0	LEVANT_T0	ITALY_T2	-0.00150683419614427	0.000110589651677643	-13.6254538583459	2.82647616048038e-42	C_route	f4(MAGHREB_T0, Africa; LEVANT_T0, ITALY_T2) [route via Levant]	YES
MAGHREB_T0	AFRICA_W_T0	LEVANT_T0	ITALY_T3	-0.00239820905261882	0.00015005449896448	-15.9822535756593	1.69891189012688e-57	C_route	f4(MAGHREB_T0, Africa; LEVANT_T0, ITALY_T3) [route via Levant]	PARTIAL
MAGHREB_T0	AFRICA_W_T0	LEVANT_T0	ITALY_T4	-0.00239660392443056	0.000143670117598153	-16.6812971583547	1.79283264002921e-62	C_route	f4(MAGHREB_T0, Africa; LEVANT_T0, ITALY_T4) [route via Levant]	PARTIAL
MAGHREB_T0	AFRICA_W_T0	LEVANT_T1	EUROPE_NW_T0	0.00115771140965125	8.18812028914885e-05	14.1389155113596	2.18627622053749e-45	C_route	f4(MAGHREB_T0, Africa; LEVANT_T1, EUROPE_NW_T0) [route via Levant]	YES
MAGHREB_T0	AFRICA_W_T0	LEVANT_T1	EUROPE_NW_T1	0.00116125485482054	7.90413472899326e-05	14.6917391294069	7.28205479238355e-49	C_route	f4(MAGHREB_T0, Africa; LEVANT_T1, EUROPE_NW_T1) [route via Levant]	YES
MAGHREB_T0	AFRICA_W_T0	LEVANT_T1	EUROPE_NW_T2	0.00056297823113113	6.67638554705824e-05	8.43238047238286	3.38703675268575e-17	C_route	f4(MAGHREB_T0, Africa; LEVANT_T1, EUROPE_NW_T2) [route via Levant]	YES
MAGHREB_T0	AFRICA_W_T0	LEVANT_T1	EUROPE_NW_T3	-0.00235405051362178	0.00013947966803752	-16.8773739337302	6.60168463686881e-64	C_route	f4(MAGHREB_T0, Africa; LEVANT_T1, EUROPE_NW_T3) [route via Levant]	YES
MAGHREB_T0	AFRICA_W_T0	LEVANT_T1	EUROPE_NW_T4	-0.00179007885988149	0.000114015602506361	-15.7002973323903	1.50534858073636e-55	C_route	f4(MAGHREB_T0, Africa; LEVANT_T1, EUROPE_NW_T4) [route via Levant]	YES
MAGHREB_T0	AFRICA_W_T0	LEVANT_T1	IBERIA_T0	0.000755806170040141	6.82071549343124e-05	11.081039383156	1.55061922425598e-28	C_route	f4(MAGHREB_T0, Africa; LEVANT_T1, IBERIA_T0) [route via Levant]	YES
MAGHREB_T0	AFRICA_W_T0	LEVANT_T1	IBERIA_T1	0.0009642125961686	7.47179216516668e-05	12.9047031134476	4.23444318586487e-38	C_route	f4(MAGHREB_T0, Africa; LEVANT_T1, IBERIA_T1) [route via Levant]	YES
MAGHREB_T0	AFRICA_W_T0	LEVANT_T1	IBERIA_T2	-0.00103448770537971	8.45395900850865e-05	-12.2367248804794	1.97856508823771e-34	C_route	f4(MAGHREB_T0, Africa; LEVANT_T1, IBERIA_T2) [route via Levant]	YES
MAGHREB_T0	AFRICA_W_T0	LEVANT_T1	ITALY_T0	0.000694710233524493	6.39067160213381e-05	10.870692108362	1.58990148534133e-27	C_route	f4(MAGHREB_T0, Africa; LEVANT_T1, ITALY_T0) [route via Levant]	YES
MAGHREB_T0	AFRICA_W_T0	LEVANT_T1	ITALY_T1	0.0001608842306642	6.34680510069873e-05	2.53488531807111	0.0112484144128264	C_route	f4(MAGHREB_T0, Africa; LEVANT_T1, ITALY_T1) [route via Levant]	YES
MAGHREB_T0	AFRICA_W_T0	LEVANT_T1	ITALY_T2	-0.00168585130536294	0.000101499573095135	-16.6094423252677	5.95441709885181e-62	C_route	f4(MAGHREB_T0, Africa; LEVANT_T1, ITALY_T2) [route via Levant]	YES
MAGHREB_T0	AFRICA_W_T0	LEVANT_T1	ITALY_T3	-0.00257722616183749	0.000146883276830323	-17.5460829677339	6.37263704798429e-69	C_route	f4(MAGHREB_T0, Africa; LEVANT_T1, ITALY_T3) [route via Levant]	PARTIAL
MAGHREB_T0	AFRICA_W_T0	LEVANT_T1	ITALY_T4	-0.00257562103364923	0.00013872978178201	-18.5657398185515	6.08431974175273e-77	C_route	f4(MAGHREB_T0, Africa; LEVANT_T1, ITALY_T4) [route via Levant]	PARTIAL
MAGHREB_T0	AFRICA_W_T0	LEVANT_T2	EUROPE_NW_T0	0.00223049994254138	0.000114855558701233	19.4200434681916	5.2245695249178e-84	C_route	f4(MAGHREB_T0, Africa; LEVANT_T2, EUROPE_NW_T0) [route via Levant]	YES
MAGHREB_T0	AFRICA_W_T0	LEVANT_T2	EUROPE_NW_T1	0.00223404338771067	0.000112867887113491	19.7934367767892	3.39110303229234e-87	C_route	f4(MAGHREB_T0, Africa; LEVANT_T2, EUROPE_NW_T1) [route via Levant]	YES
MAGHREB_T0	AFRICA_W_T0	LEVANT_T2	EUROPE_NW_T2	0.00163576676402126	9.96306886605855e-05	16.4183022923175	1.4146985813475e-60	C_route	f4(MAGHREB_T0, Africa; LEVANT_T2, EUROPE_NW_T2) [route via Levant]	YES
MAGHREB_T0	AFRICA_W_T0	LEVANT_T2	EUROPE_NW_T3	-0.00128126198073165	0.000122411211294739	-10.4668679214901	1.22633588359509e-25	C_route	f4(MAGHREB_T0, Africa; LEVANT_T2, EUROPE_NW_T3) [route via Levant]	YES
MAGHREB_T0	AFRICA_W_T0	LEVANT_T2	EUROPE_NW_T4	-0.000717290326991358	9.7541233527176e-05	-7.35371392234356	1.92774088882059e-13	C_route	f4(MAGHREB_T0, Africa; LEVANT_T2, EUROPE_NW_T4) [route via Levant]	YES
MAGHREB_T0	AFRICA_W_T0	LEVANT_T2	IBERIA_T0	0.00182859470293027	0.000105377271242754	17.3528378687829	1.87736458069001e-67	C_route	f4(MAGHREB_T0, Africa; LEVANT_T2, IBERIA_T0) [route via Levant]	YES
MAGHREB_T0	AFRICA_W_T0	LEVANT_T2	IBERIA_T1	0.00203700112905873	0.000109719570510478	18.5655222635437	6.10901546198271e-77	C_route	f4(MAGHREB_T0, Africa; LEVANT_T2, IBERIA_T1) [route via Levant]	YES
MAGHREB_T0	AFRICA_W_T0	LEVANT_T2	IBERIA_T2	3.83008275104245e-05	8.2061646522836e-05	0.466732379050744	0.640691360919317	C_route	f4(MAGHREB_T0, Africa; LEVANT_T2, IBERIA_T2) [route via Levant]	YES
MAGHREB_T0	AFRICA_W_T0	LEVANT_T2	ITALY_T0	0.00176749876641462	0.000102640149962587	17.2203447389631	1.86871783636522e-66	C_route	f4(MAGHREB_T0, Africa; LEVANT_T2, ITALY_T0) [route via Levant]	YES
MAGHREB_T0	AFRICA_W_T0	LEVANT_T2	ITALY_T1	0.00123367276355433	9.42354921326223e-05	13.0913813430095	3.68838376601211e-39	C_route	f4(MAGHREB_T0, Africa; LEVANT_T2, ITALY_T1) [route via Levant]	YES
MAGHREB_T0	AFRICA_W_T0	LEVANT_T2	ITALY_T2	-0.000613062772472807	9.19625533702214e-05	-6.66643921906723	2.62084153765801e-11	C_route	f4(MAGHREB_T0, Africa; LEVANT_T2, ITALY_T2) [route via Levant]	YES
MAGHREB_T0	AFRICA_W_T0	LEVANT_T2	ITALY_T3	-0.00150443762894736	0.000122711879313384	-12.2599184151137	1.48649476120327e-34	C_route	f4(MAGHREB_T0, Africa; LEVANT_T2, ITALY_T3) [route via Levant]	PARTIAL
MAGHREB_T0	AFRICA_W_T0	LEVANT_T2	ITALY_T4	-0.0015028325007591	0.000122441453841021	-12.2738864462553	1.2510113976181e-34	C_route	f4(MAGHREB_T0, Africa; LEVANT_T2, ITALY_T4) [route via Levant]	PARTIAL
MAGHREB_T0	AFRICA_W_T0	LEVANT_T3	EUROPE_NW_T0	0.00310723327864139	0.000143877750712385	21.5963431681166	1.94409661825914e-103	C_route	f4(MAGHREB_T0, Africa; LEVANT_T3, EUROPE_NW_T0) [route via Levant]	YES
MAGHREB_T0	AFRICA_W_T0	LEVANT_T3	EUROPE_NW_T1	0.00311077672381068	0.00014483788748598	21.477644957448	2.51960674719136e-102	C_route	f4(MAGHREB_T0, Africa; LEVANT_T3, EUROPE_NW_T1) [route via Levant]	YES
MAGHREB_T0	AFRICA_W_T0	LEVANT_T3	EUROPE_NW_T2	0.00251250010012127	0.000136385594279214	18.4220343314088	8.7454062950033e-76	C_route	f4(MAGHREB_T0, Africa; LEVANT_T3, EUROPE_NW_T2) [route via Levant]	YES
MAGHREB_T0	AFRICA_W_T0	LEVANT_T3	EUROPE_NW_T3	-0.000404528644631634	0.000111938139632178	-3.61385892208761	0.000301673251612594	C_route	f4(MAGHREB_T0, Africa; LEVANT_T3, EUROPE_NW_T3) [route via Levant]	YES
MAGHREB_T0	AFRICA_W_T0	LEVANT_T3	EUROPE_NW_T4	0.000159443009108655	9.67739790048052e-05	1.64758141339562	0.0994385970893046	C_route	f4(MAGHREB_T0, Africa; LEVANT_T3, EUROPE_NW_T4) [route via Levant]	YES
MAGHREB_T0	AFRICA_W_T0	LEVANT_T3	IBERIA_T0	0.00270532803903028	0.000135884167670331	19.9090746583052	3.39528310257791e-88	C_route	f4(MAGHREB_T0, Africa; LEVANT_T3, IBERIA_T0) [route via Levant]	YES
MAGHREB_T0	AFRICA_W_T0	LEVANT_T3	IBERIA_T1	0.00291373446515874	0.000138257259081344	21.0747304302079	1.35676434788565e-98	C_route	f4(MAGHREB_T0, Africa; LEVANT_T3, IBERIA_T1) [route via Levant]	YES
MAGHREB_T0	AFRICA_W_T0	LEVANT_T3	IBERIA_T2	0.000915034163610438	0.000105432901009014	8.67882942471829	3.99862874254732e-18	C_route	f4(MAGHREB_T0, Africa; LEVANT_T3, IBERIA_T2) [route via Levant]	YES
MAGHREB_T0	AFRICA_W_T0	LEVANT_T3	ITALY_T0	0.00264423210251464	0.000133937079685734	19.7423455007306	9.33427891056923e-87	C_route	f4(MAGHREB_T0, Africa; LEVANT_T3, ITALY_T0) [route via Levant]	YES
MAGHREB_T0	AFRICA_W_T0	LEVANT_T3	ITALY_T1	0.00211040609965434	0.00012254285567731	17.2217799886403	1.82294483123881e-66	C_route	f4(MAGHREB_T0, Africa; LEVANT_T3, ITALY_T1) [route via Levant]	YES
MAGHREB_T0	AFRICA_W_T0	LEVANT_T3	ITALY_T2	0.000263670563627206	9.73411703221174e-05	2.7087260483378	0.00675420841027927	C_route	f4(MAGHREB_T0, Africa; LEVANT_T3, ITALY_T2) [route via Levant]	YES
MAGHREB_T0	AFRICA_W_T0	LEVANT_T3	ITALY_T3	-0.000627704292847343	0.000113405309213424	-5.53505208178597	3.11135886249771e-08	C_route	f4(MAGHREB_T0, Africa; LEVANT_T3, ITALY_T3) [route via Levant]	PARTIAL
MAGHREB_T0	AFRICA_W_T0	LEVANT_T3	ITALY_T4	-0.000626099164659085	0.000106462096215523	-5.88095845296532	4.07897553232769e-09	C_route	f4(MAGHREB_T0, Africa; LEVANT_T3, ITALY_T4) [route via Levant]	PARTIAL
MAGHREB_T0	AFRICA_W_T0	SARDINIA_T0	BALKANS_T0	0.00201564259509665	9.18407475566384e-05	21.9471492634966	9.22051166973586e-107	C_route	f4(MAGHREB_T0, Africa; SARDINIA_T0, BALKANS_T0) [route via Italy]	YES
MAGHREB_T0	AFRICA_W_T0	SARDINIA_T0	BALKANS_T1	0.00233441599588496	9.84188151833063e-05	23.7192044177435	2.28502373265833e-124	C_route	f4(MAGHREB_T0, Africa; SARDINIA_T0, BALKANS_T1) [route via Italy]	YES
MAGHREB_T0	AFRICA_W_T0	SARDINIA_T0	BALKANS_T2	-58.900477479507	3.56943228137214	-16.501357313008	3.58737496511049e-61	C_route	f4(MAGHREB_T0, Africa; SARDINIA_T0, BALKANS_T2) [route via Italy]	YES
MAGHREB_T0	AFRICA_W_T0	SARDINIA_T0	BALKANS_T4	-0.000886338690102223	0.000113006331324169	-7.84326576853187	4.38977549580586e-15	C_route	f4(MAGHREB_T0, Africa; SARDINIA_T0, BALKANS_T4) [route via Italy]	YES
MAGHREB_T0	AFRICA_W_T0	SARDINIA_T0	EUROPE_NW_T0	0.00254344806289212	0.000109815959516588	23.1610056870461	1.12618044296262e-118	C_route	f4(MAGHREB_T0, Africa; SARDINIA_T0, EUROPE_NW_T0) [route via Italy]	YES
MAGHREB_T0	AFRICA_W_T0	SARDINIA_T0	EUROPE_NW_T1	0.00254699150806142	0.00010815639130643	23.5491539362222	1.28066487671524e-122	C_route	f4(MAGHREB_T0, Africa; SARDINIA_T0, EUROPE_NW_T1) [route via Italy]	YES
MAGHREB_T0	AFRICA_W_T0	SARDINIA_T0	EUROPE_NW_T2	0.001948714884372	9.25134288879971e-05	21.06412990844	1.69715028909275e-98	C_route	f4(MAGHREB_T0, Africa; SARDINIA_T0, EUROPE_NW_T2) [route via Italy]	YES
MAGHREB_T0	AFRICA_W_T0	SARDINIA_T0	EUROPE_NW_T3	-0.000968313860380903	0.000121562688435605	-7.96555154251826	1.64488454063258e-15	C_route	f4(MAGHREB_T0, Africa; SARDINIA_T0, EUROPE_NW_T3) [route via Italy]	YES
MAGHREB_T0	AFRICA_W_T0	SARDINIA_T0	EUROPE_NW_T4	-0.000404342206640615	9.75138637052894e-05	-4.1465099553704	3.37581508301949e-05	C_route	f4(MAGHREB_T0, Africa; SARDINIA_T0, EUROPE_NW_T4) [route via Italy]	YES
MAGHREB_T0	AFRICA_W_T0	SARDINIA_T0	GREECE_T0	-0.00116381157582936	0.000123887151854944	-9.3941264966042	5.76945439373541e-21	C_route	f4(MAGHREB_T0, Africa; SARDINIA_T0, GREECE_T0) [route via Italy]	PARTIAL
MAGHREB_T0	AFRICA_W_T0	SARDINIA_T0	GREECE_T1	0.0009880875644589	7.58245243154014e-05	13.0312398710057	8.12760993126882e-39	C_route	f4(MAGHREB_T0, Africa; SARDINIA_T0, GREECE_T1) [route via Italy]	YES
MAGHREB_T0	AFRICA_W_T0	SARDINIA_T0	GREECE_T2	-0.000782160656872074	0.000108440781776703	-7.21279064994817	5.48166592575578e-13	C_route	f4(MAGHREB_T0, Africa; SARDINIA_T0, GREECE_T2) [route via Italy]	YES
MAGHREB_T0	AFRICA_W_T0	SARDINIA_T0	LEVANT_T0	0.0012067195440222	8.33036098728129e-05	14.4858013459994	1.48975050916946e-47	C_route	f4(MAGHREB_T0, Africa; SARDINIA_T0, LEVANT_T0) [route via Italy]	YES
MAGHREB_T0	AFRICA_W_T0	SARDINIA_T0	LEVANT_T1	0.00138573665324087	8.23819809670888e-05	16.8208707410722	1.71617716809493e-63	C_route	f4(MAGHREB_T0, Africa; SARDINIA_T0, LEVANT_T1) [route via Italy]	YES
MAGHREB_T0	AFRICA_W_T0	SARDINIA_T0	LEVANT_T2	0.000312948120350744	8.23860260973022e-05	3.79855826497974	0.000145540217983523	C_route	f4(MAGHREB_T0, Africa; SARDINIA_T0, LEVANT_T2) [route via Italy]	YES
MAGHREB_T0	AFRICA_W_T0	SARDINIA_T0	LEVANT_T3	-0.000563785215749271	0.000106742924137124	-5.28171043005176	1.27983370581344e-07	C_route	f4(MAGHREB_T0, Africa; SARDINIA_T0, LEVANT_T3) [route via Italy]	YES
MAGHREB_T0	AFRICA_W_T0	SARDINIA_T1	BALKANS_T0	0.000756955625672596	6.79571703734491e-05	11.1387160694428	8.12826851025961e-29	C_route	f4(MAGHREB_T0, Africa; SARDINIA_T1, BALKANS_T0) [route via Italy]	YES
MAGHREB_T0	AFRICA_W_T0	SARDINIA_T1	BALKANS_T1	0.0010757290264609	7.24140635896337e-05	14.8552501149085	6.43274084825469e-50	C_route	f4(MAGHREB_T0, Africa; SARDINIA_T1, BALKANS_T1) [route via Italy]	YES
MAGHREB_T0	AFRICA_W_T0	SARDINIA_T1	BALKANS_T2	-58.9017361664765	3.56944091252484	-16.5016700402003	3.56884295417945e-61	C_route	f4(MAGHREB_T0, Africa; SARDINIA_T1, BALKANS_T2) [route via Italy]	YES
MAGHREB_T0	AFRICA_W_T0	SARDINIA_T1	BALKANS_T4	-0.00214502565952628	0.000129075783249748	-16.6183431587309	5.13317249550298e-62	C_route	f4(MAGHREB_T0, Africa; SARDINIA_T1, BALKANS_T4) [route via Italy]	YES
MAGHREB_T0	AFRICA_W_T0	SARDINIA_T1	EUROPE_NW_T0	0.00128476109346806	8.47852211765915e-05	15.1531254579397	7.22474871675602e-52	C_route	f4(MAGHREB_T0, Africa; SARDINIA_T1, EUROPE_NW_T0) [route via Italy]	YES
MAGHREB_T0	AFRICA_W_T0	SARDINIA_T1	EUROPE_NW_T1	0.00128830453863736	8.45552308661175e-05	15.2362488451746	2.03206885620817e-52	C_route	f4(MAGHREB_T0, Africa; SARDINIA_T1, EUROPE_NW_T1) [route via Italy]	YES
MAGHREB_T0	AFRICA_W_T0	SARDINIA_T1	EUROPE_NW_T2	0.000690027914947942	6.89982367188245e-05	10.0006601293288	1.51384520225989e-23	C_route	f4(MAGHREB_T0, Africa; SARDINIA_T1, EUROPE_NW_T2) [route via Italy]	YES
MAGHREB_T0	AFRICA_W_T0	SARDINIA_T1	EUROPE_NW_T3	-0.00222700082980497	0.000142086979669032	-15.6735038987555	2.29567019016433e-55	C_route	f4(MAGHREB_T0, Africa; SARDINIA_T1, EUROPE_NW_T3) [route via Italy]	YES
MAGHREB_T0	AFRICA_W_T0	SARDINIA_T1	EUROPE_NW_T4	-0.00166302917606467	0.00011234782525999	-14.8025043850753	1.41128535941903e-49	C_route	f4(MAGHREB_T0, Africa; SARDINIA_T1, EUROPE_NW_T4) [route via Italy]	YES
MAGHREB_T0	AFRICA_W_T0	SARDINIA_T1	GREECE_T0	-0.00242249854525342	0.000135917956021254	-17.8232414330495	4.665317125398e-71	C_route	f4(MAGHREB_T0, Africa; SARDINIA_T1, GREECE_T0) [route via Italy]	PARTIAL
MAGHREB_T0	AFRICA_W_T0	SARDINIA_T1	GREECE_T1	-0.00027059940496516	6.88079142918443e-05	-3.93267849709018	8.40045584389035e-05	C_route	f4(MAGHREB_T0, Africa; SARDINIA_T1, GREECE_T1) [route via Italy]	YES
MAGHREB_T0	AFRICA_W_T0	SARDINIA_T1	GREECE_T2	-0.00204084762629613	0.000122412586249726	-16.6718773683348	2.09897191389115e-62	C_route	f4(MAGHREB_T0, Africa; SARDINIA_T1, GREECE_T2) [route via Italy]	YES
MAGHREB_T0	AFRICA_W_T0	SARDINIA_T1	LEVANT_T0	-5.19674254018586e-05	6.74404115263205e-05	-0.770568035184318	0.44096301386937	C_route	f4(MAGHREB_T0, Africa; SARDINIA_T1, LEVANT_T0) [route via Italy]	YES
MAGHREB_T0	AFRICA_W_T0	SARDINIA_T1	LEVANT_T1	0.000127049683816812	6.48261554226647e-05	1.95985220762287	0.0500130670507324	C_route	f4(MAGHREB_T0, Africa; SARDINIA_T1, LEVANT_T1) [route via Italy]	YES
MAGHREB_T0	AFRICA_W_T0	SARDINIA_T1	LEVANT_T2	-0.000945738849073317	9.18837895799661e-05	-10.292771482289	7.59580061284397e-25	C_route	f4(MAGHREB_T0, Africa; SARDINIA_T1, LEVANT_T2) [route via Italy]	YES
MAGHREB_T0	AFRICA_W_T0	SARDINIA_T1	LEVANT_T3	-0.00182247218517333	0.000118101735427209	-15.4313751494076	1.00701454577742e-53	C_route	f4(MAGHREB_T0, Africa; SARDINIA_T1, LEVANT_T3) [route via Italy]	YES
MAGHREB_T0	AFRICA_W_T0	SARDINIA_T2	BALKANS_T0	0.00300876396322435	0.000148706537153773	20.2328964201021	5.02620630055908e-91	C_route	f4(MAGHREB_T0, Africa; SARDINIA_T2, BALKANS_T0) [route via Italy]	PARTIAL
MAGHREB_T0	AFRICA_W_T0	SARDINIA_T2	BALKANS_T1	0.00332753736401265	0.000151797988166602	21.9208265155702	1.64444579487561e-106	C_route	f4(MAGHREB_T0, Africa; SARDINIA_T2, BALKANS_T1) [route via Italy]	PARTIAL
MAGHREB_T0	AFRICA_W_T0	SARDINIA_T2	BALKANS_T2	-58.8994843581389	3.56942923860968	-16.5010931498619	3.60310378435919e-61	C_route	f4(MAGHREB_T0, Africa; SARDINIA_T2, BALKANS_T2) [route via Italy]	PARTIAL
MAGHREB_T0	AFRICA_W_T0	SARDINIA_T2	BALKANS_T4	0.000106782678025472	0.000119586336878426	0.892933764950337	0.371892643951295	C_route	f4(MAGHREB_T0, Africa; SARDINIA_T2, BALKANS_T4) [route via Italy]	PARTIAL
MAGHREB_T0	AFRICA_W_T0	SARDINIA_T2	EUROPE_NW_T0	0.00353656943101981	0.00015924583292652	22.2082384576535	2.85929585820666e-109	C_route	f4(MAGHREB_T0, Africa; SARDINIA_T2, EUROPE_NW_T0) [route via Italy]	PARTIAL
MAGHREB_T0	AFRICA_W_T0	SARDINIA_T2	EUROPE_NW_T1	0.0035401128761891	0.00015723409697847	22.5149184828138	2.96483306568219e-112	C_route	f4(MAGHREB_T0, Africa; SARDINIA_T2, EUROPE_NW_T1) [route via Italy]	PARTIAL
MAGHREB_T0	AFRICA_W_T0	SARDINIA_T2	EUROPE_NW_T2	0.0029418362524997	0.00014673578004414	20.0485270301133	2.07910097018749e-89	C_route	f4(MAGHREB_T0, Africa; SARDINIA_T2, EUROPE_NW_T2) [route via Italy]	PARTIAL
MAGHREB_T0	AFRICA_W_T0	SARDINIA_T2	EUROPE_NW_T3	2.48075077467909e-05	0.00011341021784703	0.218741381665026	0.826851511588109	C_route	f4(MAGHREB_T0, Africa; SARDINIA_T2, EUROPE_NW_T3) [route via Italy]	PARTIAL
MAGHREB_T0	AFRICA_W_T0	SARDINIA_T2	EUROPE_NW_T4	0.00058877916148708	0.000119803811631915	4.91452778894918	8.89967019880783e-07	C_route	f4(MAGHREB_T0, Africa; SARDINIA_T2, EUROPE_NW_T4) [route via Italy]	PARTIAL
MAGHREB_T0	AFRICA_W_T0	SARDINIA_T2	GREECE_T0	-0.000170690207701666	0.000129689864384351	-1.31614146187867	0.18812656697706	C_route	f4(MAGHREB_T0, Africa; SARDINIA_T2, GREECE_T0) [route via Italy]	PARTIAL
MAGHREB_T0	AFRICA_W_T0	SARDINIA_T2	GREECE_T1	0.00198120893258659	0.000128216131132427	15.4521035308757	7.3020969265894e-54	C_route	f4(MAGHREB_T0, Africa; SARDINIA_T2, GREECE_T1) [route via Italy]	PARTIAL
MAGHREB_T0	AFRICA_W_T0	SARDINIA_T2	GREECE_T2	0.000210960711255622	0.000105123243392176	2.00679416319572	0.0447715846242147	C_route	f4(MAGHREB_T0, Africa; SARDINIA_T2, GREECE_T2) [route via Italy]	PARTIAL
MAGHREB_T0	AFRICA_W_T0	SARDINIA_T2	LEVANT_T0	0.0021998409121499	0.000143046921592474	15.3784568563944	2.28324737675133e-53	C_route	f4(MAGHREB_T0, Africa; SARDINIA_T2, LEVANT_T0) [route via Italy]	PARTIAL
MAGHREB_T0	AFRICA_W_T0	SARDINIA_T2	LEVANT_T1	0.00237885802136857	0.000134439901630086	17.6945831745253	4.61633436838933e-70	C_route	f4(MAGHREB_T0, Africa; SARDINIA_T2, LEVANT_T1) [route via Italy]	PARTIAL
MAGHREB_T0	AFRICA_W_T0	SARDINIA_T2	LEVANT_T2	0.00130606948847844	0.000114495663876678	11.4071524130834	3.85131672464492e-30	C_route	f4(MAGHREB_T0, Africa; SARDINIA_T2, LEVANT_T2) [route via Italy]	PARTIAL
MAGHREB_T0	AFRICA_W_T0	SARDINIA_T2	LEVANT_T3	0.000429336152378425	0.000118468746810151	3.62404569929694	0.00029003032493977	C_route	f4(MAGHREB_T0, Africa; SARDINIA_T2, LEVANT_T3) [route via Italy]	PARTIAL
MAGHREB_T0	AFRICA_W_T0	SICILY_T0	BALKANS_T0	0.00252066225230526	0.000133163003830373	18.9291483354953	6.56145980807618e-80	C_route	f4(MAGHREB_T0, Africa; SICILY_T0, BALKANS_T0) [route via Italy]	YES
MAGHREB_T0	AFRICA_W_T0	SICILY_T0	BALKANS_T1	0.00283943565309356	0.000139986279571884	20.2836710981772	1.79241406220598e-91	C_route	f4(MAGHREB_T0, Africa; SICILY_T0, BALKANS_T1) [route via Italy]	YES
MAGHREB_T0	AFRICA_W_T0	SICILY_T0	BALKANS_T2	-58.8999724598498	3.56943219798052	-16.5012162139328	3.59576776469322e-61	C_route	f4(MAGHREB_T0, Africa; SICILY_T0, BALKANS_T2) [route via Italy]	YES
MAGHREB_T0	AFRICA_W_T0	SICILY_T0	BALKANS_T4	-0.000381319032893617	0.000106980661583066	-3.56437347882298	0.000364726325740951	C_route	f4(MAGHREB_T0, Africa; SICILY_T0, BALKANS_T4) [route via Italy]	YES
MAGHREB_T0	AFRICA_W_T0	SICILY_T0	EUROPE_NW_T0	0.00304846772010073	0.000146473466974254	20.8124227757685	3.34030179924175e-96	C_route	f4(MAGHREB_T0, Africa; SICILY_T0, EUROPE_NW_T0) [route via Italy]	YES
MAGHREB_T0	AFRICA_W_T0	SICILY_T0	EUROPE_NW_T1	0.00305201116527002	0.000145269684904658	21.0092777944214	5.39489976225956e-98	C_route	f4(MAGHREB_T0, Africa; SICILY_T0, EUROPE_NW_T1) [route via Italy]	YES
MAGHREB_T0	AFRICA_W_T0	SICILY_T0	EUROPE_NW_T2	0.00245373454158061	0.00013398770394299	18.313132245513	6.50197529792817e-75	C_route	f4(MAGHREB_T0, Africa; SICILY_T0, EUROPE_NW_T2) [route via Italy]	YES
MAGHREB_T0	AFRICA_W_T0	SICILY_T0	EUROPE_NW_T3	-0.000463294203172298	0.000108635912832531	-4.26465052939255	2.0021532643699e-05	C_route	f4(MAGHREB_T0, Africa; SICILY_T0, EUROPE_NW_T3) [route via Italy]	YES
MAGHREB_T0	AFRICA_W_T0	SICILY_T0	EUROPE_NW_T4	0.000100677450567991	9.56921763983451e-05	1.05209698804314	0.292755053895918	C_route	f4(MAGHREB_T0, Africa; SICILY_T0, EUROPE_NW_T4) [route via Italy]	YES
MAGHREB_T0	AFRICA_W_T0	SICILY_T0	GREECE_T0	-0.000658791918620754	0.00011577727470603	-5.69016605627911	1.26915888227312e-08	C_route	f4(MAGHREB_T0, Africa; SICILY_T0, GREECE_T0) [route via Italy]	PARTIAL
MAGHREB_T0	AFRICA_W_T0	SICILY_T0	GREECE_T1	0.00149310722166751	0.000106370867526741	14.0368059073331	9.28019388856041e-45	C_route	f4(MAGHREB_T0, Africa; SICILY_T0, GREECE_T1) [route via Italy]	YES
MAGHREB_T0	AFRICA_W_T0	SICILY_T0	GREECE_T2	-0.000277140999663467	9.76321164418297e-05	-2.83862533932254	0.00453083211471931	C_route	f4(MAGHREB_T0, Africa; SICILY_T0, GREECE_T2) [route via Italy]	YES
MAGHREB_T0	AFRICA_W_T0	SICILY_T0	LEVANT_T0	0.00171173920123081	0.000127167851049934	13.46047123623	2.67206636544965e-41	C_route	f4(MAGHREB_T0, Africa; SICILY_T0, LEVANT_T0) [route via Italy]	YES
MAGHREB_T0	AFRICA_W_T0	SICILY_T0	LEVANT_T1	0.00189075631044948	0.000119356925755649	15.8411947901564	1.61718637267482e-56	C_route	f4(MAGHREB_T0, Africa; SICILY_T0, LEVANT_T1) [route via Italy]	YES
MAGHREB_T0	AFRICA_W_T0	SICILY_T0	LEVANT_T2	0.00081796777755935	9.50287396438845e-05	8.60758314405351	7.46170286647267e-18	C_route	f4(MAGHREB_T0, Africa; SICILY_T0, LEVANT_T2) [route via Italy]	YES
MAGHREB_T0	AFRICA_W_T0	SICILY_T0	LEVANT_T3	-5.87655585406641e-05	0.000100302540551172	-0.585883051593126	0.557954107460791	C_route	f4(MAGHREB_T0, Africa; SICILY_T0, LEVANT_T3) [route via Italy]	YES
MAGHREB_T0	AFRICA_W_T0	SICILY_T1	BALKANS_T0	0.00040805354543041	5.87367030347081e-05	6.9471646236134	3.72700709332446e-12	C_route	f4(MAGHREB_T0, Africa; SICILY_T1, BALKANS_T0) [route via Italy]	YES
MAGHREB_T0	AFRICA_W_T0	SICILY_T1	BALKANS_T1	0.000726826946218711	6.28270618679161e-05	11.5686922897453	5.9380818062249e-31	C_route	f4(MAGHREB_T0, Africa; SICILY_T1, BALKANS_T1) [route via Italy]	YES
MAGHREB_T0	AFRICA_W_T0	SICILY_T1	BALKANS_T2	-58.9020850685567	3.56944955813284	-16.5017278180471	3.56542953072299e-61	C_route	f4(MAGHREB_T0, Africa; SICILY_T1, BALKANS_T2) [route via Italy]	YES
MAGHREB_T0	AFRICA_W_T0	SICILY_T1	BALKANS_T4	-0.00249392773976847	0.000136738007427162	-18.2387310353117	2.54293605701924e-74	C_route	f4(MAGHREB_T0, Africa; SICILY_T1, BALKANS_T4) [route via Italy]	YES
MAGHREB_T0	AFRICA_W_T0	SICILY_T1	EUROPE_NW_T0	0.000935859013225873	7.22484523537473e-05	12.9533433968061	2.2493968266374e-38	C_route	f4(MAGHREB_T0, Africa; SICILY_T1, EUROPE_NW_T0) [route via Italy]	YES
MAGHREB_T0	AFRICA_W_T0	SICILY_T1	EUROPE_NW_T1	0.000939402458395171	7.16051365689435e-05	13.1192048979711	2.55602538808435e-39	C_route	f4(MAGHREB_T0, Africa; SICILY_T1, EUROPE_NW_T1) [route via Italy]	YES
MAGHREB_T0	AFRICA_W_T0	SICILY_T1	EUROPE_NW_T2	0.000341125834705758	6.11594405880776e-05	5.57764805278903	2.43792268968921e-08	C_route	f4(MAGHREB_T0, Africa; SICILY_T1, EUROPE_NW_T2) [route via Italy]	YES
MAGHREB_T0	AFRICA_W_T0	SICILY_T1	EUROPE_NW_T3	-0.00257590291004715	0.000144905091351659	-17.7764831174627	1.07516362951481e-70	C_route	f4(MAGHREB_T0, Africa; SICILY_T1, EUROPE_NW_T3) [route via Italy]	YES
MAGHREB_T0	AFRICA_W_T0	SICILY_T1	EUROPE_NW_T4	-0.00201193125630686	0.00011821815305319	-17.0188012952768	5.95778623468786e-65	C_route	f4(MAGHREB_T0, Africa; SICILY_T1, EUROPE_NW_T4) [route via Italy]	YES
MAGHREB_T0	AFRICA_W_T0	SICILY_T1	GREECE_T0	-0.0027714006254956	0.000140557289742091	-19.7172315329987	1.53398380564907e-86	C_route	f4(MAGHREB_T0, Africa; SICILY_T1, GREECE_T0) [route via Italy]	PARTIAL
MAGHREB_T0	AFRICA_W_T0	SICILY_T1	GREECE_T1	-0.000619501485207345	7.47612582496073e-05	-8.28639725590225	1.16730441812086e-16	C_route	f4(MAGHREB_T0, Africa; SICILY_T1, GREECE_T1) [route via Italy]	YES
MAGHREB_T0	AFRICA_W_T0	SICILY_T1	GREECE_T2	-0.00238974970653832	0.000124349082070379	-19.2180727573508	2.61296451672815e-82	C_route	f4(MAGHREB_T0, Africa; SICILY_T1, GREECE_T2) [route via Italy]	YES
MAGHREB_T0	AFRICA_W_T0	SICILY_T1	LEVANT_T0	-0.000400869505644044	6.38556069569744e-05	-6.27774951562433	3.43508726545668e-10	C_route	f4(MAGHREB_T0, Africa; SICILY_T1, LEVANT_T0) [route via Italy]	YES
MAGHREB_T0	AFRICA_W_T0	SICILY_T1	LEVANT_T1	-0.000221852396425373	6.6127557090615e-05	-3.35491595616283	0.000793890997991632	C_route	f4(MAGHREB_T0, Africa; SICILY_T1, LEVANT_T1) [route via Italy]	YES
MAGHREB_T0	AFRICA_W_T0	SICILY_T1	LEVANT_T2	-0.0012946409293155	9.17187061473026e-05	-14.1153422643825	3.05528956609868e-45	C_route	f4(MAGHREB_T0, Africa; SICILY_T1, LEVANT_T2) [route via Italy]	YES
MAGHREB_T0	AFRICA_W_T0	SICILY_T1	LEVANT_T3	-0.00217137426541551	0.000122776813094066	-17.6855402147628	5.41991131191631e-70	C_route	f4(MAGHREB_T0, Africa; SICILY_T1, LEVANT_T3) [route via Italy]	YES
MAGHREB_T0	AFRICA_W_T0	SICILY_T2	BALKANS_T0	0.00210873746109799	0.000113446270614609	18.5879839828463	4.02006305527669e-77	C_route	f4(MAGHREB_T0, Africa; SICILY_T2, BALKANS_T0) [route via Italy]	YES
MAGHREB_T0	AFRICA_W_T0	SICILY_T2	BALKANS_T1	0.0024275108618863	0.000118722529318016	20.4469267613381	6.39812478819278e-93	C_route	f4(MAGHREB_T0, Africa; SICILY_T2, BALKANS_T1) [route via Italy]	YES
MAGHREB_T0	AFRICA_W_T0	SICILY_T2	BALKANS_T2	-58.900384384641	3.56943326013404	-16.5013267070945	3.58919379473107e-61	C_route	f4(MAGHREB_T0, Africa; SICILY_T2, BALKANS_T2) [route via Italy]	YES
MAGHREB_T0	AFRICA_W_T0	SICILY_T2	BALKANS_T4	-0.000793243824100883	0.000103169348596009	-7.68875479874428	1.4857389018937e-14	C_route	f4(MAGHREB_T0, Africa; SICILY_T2, BALKANS_T4) [route via Italy]	YES
MAGHREB_T0	AFRICA_W_T0	SICILY_T2	EUROPE_NW_T0	0.00263654292889346	0.000125882089204358	20.9445437834549	2.10404271564175e-97	C_route	f4(MAGHREB_T0, Africa; SICILY_T2, EUROPE_NW_T0) [route via Italy]	YES
MAGHREB_T0	AFRICA_W_T0	SICILY_T2	EUROPE_NW_T1	0.00264008637406276	0.000124547052377407	21.1975018570706	1.0070182720577e-99	C_route	f4(MAGHREB_T0, Africa; SICILY_T2, EUROPE_NW_T1) [route via Italy]	YES
MAGHREB_T0	AFRICA_W_T0	SICILY_T2	EUROPE_NW_T2	0.00204180975037334	0.000111990043472302	18.2320649860122	2.87266678790374e-74	C_route	f4(MAGHREB_T0, Africa; SICILY_T2, EUROPE_NW_T2) [route via Italy]	YES
MAGHREB_T0	AFRICA_W_T0	SICILY_T2	EUROPE_NW_T3	-0.000875218994379563	0.000107792784211507	-8.11945809528624	4.68269832159767e-16	C_route	f4(MAGHREB_T0, Africa; SICILY_T2, EUROPE_NW_T3) [route via Italy]	YES
MAGHREB_T0	AFRICA_W_T0	SICILY_T2	EUROPE_NW_T4	-0.000311247340639276	8.89594795074689e-05	-3.49875406603682	0.000467437515909794	C_route	f4(MAGHREB_T0, Africa; SICILY_T2, EUROPE_NW_T4) [route via Italy]	YES
MAGHREB_T0	AFRICA_W_T0	SICILY_T2	GREECE_T0	-0.00107071670982802	0.000112650909404874	-9.50473205662109	2.00563672311849e-21	C_route	f4(MAGHREB_T0, Africa; SICILY_T2, GREECE_T0) [route via Italy]	PARTIAL
MAGHREB_T0	AFRICA_W_T0	SICILY_T2	GREECE_T1	0.00108118243046024	9.70142736595831e-05	11.1445706871346	7.61104540793669e-29	C_route	f4(MAGHREB_T0, Africa; SICILY_T2, GREECE_T1) [route via Italy]	YES
MAGHREB_T0	AFRICA_W_T0	SICILY_T2	GREECE_T2	-0.000689065790870734	9.42944161223232e-05	-7.30759910509276	2.71957734042225e-13	C_route	f4(MAGHREB_T0, Africa; SICILY_T2, GREECE_T2) [route via Italy]	YES
MAGHREB_T0	AFRICA_W_T0	SICILY_T2	LEVANT_T0	0.00129981441002354	0.000106923245273633	12.1565185072443	5.29683369267706e-34	C_route	f4(MAGHREB_T0, Africa; SICILY_T2, LEVANT_T0) [route via Italy]	YES
MAGHREB_T0	AFRICA_W_T0	SICILY_T2	LEVANT_T1	0.00147883151924221	9.71763828747952e-05	15.2180136314353	2.685620612302e-52	C_route	f4(MAGHREB_T0, Africa; SICILY_T2, LEVANT_T1) [route via Italy]	YES
MAGHREB_T0	AFRICA_W_T0	SICILY_T2	LEVANT_T2	0.000406042986352083	8.85452575113496e-05	4.58571128216593	4.52443471843397e-06	C_route	f4(MAGHREB_T0, Africa; SICILY_T2, LEVANT_T2) [route via Italy]	YES
MAGHREB_T0	AFRICA_W_T0	SICILY_T2	LEVANT_T3	-0.000470690349747931	9.91770878010127e-05	-4.74595856950667	2.0752118918261e-06	C_route	f4(MAGHREB_T0, Africa; SICILY_T2, LEVANT_T3) [route via Italy]	YES
MAGHREB_T0	AFRICA_W_T0	SICILY_T3	BALKANS_T0	0.00272865281060037	0.000140313314782792	19.4468558798171	3.09857479510265e-84	C_route	f4(MAGHREB_T0, Africa; SICILY_T3, BALKANS_T0) [route via Italy]	PARTIAL
MAGHREB_T0	AFRICA_W_T0	SICILY_T3	BALKANS_T1	0.00304742621138866	0.000146997856988742	20.7310927779175	1.81618938025624e-95	C_route	f4(MAGHREB_T0, Africa; SICILY_T3, BALKANS_T1) [route via Italy]	PARTIAL
MAGHREB_T0	AFRICA_W_T0	SICILY_T3	BALKANS_T2	-58.8997644692915	3.56943160590052	-16.5011606811365	3.59907630717887e-61	C_route	f4(MAGHREB_T0, Africa; SICILY_T3, BALKANS_T2) [route via Italy]	PARTIAL
MAGHREB_T0	AFRICA_W_T0	SICILY_T3	BALKANS_T4	-0.000173328474598514	0.000110128312650522	-1.57387751094079	0.115515770018851	C_route	f4(MAGHREB_T0, Africa; SICILY_T3, BALKANS_T4) [route via Italy]	PARTIAL
MAGHREB_T0	AFRICA_W_T0	SICILY_T3	EUROPE_NW_T0	0.00325645827839583	0.00015261007289378	21.3384229274459	4.99512729237113e-101	C_route	f4(MAGHREB_T0, Africa; SICILY_T3, EUROPE_NW_T0) [route via Italy]	PARTIAL
MAGHREB_T0	AFRICA_W_T0	SICILY_T3	EUROPE_NW_T1	0.00326000172356512	0.000150606755903584	21.6457867643875	6.65975133016228e-104	C_route	f4(MAGHREB_T0, Africa; SICILY_T3, EUROPE_NW_T1) [route via Italy]	PARTIAL
MAGHREB_T0	AFRICA_W_T0	SICILY_T3	EUROPE_NW_T2	0.00266172509987571	0.000141223473516451	18.8476110493463	3.07414917690416e-79	C_route	f4(MAGHREB_T0, Africa; SICILY_T3, EUROPE_NW_T2) [route via Italy]	PARTIAL
MAGHREB_T0	AFRICA_W_T0	SICILY_T3	EUROPE_NW_T3	-0.000255303644877195	0.00010967017434581	-2.32792230339833	0.0199162297095207	C_route	f4(MAGHREB_T0, Africa; SICILY_T3, EUROPE_NW_T3) [route via Italy]	PARTIAL
MAGHREB_T0	AFRICA_W_T0	SICILY_T3	EUROPE_NW_T4	0.000308668008863094	0.000104518052880488	2.9532506620272	0.00314446517362763	C_route	f4(MAGHREB_T0, Africa; SICILY_T3, EUROPE_NW_T4) [route via Italy]	PARTIAL
MAGHREB_T0	AFRICA_W_T0	SICILY_T3	GREECE_T0	-0.000450801360325652	0.000121300962983909	-3.71638731660729	0.00020209170950308	C_route	f4(MAGHREB_T0, Africa; SICILY_T3, GREECE_T0) [route via Italy]	PARTIAL
MAGHREB_T0	AFRICA_W_T0	SICILY_T3	GREECE_T1	0.00170109777996261	0.000118640782272296	14.3382212033832	1.26250028006624e-46	C_route	f4(MAGHREB_T0, Africa; SICILY_T3, GREECE_T1) [route via Italy]	PARTIAL
MAGHREB_T0	AFRICA_W_T0	SICILY_T3	GREECE_T2	-6.91504413683643e-05	0.000102238638764404	-0.676363087420525	0.498810147206457	C_route	f4(MAGHREB_T0, Africa; SICILY_T3, GREECE_T2) [route via Italy]	PARTIAL
MAGHREB_T0	AFRICA_W_T0	SICILY_T3	LEVANT_T0	0.00191972975952591	0.000135894248661898	14.1266446404377	2.60252215037687e-45	C_route	f4(MAGHREB_T0, Africa; SICILY_T3, LEVANT_T0) [route via Italy]	PARTIAL
MAGHREB_T0	AFRICA_W_T0	SICILY_T3	LEVANT_T1	0.00209874686874458	0.000129467746192612	16.2105770005622	4.24563745818702e-59	C_route	f4(MAGHREB_T0, Africa; SICILY_T3, LEVANT_T1) [route via Italy]	PARTIAL
MAGHREB_T0	AFRICA_W_T0	SICILY_T3	LEVANT_T2	0.00102595833585445	0.000107489145060869	9.54476226667793	1.36420127154088e-21	C_route	f4(MAGHREB_T0, Africa; SICILY_T3, LEVANT_T2) [route via Italy]	PARTIAL
MAGHREB_T0	AFRICA_W_T0	SICILY_T3	LEVANT_T3	0.000149224999754438	0.000103577569561008	1.44070767818648	0.14966728480326	C_route	f4(MAGHREB_T0, Africa; SICILY_T3, LEVANT_T3) [route via Italy]	PARTIAL
MAGHREB_T1	AFRICA_W_T0	IBERIA_T0	ANATOLIA_T0	-0.00103977736202892	6.77517225638417e-05	-15.3468771373178	3.71651343105551e-53	A	f4(MAGHREB_T1, Africa; IBERIA_T0, ANATOLIA_T0)	YES
MAGHREB_T1	AFRICA_W_T0	IBERIA_T0	ANATOLIA_T0	-0.00103977736202892	6.77517225638417e-05	-15.3468771373178	3.71651343105551e-53	A_cross	f4(MAGHREB_T1, Africa; IBERIA_T0, ANATOLIA_T0) [cross-layer]	YES
MAGHREB_T1	AFRICA_W_T0	IBERIA_T0	ANATOLIA_T0	-0.00103977736202892	6.77517225638417e-05	-15.3468771373178	3.71651343105551e-53	A	f4(MAGHREB_T1, Africa; IBERIA_T0, ANATOLIA_T0)	YES
MAGHREB_T1	AFRICA_W_T0	IBERIA_T0	ANATOLIA_T0	-0.00103977736202892	6.77517225638417e-05	-15.3468771373178	3.71651343105551e-53	A_cross	f4(MAGHREB_T1, Africa; IBERIA_T0, ANATOLIA_T0) [cross-layer]	YES
MAGHREB_T1	AFRICA_W_T0	IBERIA_T0	ANATOLIA_T1	-0.000620463967533406	4.71929072028639e-05	-13.1473987153678	1.76130147968929e-39	A	f4(MAGHREB_T1, Africa; IBERIA_T0, ANATOLIA_T1)	YES
MAGHREB_T1	AFRICA_W_T0	IBERIA_T0	ANATOLIA_T1	-0.000620463967533406	4.71929072028639e-05	-13.1473987153678	1.76130147968929e-39	A_cross	f4(MAGHREB_T1, Africa; IBERIA_T0, ANATOLIA_T1) [cross-layer]	YES
MAGHREB_T1	AFRICA_W_T0	IBERIA_T0	ANATOLIA_T1	-0.000620463967533406	4.71929072028639e-05	-13.1473987153678	1.76130147968929e-39	A	f4(MAGHREB_T1, Africa; IBERIA_T0, ANATOLIA_T1)	YES
MAGHREB_T1	AFRICA_W_T0	IBERIA_T0	ANATOLIA_T1	-0.000620463967533406	4.71929072028639e-05	-13.1473987153678	1.76130147968929e-39	A_cross	f4(MAGHREB_T1, Africa; IBERIA_T0, ANATOLIA_T1) [cross-layer]	YES
MAGHREB_T1	AFRICA_W_T0	IBERIA_T0	ANATOLIA_T2	-0.000416470867785405	5.17872937656699e-05	-8.04195078564785	8.84194049960473e-16	A_cross	f4(MAGHREB_T1, Africa; IBERIA_T0, ANATOLIA_T2) [cross-layer]	YES
MAGHREB_T1	AFRICA_W_T0	IBERIA_T0	BALKANS_T0	-0.000513228578787989	4.9138717275852e-05	-10.4444846597614	1.5529652960625e-25	A	f4(MAGHREB_T1, Africa; IBERIA_T0, BALKANS_T0)	YES
MAGHREB_T1	AFRICA_W_T0	IBERIA_T0	BALKANS_T0	-0.000513228578787989	4.9138717275852e-05	-10.4444846597614	1.5529652960625e-25	A_cross	f4(MAGHREB_T1, Africa; IBERIA_T0, BALKANS_T0) [cross-layer]	YES
MAGHREB_T1	AFRICA_W_T0	IBERIA_T0	BALKANS_T0	-0.000513228578787989	4.9138717275852e-05	-10.4444846597614	1.5529652960625e-25	A	f4(MAGHREB_T1, Africa; IBERIA_T0, BALKANS_T0)	YES
MAGHREB_T1	AFRICA_W_T0	IBERIA_T0	BALKANS_T0	-0.000513228578787989	4.9138717275852e-05	-10.4444846597614	1.5529652960625e-25	A_cross	f4(MAGHREB_T1, Africa; IBERIA_T0, BALKANS_T0) [cross-layer]	YES
MAGHREB_T1	AFRICA_W_T0	IBERIA_T0	BALKANS_T1	-0.000318342244251206	4.29094751455244e-05	-7.41892654644622	1.18073368604941e-13	A	f4(MAGHREB_T1, Africa; IBERIA_T0, BALKANS_T1)	YES
MAGHREB_T1	AFRICA_W_T0	IBERIA_T0	BALKANS_T1	-0.000318342244251206	4.29094751455244e-05	-7.41892654644622	1.18073368604941e-13	A_cross	f4(MAGHREB_T1, Africa; IBERIA_T0, BALKANS_T1) [cross-layer]	YES
MAGHREB_T1	AFRICA_W_T0	IBERIA_T0	BALKANS_T1	-0.000318342244251206	4.29094751455244e-05	-7.41892654644622	1.18073368604941e-13	A	f4(MAGHREB_T1, Africa; IBERIA_T0, BALKANS_T1)	YES
MAGHREB_T1	AFRICA_W_T0	IBERIA_T0	BALKANS_T1	-0.000318342244251206	4.29094751455244e-05	-7.41892654644622	1.18073368604941e-13	A_cross	f4(MAGHREB_T1, Africa; IBERIA_T0, BALKANS_T1) [cross-layer]	YES
MAGHREB_T1	AFRICA_W_T0	IBERIA_T0	BALKANS_T2	-50.5147063508155	3.02097983215133	-16.7212987697579	9.16988608744391e-63	A_cross	f4(MAGHREB_T1, Africa; IBERIA_T0, BALKANS_T2) [cross-layer]	YES
MAGHREB_T1	AFRICA_W_T0	IBERIA_T0	BALKANS_T4	-0.00222473608404164	0.000117732558028758	-18.8965237933437	1.21818995850841e-79	A_cross	f4(MAGHREB_T1, Africa; IBERIA_T0, BALKANS_T4) [cross-layer]	YES
MAGHREB_T1	AFRICA_W_T0	IBERIA_T0	EUROPE_CENTRAL_T0	0.000306999310953971	4.65819218506689e-05	6.59052479496534	4.38274593515917e-11	A	f4(MAGHREB_T1, Africa; IBERIA_T0, EUROPE_CENTRAL_T0)	YES
MAGHREB_T1	AFRICA_W_T0	IBERIA_T0	EUROPE_CENTRAL_T0	0.000306999310953971	4.65819218506689e-05	6.59052479496534	4.38274593515917e-11	A_cross	f4(MAGHREB_T1, Africa; IBERIA_T0, EUROPE_CENTRAL_T0) [cross-layer]	YES
MAGHREB_T1	AFRICA_W_T0	IBERIA_T0	EUROPE_CENTRAL_T0	0.000306999310953971	4.65819218506689e-05	6.59052479496534	4.38274593515917e-11	A	f4(MAGHREB_T1, Africa; IBERIA_T0, EUROPE_CENTRAL_T0)	YES
MAGHREB_T1	AFRICA_W_T0	IBERIA_T0	EUROPE_CENTRAL_T0	0.000306999310953971	4.65819218506689e-05	6.59052479496534	4.38274593515917e-11	A_cross	f4(MAGHREB_T1, Africa; IBERIA_T0, EUROPE_CENTRAL_T0) [cross-layer]	YES
MAGHREB_T1	AFRICA_W_T0	IBERIA_T0	EUROPE_CENTRAL_T1	6.05382767070708e-05	4.56157796806286e-05	1.32713453833124	0.184464182005026	A	f4(MAGHREB_T1, Africa; IBERIA_T0, EUROPE_CENTRAL_T1)	YES
MAGHREB_T1	AFRICA_W_T0	IBERIA_T0	EUROPE_CENTRAL_T1	6.05382767070708e-05	4.56157796806286e-05	1.32713453833124	0.184464182005026	A_cross	f4(MAGHREB_T1, Africa; IBERIA_T0, EUROPE_CENTRAL_T1) [cross-layer]	YES
MAGHREB_T1	AFRICA_W_T0	IBERIA_T0	EUROPE_CENTRAL_T1	6.05382767070708e-05	4.56157796806286e-05	1.32713453833124	0.184464182005026	A	f4(MAGHREB_T1, Africa; IBERIA_T0, EUROPE_CENTRAL_T1)	YES
MAGHREB_T1	AFRICA_W_T0	IBERIA_T0	EUROPE_CENTRAL_T1	6.05382767070708e-05	4.56157796806286e-05	1.32713453833124	0.184464182005026	A_cross	f4(MAGHREB_T1, Africa; IBERIA_T0, EUROPE_CENTRAL_T1) [cross-layer]	YES
MAGHREB_T1	AFRICA_W_T0	IBERIA_T0	EUROPE_CENTRAL_T2	-0.000205532797048856	4.47113490862514e-05	-4.59688202770103	4.28860276848802e-06	A_cross	f4(MAGHREB_T1, Africa; IBERIA_T0, EUROPE_CENTRAL_T2) [cross-layer]	YES
MAGHREB_T1	AFRICA_W_T0	IBERIA_T0	EUROPE_CENTRAL_T3	-0.0021588090237843	0.000114002533517662	-18.9365004195266	5.70664455007502e-80	A_cross	f4(MAGHREB_T1, Africa; IBERIA_T0, EUROPE_CENTRAL_T3) [cross-layer]	YES
MAGHREB_T1	AFRICA_W_T0	IBERIA_T0	EUROPE_CENTRAL_T4	-0.00175788762459448	0.000104003973106642	-16.9021199102847	4.34018308075857e-64	A_cross	f4(MAGHREB_T1, Africa; IBERIA_T0, EUROPE_CENTRAL_T4) [cross-layer]	YES
MAGHREB_T1	AFRICA_W_T0	IBERIA_T0	EUROPE_NW_T0	0.000329431286045563	4.72480911578472e-05	6.97237238526723	3.11640315391762e-12	A	f4(MAGHREB_T1, Africa; IBERIA_T0, EUROPE_NW_T0)	YES
MAGHREB_T1	AFRICA_W_T0	IBERIA_T0	EUROPE_NW_T0	0.000329431286045563	4.72480911578472e-05	6.97237238526723	3.11640315391762e-12	A_cross	f4(MAGHREB_T1, Africa; IBERIA_T0, EUROPE_NW_T0) [cross-layer]	YES
MAGHREB_T1	AFRICA_W_T0	IBERIA_T0	EUROPE_NW_T0	0.000329431286045563	4.72480911578472e-05	6.97237238526723	3.11640315391762e-12	A	f4(MAGHREB_T1, Africa; IBERIA_T0, EUROPE_NW_T0)	YES
MAGHREB_T1	AFRICA_W_T0	IBERIA_T0	EUROPE_NW_T0	0.000329431286045563	4.72480911578472e-05	6.97237238526723	3.11640315391762e-12	A_cross	f4(MAGHREB_T1, Africa; IBERIA_T0, EUROPE_NW_T0) [cross-layer]	YES
MAGHREB_T1	AFRICA_W_T0	IBERIA_T0	EUROPE_NW_T1	0.00010799591833921	4.67017915958667e-05	2.31245771626389	0.0207524729027141	A	f4(MAGHREB_T1, Africa; IBERIA_T0, EUROPE_NW_T1)	YES
MAGHREB_T1	AFRICA_W_T0	IBERIA_T0	EUROPE_NW_T1	0.00010799591833921	4.67017915958667e-05	2.31245771626389	0.0207524729027141	A_cross	f4(MAGHREB_T1, Africa; IBERIA_T0, EUROPE_NW_T1) [cross-layer]	YES
MAGHREB_T1	AFRICA_W_T0	IBERIA_T0	EUROPE_NW_T1	0.00010799591833921	4.67017915958667e-05	2.31245771626389	0.0207524729027141	A	f4(MAGHREB_T1, Africa; IBERIA_T0, EUROPE_NW_T1)	YES
MAGHREB_T1	AFRICA_W_T0	IBERIA_T0	EUROPE_NW_T1	0.00010799591833921	4.67017915958667e-05	2.31245771626389	0.0207524729027141	A_cross	f4(MAGHREB_T1, Africa; IBERIA_T0, EUROPE_NW_T1) [cross-layer]	YES
MAGHREB_T1	AFRICA_W_T0	IBERIA_T0	EUROPE_NW_T2	-0.000338561438001873	4.84959787587873e-05	-6.98122703504622	2.92612991662562e-12	A_cross	f4(MAGHREB_T1, Africa; IBERIA_T0, EUROPE_NW_T2) [cross-layer]	YES
MAGHREB_T1	AFRICA_W_T0	IBERIA_T0	EUROPE_NW_T3	-0.00219126709707092	0.000124842293357352	-17.5522816678685	5.71377704003029e-69	A_cross	f4(MAGHREB_T1, Africa; IBERIA_T0, EUROPE_NW_T3) [cross-layer]	YES
MAGHREB_T1	AFRICA_W_T0	IBERIA_T0	EUROPE_NW_T4	-0.00187164465329824	0.000109523625743876	-17.0889581182707	1.79349625753109e-65	A_cross	f4(MAGHREB_T1, Africa; IBERIA_T0, EUROPE_NW_T4) [cross-layer]	YES
MAGHREB_T1	AFRICA_W_T0	IBERIA_T0	GREECE_T0	-0.00218213716271339	0.000123282363550193	-17.7003190064973	4.16938811485502e-70	A	f4(MAGHREB_T1, Africa; IBERIA_T0, GREECE_T0)	PARTIAL
MAGHREB_T1	AFRICA_W_T0	IBERIA_T0	GREECE_T0	-0.00218213716271339	0.000123282363550193	-17.7003190064973	4.16938811485502e-70	A_cross	f4(MAGHREB_T1, Africa; IBERIA_T0, GREECE_T0) [cross-layer]	PARTIAL
MAGHREB_T1	AFRICA_W_T0	IBERIA_T0	GREECE_T0	-0.00218213716271339	0.000123282363550193	-17.7003190064973	4.16938811485502e-70	A	f4(MAGHREB_T1, Africa; IBERIA_T0, GREECE_T0)	PARTIAL
MAGHREB_T1	AFRICA_W_T0	IBERIA_T0	GREECE_T0	-0.00218213716271339	0.000123282363550193	-17.7003190064973	4.16938811485502e-70	A_cross	f4(MAGHREB_T1, Africa; IBERIA_T0, GREECE_T0) [cross-layer]	PARTIAL
MAGHREB_T1	AFRICA_W_T0	IBERIA_T0	GREECE_T1	-0.00117187059291104	7.38900770132921e-05	-15.8596477399832	1.20568238262416e-56	A	f4(MAGHREB_T1, Africa; IBERIA_T0, GREECE_T1)	YES
MAGHREB_T1	AFRICA_W_T0	IBERIA_T0	GREECE_T1	-0.00117187059291104	7.38900770132921e-05	-15.8596477399832	1.20568238262416e-56	A_cross	f4(MAGHREB_T1, Africa; IBERIA_T0, GREECE_T1) [cross-layer]	YES
MAGHREB_T1	AFRICA_W_T0	IBERIA_T0	GREECE_T1	-0.00117187059291104	7.38900770132921e-05	-15.8596477399832	1.20568238262416e-56	A	f4(MAGHREB_T1, Africa; IBERIA_T0, GREECE_T1)	YES
MAGHREB_T1	AFRICA_W_T0	IBERIA_T0	GREECE_T1	-0.00117187059291104	7.38900770132921e-05	-15.8596477399832	1.20568238262416e-56	A_cross	f4(MAGHREB_T1, Africa; IBERIA_T0, GREECE_T1) [cross-layer]	YES
MAGHREB_T1	AFRICA_W_T0	IBERIA_T0	GREECE_T2	-0.0022193010983174	0.000118813348031805	-18.6788869691924	7.35365124834492e-78	A_cross	f4(MAGHREB_T1, Africa; IBERIA_T0, GREECE_T2) [cross-layer]	YES
MAGHREB_T1	AFRICA_W_T0	IBERIA_T0	ITALY_T0	-0.000109117464406527	4.35539865693051e-05	-2.50533815619598	0.0122334370955917	A	f4(MAGHREB_T1, Africa; IBERIA_T0, ITALY_T0)	YES
MAGHREB_T1	AFRICA_W_T0	IBERIA_T0	ITALY_T0	-0.000109117464406527	4.35539865693051e-05	-2.50533815619598	0.0122334370955917	A_cross	f4(MAGHREB_T1, Africa; IBERIA_T0, ITALY_T0) [cross-layer]	YES
MAGHREB_T1	AFRICA_W_T0	IBERIA_T0	ITALY_T0	-0.000109117464406527	4.35539865693051e-05	-2.50533815619598	0.0122334370955917	A	f4(MAGHREB_T1, Africa; IBERIA_T0, ITALY_T0)	YES
MAGHREB_T1	AFRICA_W_T0	IBERIA_T0	ITALY_T0	-0.000109117464406527	4.35539865693051e-05	-2.50533815619598	0.0122334370955917	A_cross	f4(MAGHREB_T1, Africa; IBERIA_T0, ITALY_T0) [cross-layer]	YES
MAGHREB_T1	AFRICA_W_T0	IBERIA_T0	ITALY_T1	-0.000735654057613988	5.51922572840226e-05	-13.3289358655557	1.57122848943992e-40	A	f4(MAGHREB_T1, Africa; IBERIA_T0, ITALY_T1)	YES
MAGHREB_T1	AFRICA_W_T0	IBERIA_T0	ITALY_T1	-0.000735654057613988	5.51922572840226e-05	-13.3289358655557	1.57122848943992e-40	A_cross	f4(MAGHREB_T1, Africa; IBERIA_T0, ITALY_T1) [cross-layer]	YES
MAGHREB_T1	AFRICA_W_T0	IBERIA_T0	ITALY_T1	-0.000735654057613988	5.51922572840226e-05	-13.3289358655557	1.57122848943992e-40	A	f4(MAGHREB_T1, Africa; IBERIA_T0, ITALY_T1)	YES
MAGHREB_T1	AFRICA_W_T0	IBERIA_T0	ITALY_T1	-0.000735654057613988	5.51922572840226e-05	-13.3289358655557	1.57122848943992e-40	A_cross	f4(MAGHREB_T1, Africa; IBERIA_T0, ITALY_T1) [cross-layer]	YES
MAGHREB_T1	AFRICA_W_T0	IBERIA_T0	ITALY_T2	-0.00215339287296752	0.000100239489988898	-21.4824803398941	2.2705324736791e-102	A_cross	f4(MAGHREB_T1, Africa; IBERIA_T0, ITALY_T2) [cross-layer]	YES
MAGHREB_T1	AFRICA_W_T0	IBERIA_T0	ITALY_T3	-0.00209303164134983	0.000125347184509228	-16.6978751819969	1.35815911022963e-62	A_cross	f4(MAGHREB_T1, Africa; IBERIA_T0, ITALY_T3) [cross-layer]	PARTIAL
MAGHREB_T1	AFRICA_W_T0	IBERIA_T0	ITALY_T4	-0.00206583638530474	0.000124987826594421	-16.5283007281043	2.29523472654088e-61	A_cross	f4(MAGHREB_T1, Africa; IBERIA_T0, ITALY_T4) [cross-layer]	PARTIAL
MAGHREB_T1	AFRICA_W_T0	IBERIA_T0	LEVANT_T0	-0.000485158450266843	5.43890894653226e-05	-8.92014290064867	4.65686935653439e-19	A	f4(MAGHREB_T1, Africa; IBERIA_T0, LEVANT_T0)	YES
MAGHREB_T1	AFRICA_W_T0	IBERIA_T0	LEVANT_T0	-0.000485158450266843	5.43890894653226e-05	-8.92014290064867	4.65686935653439e-19	A_cross	f4(MAGHREB_T1, Africa; IBERIA_T0, LEVANT_T0) [cross-layer]	YES
MAGHREB_T1	AFRICA_W_T0	IBERIA_T0	LEVANT_T0	-0.000485158450266843	5.43890894653226e-05	-8.92014290064867	4.65686935653439e-19	A	f4(MAGHREB_T1, Africa; IBERIA_T0, LEVANT_T0)	YES
MAGHREB_T1	AFRICA_W_T0	IBERIA_T0	LEVANT_T0	-0.000485158450266843	5.43890894653226e-05	-8.92014290064867	4.65686935653439e-19	A_cross	f4(MAGHREB_T1, Africa; IBERIA_T0, LEVANT_T0) [cross-layer]	YES
MAGHREB_T1	AFRICA_W_T0	IBERIA_T0	LEVANT_T1	-0.000877560383909072	5.8125270274476e-05	-15.0977428537554	1.67572100016824e-51	A	f4(MAGHREB_T1, Africa; IBERIA_T0, LEVANT_T1)	YES
MAGHREB_T1	AFRICA_W_T0	IBERIA_T0	LEVANT_T1	-0.000877560383909072	5.8125270274476e-05	-15.0977428537554	1.67572100016824e-51	A_cross	f4(MAGHREB_T1, Africa; IBERIA_T0, LEVANT_T1) [cross-layer]	YES
MAGHREB_T1	AFRICA_W_T0	IBERIA_T0	LEVANT_T1	-0.000877560383909072	5.8125270274476e-05	-15.0977428537554	1.67572100016824e-51	A	f4(MAGHREB_T1, Africa; IBERIA_T0, LEVANT_T1)	YES
MAGHREB_T1	AFRICA_W_T0	IBERIA_T0	LEVANT_T1	-0.000877560383909072	5.8125270274476e-05	-15.0977428537554	1.67572100016824e-51	A_cross	f4(MAGHREB_T1, Africa; IBERIA_T0, LEVANT_T1) [cross-layer]	YES
MAGHREB_T1	AFRICA_W_T0	IBERIA_T0	LEVANT_T2	-0.0016211653592308	8.79970609401825e-05	-18.4229489247694	8.59886417609184e-76	A_cross	f4(MAGHREB_T1, Africa; IBERIA_T0, LEVANT_T2) [cross-layer]	YES
MAGHREB_T1	AFRICA_W_T0	IBERIA_T0	LEVANT_T3	-0.00222458440288538	0.000111019065321869	-20.0378592310771	2.57611372176071e-89	A_cross	f4(MAGHREB_T1, Africa; IBERIA_T0, LEVANT_T3) [cross-layer]	YES
MAGHREB_T1	AFRICA_W_T0	IBERIA_T0	MALTA_T1	-0.00244757196045295	0.000122968976277903	-19.9039793168772	3.75869711269336e-88	A	f4(MAGHREB_T1, Africa; IBERIA_T0, MALTA_T1)	PARTIAL
MAGHREB_T1	AFRICA_W_T0	IBERIA_T0	MALTA_T1	-0.00244757196045295	0.000122968976277903	-19.9039793168772	3.75869711269336e-88	A_cross	f4(MAGHREB_T1, Africa; IBERIA_T0, MALTA_T1) [cross-layer]	PARTIAL
MAGHREB_T1	AFRICA_W_T0	IBERIA_T0	MALTA_T1	-0.00244757196045295	0.000122968976277903	-19.9039793168772	3.75869711269336e-88	A	f4(MAGHREB_T1, Africa; IBERIA_T0, MALTA_T1)	PARTIAL
MAGHREB_T1	AFRICA_W_T0	IBERIA_T0	MALTA_T1	-0.00244757196045295	0.000122968976277903	-19.9039793168772	3.75869711269336e-88	A_cross	f4(MAGHREB_T1, Africa; IBERIA_T0, MALTA_T1) [cross-layer]	PARTIAL
MAGHREB_T1	AFRICA_W_T0	IBERIA_T0	SARDINIA_T0	-0.00139531803733795	9.33110663794388e-05	-14.9534036152159	1.47988038319349e-50	A	f4(MAGHREB_T1, Africa; IBERIA_T0, SARDINIA_T0)	YES
MAGHREB_T1	AFRICA_W_T0	IBERIA_T0	SARDINIA_T0	-0.00139531803733795	9.33110663794388e-05	-14.9534036152159	1.47988038319349e-50	A_cross	f4(MAGHREB_T1, Africa; IBERIA_T0, SARDINIA_T0) [cross-layer]	YES
MAGHREB_T1	AFRICA_W_T0	IBERIA_T0	SARDINIA_T0	-0.00139531803733795	9.33110663794388e-05	-14.9534036152159	1.47988038319349e-50	A	f4(MAGHREB_T1, Africa; IBERIA_T0, SARDINIA_T0)	YES
MAGHREB_T1	AFRICA_W_T0	IBERIA_T0	SARDINIA_T0	-0.00139531803733795	9.33110663794388e-05	-14.9534036152159	1.47988038319349e-50	A_cross	f4(MAGHREB_T1, Africa; IBERIA_T0, SARDINIA_T0) [cross-layer]	YES
MAGHREB_T1	AFRICA_W_T0	IBERIA_T0	SARDINIA_T1	-0.00104488138599426	6.53349957215169e-05	-15.9926755095837	1.43723453397787e-57	A	f4(MAGHREB_T1, Africa; IBERIA_T0, SARDINIA_T1)	YES
MAGHREB_T1	AFRICA_W_T0	IBERIA_T0	SARDINIA_T1	-0.00104488138599426	6.53349957215169e-05	-15.9926755095837	1.43723453397787e-57	A_cross	f4(MAGHREB_T1, Africa; IBERIA_T0, SARDINIA_T1) [cross-layer]	YES
MAGHREB_T1	AFRICA_W_T0	IBERIA_T0	SARDINIA_T1	-0.00104488138599426	6.53349957215169e-05	-15.9926755095837	1.43723453397787e-57	A	f4(MAGHREB_T1, Africa; IBERIA_T0, SARDINIA_T1)	YES
MAGHREB_T1	AFRICA_W_T0	IBERIA_T0	SARDINIA_T1	-0.00104488138599426	6.53349957215169e-05	-15.9926755095837	1.43723453397787e-57	A_cross	f4(MAGHREB_T1, Africa; IBERIA_T0, SARDINIA_T1) [cross-layer]	YES
MAGHREB_T1	AFRICA_W_T0	IBERIA_T0	SARDINIA_T2	-0.00247949183095444	0.000126627992409998	-19.5809140124903	2.24947776527265e-85	A_cross	f4(MAGHREB_T1, Africa; IBERIA_T0, SARDINIA_T2) [cross-layer]	PARTIAL
MAGHREB_T1	AFRICA_W_T0	IBERIA_T0	SICILY_T0	-0.00238016772246005	0.000116697481407802	-20.396050486664	1.81279276859627e-92	A	f4(MAGHREB_T1, Africa; IBERIA_T0, SICILY_T0)	YES
MAGHREB_T1	AFRICA_W_T0	IBERIA_T0	SICILY_T0	-0.00238016772246005	0.000116697481407802	-20.396050486664	1.81279276859627e-92	A_cross	f4(MAGHREB_T1, Africa; IBERIA_T0, SICILY_T0) [cross-layer]	YES
MAGHREB_T1	AFRICA_W_T0	IBERIA_T0	SICILY_T0	-0.00238016772246005	0.000116697481407802	-20.396050486664	1.81279276859627e-92	A	f4(MAGHREB_T1, Africa; IBERIA_T0, SICILY_T0)	YES
MAGHREB_T1	AFRICA_W_T0	IBERIA_T0	SICILY_T0	-0.00238016772246005	0.000116697481407802	-20.396050486664	1.81279276859627e-92	A_cross	f4(MAGHREB_T1, Africa; IBERIA_T0, SICILY_T0) [cross-layer]	YES
MAGHREB_T1	AFRICA_W_T0	IBERIA_T0	SICILY_T1	-0.000901621360569574	6.31032212960485e-05	-14.2880401673889	2.59818820360767e-46	A	f4(MAGHREB_T1, Africa; IBERIA_T0, SICILY_T1)	YES
MAGHREB_T1	AFRICA_W_T0	IBERIA_T0	SICILY_T1	-0.000901621360569574	6.31032212960485e-05	-14.2880401673889	2.59818820360767e-46	A_cross	f4(MAGHREB_T1, Africa; IBERIA_T0, SICILY_T1) [cross-layer]	YES
MAGHREB_T1	AFRICA_W_T0	IBERIA_T0	SICILY_T1	-0.000901621360569574	6.31032212960485e-05	-14.2880401673889	2.59818820360767e-46	A	f4(MAGHREB_T1, Africa; IBERIA_T0, SICILY_T1)	YES
MAGHREB_T1	AFRICA_W_T0	IBERIA_T0	SICILY_T1	-0.000901621360569574	6.31032212960485e-05	-14.2880401673889	2.59818820360767e-46	A_cross	f4(MAGHREB_T1, Africa; IBERIA_T0, SICILY_T1) [cross-layer]	YES
MAGHREB_T1	AFRICA_W_T0	IBERIA_T0	SICILY_T2	-0.00186717004580884	9.84792849328571e-05	-18.9600284677318	3.64946525048379e-80	A_cross	f4(MAGHREB_T1, Africa; IBERIA_T0, SICILY_T2) [cross-layer]	YES
MAGHREB_T1	AFRICA_W_T0	IBERIA_T0	SICILY_T3	-0.00220945132985679	0.000117243522356289	-18.8449757005981	3.23113602347644e-79	A_cross	f4(MAGHREB_T1, Africa; IBERIA_T0, SICILY_T3) [cross-layer]	PARTIAL
MAGHREB_T1	AFRICA_W_T0	IBERIA_T1	ANATOLIA_T1	-0.000442574108006082	5.67388138569342e-05	-7.80020021430169	6.18090327514643e-15	A	f4(MAGHREB_T1, Africa; IBERIA_T1, ANATOLIA_T1)	YES
MAGHREB_T1	AFRICA_W_T0	IBERIA_T1	BALKANS_T1	-0.000140452384723881	4.38799617578406e-05	-3.20083197654075	0.00137031414143184	A	f4(MAGHREB_T1, Africa; IBERIA_T1, BALKANS_T1)	YES
MAGHREB_T1	AFRICA_W_T0	IBERIA_T1	BALKANS_T1	-0.000140452384723881	4.38799617578406e-05	-3.20083197654075	0.00137031414143184	B	f4(MAGHREB_T1, Africa; IBERIA_T1, BALKANS_T1) [same-layer]	YES
MAGHREB_T1	AFRICA_W_T0	IBERIA_T1	BALKANS_T1	-0.000140452384723881	4.38799617578406e-05	-3.20083197654075	0.00137031414143184	A	f4(MAGHREB_T1, Africa; IBERIA_T1, BALKANS_T1)	YES
MAGHREB_T1	AFRICA_W_T0	IBERIA_T1	BALKANS_T1	-0.000140452384723881	4.38799617578406e-05	-3.20083197654075	0.00137031414143184	B	f4(MAGHREB_T1, Africa; IBERIA_T1, BALKANS_T1) [same-layer]	YES
MAGHREB_T1	AFRICA_W_T0	IBERIA_T1	EUROPE_CENTRAL_T1	0.000238428136234396	3.92891121226748e-05	6.06855495970327	1.29066249309238e-09	A	f4(MAGHREB_T1, Africa; IBERIA_T1, EUROPE_CENTRAL_T1)	YES
MAGHREB_T1	AFRICA_W_T0	IBERIA_T1	EUROPE_NW_T1	0.000285885777866535	3.69082310150536e-05	7.74585424454323	9.49413692720851e-15	A	f4(MAGHREB_T1, Africa; IBERIA_T1, EUROPE_NW_T1)	YES
MAGHREB_T1	AFRICA_W_T0	IBERIA_T1	GREECE_T1	-0.000993980733383714	7.75719604410692e-05	-12.8136600871243	1.37492946687985e-37	A	f4(MAGHREB_T1, Africa; IBERIA_T1, GREECE_T1)	YES
MAGHREB_T1	AFRICA_W_T0	IBERIA_T1	GREECE_T1	-0.000993980733383714	7.75719604410692e-05	-12.8136600871243	1.37492946687985e-37	B	f4(MAGHREB_T1, Africa; IBERIA_T1, GREECE_T1) [same-layer]	YES
MAGHREB_T1	AFRICA_W_T0	IBERIA_T1	GREECE_T1	-0.000993980733383714	7.75719604410692e-05	-12.8136600871243	1.37492946687985e-37	A	f4(MAGHREB_T1, Africa; IBERIA_T1, GREECE_T1)	YES
MAGHREB_T1	AFRICA_W_T0	IBERIA_T1	GREECE_T1	-0.000993980733383714	7.75719604410692e-05	-12.8136600871243	1.37492946687985e-37	B	f4(MAGHREB_T1, Africa; IBERIA_T1, GREECE_T1) [same-layer]	YES
MAGHREB_T1	AFRICA_W_T0	IBERIA_T1	ITALY_T1	-0.000557764198086662	5.93846208655699e-05	-9.39240143250696	5.86475790652302e-21	A	f4(MAGHREB_T1, Africa; IBERIA_T1, ITALY_T1)	YES
MAGHREB_T1	AFRICA_W_T0	IBERIA_T1	ITALY_T1	-0.000557764198086662	5.93846208655699e-05	-9.39240143250696	5.86475790652302e-21	B	f4(MAGHREB_T1, Africa; IBERIA_T1, ITALY_T1) [same-layer]	YES
MAGHREB_T1	AFRICA_W_T0	IBERIA_T1	ITALY_T1	-0.000557764198086662	5.93846208655699e-05	-9.39240143250696	5.86475790652302e-21	A	f4(MAGHREB_T1, Africa; IBERIA_T1, ITALY_T1)	YES
MAGHREB_T1	AFRICA_W_T0	IBERIA_T1	ITALY_T1	-0.000557764198086662	5.93846208655699e-05	-9.39240143250696	5.86475790652302e-21	B	f4(MAGHREB_T1, Africa; IBERIA_T1, ITALY_T1) [same-layer]	YES
MAGHREB_T1	AFRICA_W_T0	IBERIA_T1	LEVANT_T1	-0.000699670524381746	6.32410780388471e-05	-11.0635451842228	1.88496725485771e-28	A	f4(MAGHREB_T1, Africa; IBERIA_T1, LEVANT_T1)	YES
MAGHREB_T1	AFRICA_W_T0	IBERIA_T1	LEVANT_T1	-0.000699670524381746	6.32410780388471e-05	-11.0635451842228	1.88496725485771e-28	B	f4(MAGHREB_T1, Africa; IBERIA_T1, LEVANT_T1) [same-layer]	YES
MAGHREB_T1	AFRICA_W_T0	IBERIA_T1	LEVANT_T1	-0.000699670524381746	6.32410780388471e-05	-11.0635451842228	1.88496725485771e-28	A	f4(MAGHREB_T1, Africa; IBERIA_T1, LEVANT_T1)	YES
MAGHREB_T1	AFRICA_W_T0	IBERIA_T1	LEVANT_T1	-0.000699670524381746	6.32410780388471e-05	-11.0635451842228	1.88496725485771e-28	B	f4(MAGHREB_T1, Africa; IBERIA_T1, LEVANT_T1) [same-layer]	YES
MAGHREB_T1	AFRICA_W_T0	IBERIA_T1	MALTA_T1	-0.00226968210092563	0.000124752327967937	-18.1935049862073	5.81028949002676e-74	A	f4(MAGHREB_T1, Africa; IBERIA_T1, MALTA_T1)	PARTIAL
MAGHREB_T1	AFRICA_W_T0	IBERIA_T1	SARDINIA_T1	-0.000866991526466931	7.11607981491321e-05	-12.1835553987179	3.80332884713733e-34	A	f4(MAGHREB_T1, Africa; IBERIA_T1, SARDINIA_T1)	YES
MAGHREB_T1	AFRICA_W_T0	IBERIA_T1	SARDINIA_T1	-0.000866991526466931	7.11607981491321e-05	-12.1835553987179	3.80332884713733e-34	B	f4(MAGHREB_T1, Africa; IBERIA_T1, SARDINIA_T1) [same-layer]	YES
MAGHREB_T1	AFRICA_W_T0	IBERIA_T1	SARDINIA_T1	-0.000866991526466931	7.11607981491321e-05	-12.1835553987179	3.80332884713733e-34	A	f4(MAGHREB_T1, Africa; IBERIA_T1, SARDINIA_T1)	YES
MAGHREB_T1	AFRICA_W_T0	IBERIA_T1	SARDINIA_T1	-0.000866991526466931	7.11607981491321e-05	-12.1835553987179	3.80332884713733e-34	B	f4(MAGHREB_T1, Africa; IBERIA_T1, SARDINIA_T1) [same-layer]	YES
MAGHREB_T1	AFRICA_W_T0	IBERIA_T1	SICILY_T1	-0.00072373150104225	6.521565254467e-05	-11.097512219885	1.2898427069228e-28	A	f4(MAGHREB_T1, Africa; IBERIA_T1, SICILY_T1)	YES
MAGHREB_T1	AFRICA_W_T0	IBERIA_T1	SICILY_T1	-0.00072373150104225	6.521565254467e-05	-11.097512219885	1.2898427069228e-28	B	f4(MAGHREB_T1, Africa; IBERIA_T1, SICILY_T1) [same-layer]	YES
MAGHREB_T1	AFRICA_W_T0	IBERIA_T1	SICILY_T1	-0.00072373150104225	6.521565254467e-05	-11.097512219885	1.2898427069228e-28	A	f4(MAGHREB_T1, Africa; IBERIA_T1, SICILY_T1)	YES
MAGHREB_T1	AFRICA_W_T0	IBERIA_T1	SICILY_T1	-0.00072373150104225	6.521565254467e-05	-11.097512219885	1.2898427069228e-28	B	f4(MAGHREB_T1, Africa; IBERIA_T1, SICILY_T1) [same-layer]	YES
MAGHREB_T1	AFRICA_W_T0	IBERIA_T2	ANATOLIA_T0	0.000664270576881993	7.84900215845243e-05	8.46312134296782	2.60314610717365e-17	A_cross	f4(MAGHREB_T1, Africa; IBERIA_T2, ANATOLIA_T0) [cross-layer]	YES
MAGHREB_T1	AFRICA_W_T0	IBERIA_T2	ANATOLIA_T1	0.00108358397137751	7.87120199510159e-05	13.7664358258351	4.05742183576959e-43	A	f4(MAGHREB_T1, Africa; IBERIA_T2, ANATOLIA_T1)	YES
MAGHREB_T1	AFRICA_W_T0	IBERIA_T2	ANATOLIA_T1	0.00108358397137751	7.87120199510159e-05	13.7664358258351	4.05742183576959e-43	A_cross	f4(MAGHREB_T1, Africa; IBERIA_T2, ANATOLIA_T1) [cross-layer]	YES
MAGHREB_T1	AFRICA_W_T0	IBERIA_T2	ANATOLIA_T1	0.00108358397137751	7.87120199510159e-05	13.7664358258351	4.05742183576959e-43	A	f4(MAGHREB_T1, Africa; IBERIA_T2, ANATOLIA_T1)	YES
MAGHREB_T1	AFRICA_W_T0	IBERIA_T2	ANATOLIA_T1	0.00108358397137751	7.87120199510159e-05	13.7664358258351	4.05742183576959e-43	A_cross	f4(MAGHREB_T1, Africa; IBERIA_T2, ANATOLIA_T1) [cross-layer]	YES
MAGHREB_T1	AFRICA_W_T0	IBERIA_T2	ANATOLIA_T2	0.00128757707112551	8.34084896457119e-05	15.4370025952353	9.22907179245015e-54	A	f4(MAGHREB_T1, Africa; IBERIA_T2, ANATOLIA_T2)	YES
MAGHREB_T1	AFRICA_W_T0	IBERIA_T2	ANATOLIA_T2	0.00128757707112551	8.34084896457119e-05	15.4370025952353	9.22907179245015e-54	A_cross	f4(MAGHREB_T1, Africa; IBERIA_T2, ANATOLIA_T2) [cross-layer]	YES
MAGHREB_T1	AFRICA_W_T0	IBERIA_T2	ANATOLIA_T2	0.00128757707112551	8.34084896457119e-05	15.4370025952353	9.22907179245015e-54	A	f4(MAGHREB_T1, Africa; IBERIA_T2, ANATOLIA_T2)	YES
MAGHREB_T1	AFRICA_W_T0	IBERIA_T2	ANATOLIA_T2	0.00128757707112551	8.34084896457119e-05	15.4370025952353	9.22907179245015e-54	A_cross	f4(MAGHREB_T1, Africa; IBERIA_T2, ANATOLIA_T2) [cross-layer]	YES
MAGHREB_T1	AFRICA_W_T0	IBERIA_T2	BALKANS_T0	0.00119081936012293	8.5265687192498e-05	13.9659856072526	2.51403280864601e-44	A_cross	f4(MAGHREB_T1, Africa; IBERIA_T2, BALKANS_T0) [cross-layer]	YES
MAGHREB_T1	AFRICA_W_T0	IBERIA_T2	BALKANS_T1	0.00138570569465971	9.03235098990422e-05	15.341583782656	4.03235485468725e-53	A	f4(MAGHREB_T1, Africa; IBERIA_T2, BALKANS_T1)	YES
MAGHREB_T1	AFRICA_W_T0	IBERIA_T2	BALKANS_T1	0.00138570569465971	9.03235098990422e-05	15.341583782656	4.03235485468725e-53	A_cross	f4(MAGHREB_T1, Africa; IBERIA_T2, BALKANS_T1) [cross-layer]	YES
MAGHREB_T1	AFRICA_W_T0	IBERIA_T2	BALKANS_T1	0.00138570569465971	9.03235098990422e-05	15.341583782656	4.03235485468725e-53	A	f4(MAGHREB_T1, Africa; IBERIA_T2, BALKANS_T1)	YES
MAGHREB_T1	AFRICA_W_T0	IBERIA_T2	BALKANS_T1	0.00138570569465971	9.03235098990422e-05	15.341583782656	4.03235485468725e-53	A_cross	f4(MAGHREB_T1, Africa; IBERIA_T2, BALKANS_T1) [cross-layer]	YES
MAGHREB_T1	AFRICA_W_T0	IBERIA_T2	BALKANS_T2	-50.5130023028766	3.02096199934942	-16.7208334013321	9.24177489801888e-63	A	f4(MAGHREB_T1, Africa; IBERIA_T2, BALKANS_T2)	YES
MAGHREB_T1	AFRICA_W_T0	IBERIA_T2	BALKANS_T2	-50.5130023028766	3.02096199934942	-16.7208334013321	9.24177489801888e-63	A_cross	f4(MAGHREB_T1, Africa; IBERIA_T2, BALKANS_T2) [cross-layer]	YES
MAGHREB_T1	AFRICA_W_T0	IBERIA_T2	BALKANS_T2	-50.5130023028766	3.02096199934942	-16.7208334013321	9.24177489801888e-63	A	f4(MAGHREB_T1, Africa; IBERIA_T2, BALKANS_T2)	YES
MAGHREB_T1	AFRICA_W_T0	IBERIA_T2	BALKANS_T2	-50.5130023028766	3.02096199934942	-16.7208334013321	9.24177489801888e-63	A_cross	f4(MAGHREB_T1, Africa; IBERIA_T2, BALKANS_T2) [cross-layer]	YES
MAGHREB_T1	AFRICA_W_T0	IBERIA_T2	BALKANS_T4	-0.000520688145130722	8.84168592187929e-05	-5.88901426414896	3.88505917404011e-09	A_cross	f4(MAGHREB_T1, Africa; IBERIA_T2, BALKANS_T4) [cross-layer]	YES
MAGHREB_T1	AFRICA_W_T0	IBERIA_T2	EUROPE_CENTRAL_T0	0.00201104724986489	9.89797710299612e-05	20.3177601740071	8.95708333748388e-92	A_cross	f4(MAGHREB_T1, Africa; IBERIA_T2, EUROPE_CENTRAL_T0) [cross-layer]	YES
MAGHREB_T1	AFRICA_W_T0	IBERIA_T2	EUROPE_CENTRAL_T1	0.00176458621561799	9.65728595503531e-05	18.272071716981	1.38106683366195e-74	A	f4(MAGHREB_T1, Africa; IBERIA_T2, EUROPE_CENTRAL_T1)	YES
MAGHREB_T1	AFRICA_W_T0	IBERIA_T2	EUROPE_CENTRAL_T1	0.00176458621561799	9.65728595503531e-05	18.272071716981	1.38106683366195e-74	A_cross	f4(MAGHREB_T1, Africa; IBERIA_T2, EUROPE_CENTRAL_T1) [cross-layer]	YES
MAGHREB_T1	AFRICA_W_T0	IBERIA_T2	EUROPE_CENTRAL_T1	0.00176458621561799	9.65728595503531e-05	18.272071716981	1.38106683366195e-74	A	f4(MAGHREB_T1, Africa; IBERIA_T2, EUROPE_CENTRAL_T1)	YES
MAGHREB_T1	AFRICA_W_T0	IBERIA_T2	EUROPE_CENTRAL_T1	0.00176458621561799	9.65728595503531e-05	18.272071716981	1.38106683366195e-74	A_cross	f4(MAGHREB_T1, Africa; IBERIA_T2, EUROPE_CENTRAL_T1) [cross-layer]	YES
MAGHREB_T1	AFRICA_W_T0	IBERIA_T2	EUROPE_CENTRAL_T2	0.00149851514186206	9.72718206310082e-05	15.4054394391007	1.50462796315139e-53	A	f4(MAGHREB_T1, Africa; IBERIA_T2, EUROPE_CENTRAL_T2)	YES
MAGHREB_T1	AFRICA_W_T0	IBERIA_T2	EUROPE_CENTRAL_T2	0.00149851514186206	9.72718206310082e-05	15.4054394391007	1.50462796315139e-53	A_cross	f4(MAGHREB_T1, Africa; IBERIA_T2, EUROPE_CENTRAL_T2) [cross-layer]	YES
MAGHREB_T1	AFRICA_W_T0	IBERIA_T2	EUROPE_CENTRAL_T2	0.00149851514186206	9.72718206310082e-05	15.4054394391007	1.50462796315139e-53	A	f4(MAGHREB_T1, Africa; IBERIA_T2, EUROPE_CENTRAL_T2)	YES
MAGHREB_T1	AFRICA_W_T0	IBERIA_T2	EUROPE_CENTRAL_T2	0.00149851514186206	9.72718206310082e-05	15.4054394391007	1.50462796315139e-53	A_cross	f4(MAGHREB_T1, Africa; IBERIA_T2, EUROPE_CENTRAL_T2) [cross-layer]	YES
MAGHREB_T1	AFRICA_W_T0	IBERIA_T2	EUROPE_CENTRAL_T3	-0.000454761084873387	8.2653474158054e-05	-5.50202020551212	3.75463911874099e-08	A_cross	f4(MAGHREB_T1, Africa; IBERIA_T2, EUROPE_CENTRAL_T3) [cross-layer]	YES
MAGHREB_T1	AFRICA_W_T0	IBERIA_T2	EUROPE_CENTRAL_T4	-5.3839685683568e-05	7.65692594552982e-05	-0.703150142323109	0.481962186472664	A_cross	f4(MAGHREB_T1, Africa; IBERIA_T2, EUROPE_CENTRAL_T4) [cross-layer]	YES
MAGHREB_T1	AFRICA_W_T0	IBERIA_T2	EUROPE_NW_T0	0.00203347922495648	9.98778462822488e-05	20.3596623340274	3.81201661668349e-92	A_cross	f4(MAGHREB_T1, Africa; IBERIA_T2, EUROPE_NW_T0) [cross-layer]	YES
MAGHREB_T1	AFRICA_W_T0	IBERIA_T2	EUROPE_NW_T1	0.00181204385725013	9.90617419638534e-05	18.2920653455834	9.57187682410402e-75	A	f4(MAGHREB_T1, Africa; IBERIA_T2, EUROPE_NW_T1)	YES
MAGHREB_T1	AFRICA_W_T0	IBERIA_T2	EUROPE_NW_T1	0.00181204385725013	9.90617419638534e-05	18.2920653455834	9.57187682410402e-75	A_cross	f4(MAGHREB_T1, Africa; IBERIA_T2, EUROPE_NW_T1) [cross-layer]	YES
MAGHREB_T1	AFRICA_W_T0	IBERIA_T2	EUROPE_NW_T1	0.00181204385725013	9.90617419638534e-05	18.2920653455834	9.57187682410402e-75	A	f4(MAGHREB_T1, Africa; IBERIA_T2, EUROPE_NW_T1)	YES
MAGHREB_T1	AFRICA_W_T0	IBERIA_T2	EUROPE_NW_T1	0.00181204385725013	9.90617419638534e-05	18.2920653455834	9.57187682410402e-75	A_cross	f4(MAGHREB_T1, Africa; IBERIA_T2, EUROPE_NW_T1) [cross-layer]	YES
MAGHREB_T1	AFRICA_W_T0	IBERIA_T2	EUROPE_NW_T2	0.00136548650090904	8.32778323826884e-05	16.3967584390789	2.01718179481201e-60	A	f4(MAGHREB_T1, Africa; IBERIA_T2, EUROPE_NW_T2)	YES
MAGHREB_T1	AFRICA_W_T0	IBERIA_T2	EUROPE_NW_T2	0.00136548650090904	8.32778323826884e-05	16.3967584390789	2.01718179481201e-60	A_cross	f4(MAGHREB_T1, Africa; IBERIA_T2, EUROPE_NW_T2) [cross-layer]	YES
MAGHREB_T1	AFRICA_W_T0	IBERIA_T2	EUROPE_NW_T2	0.00136548650090904	8.32778323826884e-05	16.3967584390789	2.01718179481201e-60	A	f4(MAGHREB_T1, Africa; IBERIA_T2, EUROPE_NW_T2)	YES
MAGHREB_T1	AFRICA_W_T0	IBERIA_T2	EUROPE_NW_T2	0.00136548650090904	8.32778323826884e-05	16.3967584390789	2.01718179481201e-60	A_cross	f4(MAGHREB_T1, Africa; IBERIA_T2, EUROPE_NW_T2) [cross-layer]	YES
MAGHREB_T1	AFRICA_W_T0	IBERIA_T2	EUROPE_NW_T3	-0.000487219158160004	9.46698922229741e-05	-5.14650589241684	2.65383132005145e-07	A_cross	f4(MAGHREB_T1, Africa; IBERIA_T2, EUROPE_NW_T3) [cross-layer]	YES
MAGHREB_T1	AFRICA_W_T0	IBERIA_T2	EUROPE_NW_T4	-0.000167596714387322	9.02112874405362e-05	-1.85782421626335	0.063193981044954	A_cross	f4(MAGHREB_T1, Africa; IBERIA_T2, EUROPE_NW_T4) [cross-layer]	YES
MAGHREB_T1	AFRICA_W_T0	IBERIA_T2	GREECE_T0	-0.000478089223802475	9.20293647781559e-05	-5.19496385697051	2.04759617156234e-07	A_cross	f4(MAGHREB_T1, Africa; IBERIA_T2, GREECE_T0) [cross-layer]	PARTIAL
MAGHREB_T1	AFRICA_W_T0	IBERIA_T2	GREECE_T1	0.000532177345999877	7.31360163949793e-05	7.2765426971821	3.42483751648013e-13	A	f4(MAGHREB_T1, Africa; IBERIA_T2, GREECE_T1)	YES
MAGHREB_T1	AFRICA_W_T0	IBERIA_T2	GREECE_T1	0.000532177345999877	7.31360163949793e-05	7.2765426971821	3.42483751648013e-13	A_cross	f4(MAGHREB_T1, Africa; IBERIA_T2, GREECE_T1) [cross-layer]	YES
MAGHREB_T1	AFRICA_W_T0	IBERIA_T2	GREECE_T1	0.000532177345999877	7.31360163949793e-05	7.2765426971821	3.42483751648013e-13	A	f4(MAGHREB_T1, Africa; IBERIA_T2, GREECE_T1)	YES
MAGHREB_T1	AFRICA_W_T0	IBERIA_T2	GREECE_T1	0.000532177345999877	7.31360163949793e-05	7.2765426971821	3.42483751648013e-13	A_cross	f4(MAGHREB_T1, Africa; IBERIA_T2, GREECE_T1) [cross-layer]	YES
MAGHREB_T1	AFRICA_W_T0	IBERIA_T2	GREECE_T2	-0.000515253159406482	9.1185570868339e-05	-5.65059970014824	1.59889037731976e-08	A	f4(MAGHREB_T1, Africa; IBERIA_T2, GREECE_T2)	YES
MAGHREB_T1	AFRICA_W_T0	IBERIA_T2	GREECE_T2	-0.000515253159406482	9.1185570868339e-05	-5.65059970014824	1.59889037731976e-08	A_cross	f4(MAGHREB_T1, Africa; IBERIA_T2, GREECE_T2) [cross-layer]	YES
MAGHREB_T1	AFRICA_W_T0	IBERIA_T2	GREECE_T2	-0.000515253159406482	9.1185570868339e-05	-5.65059970014824	1.59889037731976e-08	A	f4(MAGHREB_T1, Africa; IBERIA_T2, GREECE_T2)	YES
MAGHREB_T1	AFRICA_W_T0	IBERIA_T2	GREECE_T2	-0.000515253159406482	9.1185570868339e-05	-5.65059970014824	1.59889037731976e-08	A_cross	f4(MAGHREB_T1, Africa; IBERIA_T2, GREECE_T2) [cross-layer]	YES
MAGHREB_T1	AFRICA_W_T0	IBERIA_T2	ITALY_T0	0.00159493047450439	8.4230680586143e-05	18.9352675700305	5.84181215862536e-80	A_cross	f4(MAGHREB_T1, Africa; IBERIA_T2, ITALY_T0) [cross-layer]	YES
MAGHREB_T1	AFRICA_W_T0	IBERIA_T2	ITALY_T1	0.000968393881296932	8.15585833665671e-05	11.8735986002168	1.62331594138955e-32	A	f4(MAGHREB_T1, Africa; IBERIA_T2, ITALY_T1)	YES
MAGHREB_T1	AFRICA_W_T0	IBERIA_T2	ITALY_T1	0.000968393881296932	8.15585833665671e-05	11.8735986002168	1.62331594138955e-32	A_cross	f4(MAGHREB_T1, Africa; IBERIA_T2, ITALY_T1) [cross-layer]	YES
MAGHREB_T1	AFRICA_W_T0	IBERIA_T2	ITALY_T1	0.000968393881296932	8.15585833665671e-05	11.8735986002168	1.62331594138955e-32	A	f4(MAGHREB_T1, Africa; IBERIA_T2, ITALY_T1)	YES
MAGHREB_T1	AFRICA_W_T0	IBERIA_T2	ITALY_T1	0.000968393881296932	8.15585833665671e-05	11.8735986002168	1.62331594138955e-32	A_cross	f4(MAGHREB_T1, Africa; IBERIA_T2, ITALY_T1) [cross-layer]	YES
MAGHREB_T1	AFRICA_W_T0	IBERIA_T2	ITALY_T2	-0.000449344934056597	7.81274238783194e-05	-5.75143671390517	8.84882057239402e-09	A	f4(MAGHREB_T1, Africa; IBERIA_T2, ITALY_T2)	YES
MAGHREB_T1	AFRICA_W_T0	IBERIA_T2	ITALY_T2	-0.000449344934056597	7.81274238783194e-05	-5.75143671390517	8.84882057239402e-09	A_cross	f4(MAGHREB_T1, Africa; IBERIA_T2, ITALY_T2) [cross-layer]	YES
MAGHREB_T1	AFRICA_W_T0	IBERIA_T2	ITALY_T2	-0.000449344934056597	7.81274238783194e-05	-5.75143671390517	8.84882057239402e-09	A	f4(MAGHREB_T1, Africa; IBERIA_T2, ITALY_T2)	YES
MAGHREB_T1	AFRICA_W_T0	IBERIA_T2	ITALY_T2	-0.000449344934056597	7.81274238783194e-05	-5.75143671390517	8.84882057239402e-09	A_cross	f4(MAGHREB_T1, Africa; IBERIA_T2, ITALY_T2) [cross-layer]	YES
MAGHREB_T1	AFRICA_W_T0	IBERIA_T2	ITALY_T3	-0.000388983702438909	9.4173897798984e-05	-4.13048319683234	3.62001555188323e-05	A_cross	f4(MAGHREB_T1, Africa; IBERIA_T2, ITALY_T3) [cross-layer]	PARTIAL
MAGHREB_T1	AFRICA_W_T0	IBERIA_T2	ITALY_T4	-0.000361788446393823	8.62871910953452e-05	-4.1928406962982	2.75482903357259e-05	A_cross	f4(MAGHREB_T1, Africa; IBERIA_T2, ITALY_T4) [cross-layer]	PARTIAL
MAGHREB_T1	AFRICA_W_T0	IBERIA_T2	LEVANT_T0	0.00121888948864407	7.22126641970723e-05	16.8791652017942	6.40440453915701e-64	A_cross	f4(MAGHREB_T1, Africa; IBERIA_T2, LEVANT_T0) [cross-layer]	YES
MAGHREB_T1	AFRICA_W_T0	IBERIA_T2	LEVANT_T1	0.000826487555001846	7.78253765196013e-05	10.6197694372052	2.41156016794501e-26	A	f4(MAGHREB_T1, Africa; IBERIA_T2, LEVANT_T1)	YES
MAGHREB_T1	AFRICA_W_T0	IBERIA_T2	LEVANT_T1	0.000826487555001846	7.78253765196013e-05	10.6197694372052	2.41156016794501e-26	A_cross	f4(MAGHREB_T1, Africa; IBERIA_T2, LEVANT_T1) [cross-layer]	YES
MAGHREB_T1	AFRICA_W_T0	IBERIA_T2	LEVANT_T1	0.000826487555001846	7.78253765196013e-05	10.6197694372052	2.41156016794501e-26	A	f4(MAGHREB_T1, Africa; IBERIA_T2, LEVANT_T1)	YES
MAGHREB_T1	AFRICA_W_T0	IBERIA_T2	LEVANT_T1	0.000826487555001846	7.78253765196013e-05	10.6197694372052	2.41156016794501e-26	A_cross	f4(MAGHREB_T1, Africa; IBERIA_T2, LEVANT_T1) [cross-layer]	YES
MAGHREB_T1	AFRICA_W_T0	IBERIA_T2	LEVANT_T2	8.28825796801141e-05	7.37249522276311e-05	1.12421340639473	0.260922503393203	A	f4(MAGHREB_T1, Africa; IBERIA_T2, LEVANT_T2)	YES
MAGHREB_T1	AFRICA_W_T0	IBERIA_T2	LEVANT_T2	8.28825796801141e-05	7.37249522276311e-05	1.12421340639473	0.260922503393203	A_cross	f4(MAGHREB_T1, Africa; IBERIA_T2, LEVANT_T2) [cross-layer]	YES
MAGHREB_T1	AFRICA_W_T0	IBERIA_T2	LEVANT_T2	8.28825796801141e-05	7.37249522276311e-05	1.12421340639473	0.260922503393203	A	f4(MAGHREB_T1, Africa; IBERIA_T2, LEVANT_T2)	YES
MAGHREB_T1	AFRICA_W_T0	IBERIA_T2	LEVANT_T2	8.28825796801141e-05	7.37249522276311e-05	1.12421340639473	0.260922503393203	A_cross	f4(MAGHREB_T1, Africa; IBERIA_T2, LEVANT_T2) [cross-layer]	YES
MAGHREB_T1	AFRICA_W_T0	IBERIA_T2	LEVANT_T3	-0.00052053646397446	8.20086140087472e-05	-6.34733887733963	2.19071219879635e-10	A_cross	f4(MAGHREB_T1, Africa; IBERIA_T2, LEVANT_T3) [cross-layer]	YES
MAGHREB_T1	AFRICA_W_T0	IBERIA_T2	MALTA_T1	-0.000743524021542035	9.77256625170109e-05	-7.60827813689788	2.77771573096414e-14	A	f4(MAGHREB_T1, Africa; IBERIA_T2, MALTA_T1)	PARTIAL
MAGHREB_T1	AFRICA_W_T0	IBERIA_T2	MALTA_T1	-0.000743524021542035	9.77256625170109e-05	-7.60827813689788	2.77771573096414e-14	A_cross	f4(MAGHREB_T1, Africa; IBERIA_T2, MALTA_T1) [cross-layer]	PARTIAL
MAGHREB_T1	AFRICA_W_T0	IBERIA_T2	MALTA_T1	-0.000743524021542035	9.77256625170109e-05	-7.60827813689788	2.77771573096414e-14	A	f4(MAGHREB_T1, Africa; IBERIA_T2, MALTA_T1)	PARTIAL
MAGHREB_T1	AFRICA_W_T0	IBERIA_T2	MALTA_T1	-0.000743524021542035	9.77256625170109e-05	-7.60827813689788	2.77771573096414e-14	A_cross	f4(MAGHREB_T1, Africa; IBERIA_T2, MALTA_T1) [cross-layer]	PARTIAL
MAGHREB_T1	AFRICA_W_T0	IBERIA_T2	SARDINIA_T0	0.000308729901572964	7.0457064645173e-05	4.38181611918906	1.17694122380408e-05	A_cross	f4(MAGHREB_T1, Africa; IBERIA_T2, SARDINIA_T0) [cross-layer]	YES
MAGHREB_T1	AFRICA_W_T0	IBERIA_T2	SARDINIA_T1	0.000659166552916661	7.41273680840935e-05	8.89235069251174	5.98295188208438e-19	A	f4(MAGHREB_T1, Africa; IBERIA_T2, SARDINIA_T1)	YES
MAGHREB_T1	AFRICA_W_T0	IBERIA_T2	SARDINIA_T1	0.000659166552916661	7.41273680840935e-05	8.89235069251174	5.98295188208438e-19	A_cross	f4(MAGHREB_T1, Africa; IBERIA_T2, SARDINIA_T1) [cross-layer]	YES
MAGHREB_T1	AFRICA_W_T0	IBERIA_T2	SARDINIA_T1	0.000659166552916661	7.41273680840935e-05	8.89235069251174	5.98295188208438e-19	A	f4(MAGHREB_T1, Africa; IBERIA_T2, SARDINIA_T1)	YES
MAGHREB_T1	AFRICA_W_T0	IBERIA_T2	SARDINIA_T1	0.000659166552916661	7.41273680840935e-05	8.89235069251174	5.98295188208438e-19	A_cross	f4(MAGHREB_T1, Africa; IBERIA_T2, SARDINIA_T1) [cross-layer]	YES
MAGHREB_T1	AFRICA_W_T0	IBERIA_T2	SARDINIA_T2	-0.000775443892043519	9.65228475054174e-05	-8.03378590752823	9.45100540086422e-16	A	f4(MAGHREB_T1, Africa; IBERIA_T2, SARDINIA_T2)	PARTIAL
MAGHREB_T1	AFRICA_W_T0	IBERIA_T2	SARDINIA_T2	-0.000775443892043519	9.65228475054174e-05	-8.03378590752823	9.45100540086422e-16	A_cross	f4(MAGHREB_T1, Africa; IBERIA_T2, SARDINIA_T2) [cross-layer]	PARTIAL
MAGHREB_T1	AFRICA_W_T0	IBERIA_T2	SARDINIA_T2	-0.000775443892043519	9.65228475054174e-05	-8.03378590752823	9.45100540086422e-16	A	f4(MAGHREB_T1, Africa; IBERIA_T2, SARDINIA_T2)	PARTIAL
MAGHREB_T1	AFRICA_W_T0	IBERIA_T2	SARDINIA_T2	-0.000775443892043519	9.65228475054174e-05	-8.03378590752823	9.45100540086422e-16	A_cross	f4(MAGHREB_T1, Africa; IBERIA_T2, SARDINIA_T2) [cross-layer]	PARTIAL
MAGHREB_T1	AFRICA_W_T0	IBERIA_T2	SICILY_T0	-0.000676119783549139	8.9750320173631e-05	-7.53334118743106	4.94581566745568e-14	A_cross	f4(MAGHREB_T1, Africa; IBERIA_T2, SICILY_T0) [cross-layer]	YES
MAGHREB_T1	AFRICA_W_T0	IBERIA_T2	SICILY_T1	0.000802426578341342	7.71787486162905e-05	10.3969887142219	2.55892296997069e-25	A	f4(MAGHREB_T1, Africa; IBERIA_T2, SICILY_T1)	YES
MAGHREB_T1	AFRICA_W_T0	IBERIA_T2	SICILY_T1	0.000802426578341342	7.71787486162905e-05	10.3969887142219	2.55892296997069e-25	A_cross	f4(MAGHREB_T1, Africa; IBERIA_T2, SICILY_T1) [cross-layer]	YES
MAGHREB_T1	AFRICA_W_T0	IBERIA_T2	SICILY_T1	0.000802426578341342	7.71787486162905e-05	10.3969887142219	2.55892296997069e-25	A	f4(MAGHREB_T1, Africa; IBERIA_T2, SICILY_T1)	YES
MAGHREB_T1	AFRICA_W_T0	IBERIA_T2	SICILY_T1	0.000802426578341342	7.71787486162905e-05	10.3969887142219	2.55892296997069e-25	A_cross	f4(MAGHREB_T1, Africa; IBERIA_T2, SICILY_T1) [cross-layer]	YES
MAGHREB_T1	AFRICA_W_T0	IBERIA_T2	SICILY_T2	-0.000163122106897925	7.18033073334446e-05	-2.27179099342053	0.0230991371089137	A	f4(MAGHREB_T1, Africa; IBERIA_T2, SICILY_T2)	YES
MAGHREB_T1	AFRICA_W_T0	IBERIA_T2	SICILY_T2	-0.000163122106897925	7.18033073334446e-05	-2.27179099342053	0.0230991371089137	A_cross	f4(MAGHREB_T1, Africa; IBERIA_T2, SICILY_T2) [cross-layer]	YES
MAGHREB_T1	AFRICA_W_T0	IBERIA_T2	SICILY_T2	-0.000163122106897925	7.18033073334446e-05	-2.27179099342053	0.0230991371089137	A	f4(MAGHREB_T1, Africa; IBERIA_T2, SICILY_T2)	YES
MAGHREB_T1	AFRICA_W_T0	IBERIA_T2	SICILY_T2	-0.000163122106897925	7.18033073334446e-05	-2.27179099342053	0.0230991371089137	A_cross	f4(MAGHREB_T1, Africa; IBERIA_T2, SICILY_T2) [cross-layer]	YES
MAGHREB_T1	AFRICA_W_T0	IBERIA_T2	SICILY_T3	-0.000505403390945868	8.78388252361308e-05	-5.75375854113746	8.72807973164946e-09	A_cross	f4(MAGHREB_T1, Africa; IBERIA_T2, SICILY_T3) [cross-layer]	PARTIAL
MAGHREB_T1	AFRICA_W_T0	ITALY_T0	BALKANS_T0	-0.00040411111438146	4.57383579053549e-05	-8.83527815357246	9.98494996111526e-19	C_route	f4(MAGHREB_T1, Africa; ITALY_T0, BALKANS_T0) [route via Italy]	YES
MAGHREB_T1	AFRICA_W_T0	ITALY_T0	BALKANS_T1	-0.000209224779844679	4.34443584679564e-05	-4.81592517930719	1.4651942101825e-06	C_route	f4(MAGHREB_T1, Africa; ITALY_T0, BALKANS_T1) [route via Italy]	YES
MAGHREB_T1	AFRICA_W_T0	ITALY_T0	BALKANS_T2	-50.5145972333511	3.02098188157888	-16.7212513061979	9.17719253410503e-63	C_route	f4(MAGHREB_T1, Africa; ITALY_T0, BALKANS_T2) [route via Italy]	YES
MAGHREB_T1	AFRICA_W_T0	ITALY_T0	BALKANS_T4	-0.00211561861963511	0.00011214423072248	-18.8651578953765	2.20611424454686e-79	C_route	f4(MAGHREB_T1, Africa; ITALY_T0, BALKANS_T4) [route via Italy]	YES
MAGHREB_T1	AFRICA_W_T0	ITALY_T0	EUROPE_NW_T0	0.00043854875045209	4.72112455123459e-05	9.28907394187278	1.55636514642382e-20	C_route	f4(MAGHREB_T1, Africa; ITALY_T0, EUROPE_NW_T0) [route via Italy]	YES
MAGHREB_T1	AFRICA_W_T0	ITALY_T0	EUROPE_NW_T1	0.000217113382745737	4.41834146392264e-05	4.91391135154553	8.92771292201108e-07	C_route	f4(MAGHREB_T1, Africa; ITALY_T0, EUROPE_NW_T1) [route via Italy]	YES
MAGHREB_T1	AFRICA_W_T0	ITALY_T0	EUROPE_NW_T2	-0.000229443973595346	5.02026282365249e-05	-4.57035780107651	4.86892205299417e-06	C_route	f4(MAGHREB_T1, Africa; ITALY_T0, EUROPE_NW_T2) [route via Italy]	YES
MAGHREB_T1	AFRICA_W_T0	ITALY_T0	EUROPE_NW_T3	-0.00208214963266439	0.000119300007642124	-17.4530553167308	3.26302253862931e-68	C_route	f4(MAGHREB_T1, Africa; ITALY_T0, EUROPE_NW_T3) [route via Italy]	YES
MAGHREB_T1	AFRICA_W_T0	ITALY_T0	EUROPE_NW_T4	-0.00176252718889171	0.000107362908785788	-16.4165372271008	1.45644864356159e-60	C_route	f4(MAGHREB_T1, Africa; ITALY_T0, EUROPE_NW_T4) [route via Italy]	YES
MAGHREB_T1	AFRICA_W_T0	ITALY_T0	GREECE_T0	-0.00207301969830686	0.000118584910851696	-17.4813109308605	1.98873892638274e-68	C_route	f4(MAGHREB_T1, Africa; ITALY_T0, GREECE_T0) [route via Italy]	PARTIAL
MAGHREB_T1	AFRICA_W_T0	ITALY_T0	GREECE_T1	-0.00106275312850451	7.00446564892203e-05	-15.1725082507624	5.37816528391744e-52	C_route	f4(MAGHREB_T1, Africa; ITALY_T0, GREECE_T1) [route via Italy]	YES
MAGHREB_T1	AFRICA_W_T0	ITALY_T0	GREECE_T2	-0.00211018363391087	0.000111866589297801	-18.8633947558135	2.28093627571909e-79	C_route	f4(MAGHREB_T1, Africa; ITALY_T0, GREECE_T2) [route via Italy]	YES
MAGHREB_T1	AFRICA_W_T0	ITALY_T0	LEVANT_T0	-0.000376040985860316	5.00607465282543e-05	-7.51169353113979	5.8367302727742e-14	C_route	f4(MAGHREB_T1, Africa; ITALY_T0, LEVANT_T0) [route via Italy]	YES
MAGHREB_T1	AFRICA_W_T0	ITALY_T0	LEVANT_T1	-0.000768442919502543	5.74580467630104e-05	-13.373982632442	8.58198914078755e-41	C_route	f4(MAGHREB_T1, Africa; ITALY_T0, LEVANT_T1) [route via Italy]	YES
MAGHREB_T1	AFRICA_W_T0	ITALY_T0	LEVANT_T2	-0.00151204789482428	8.59339830083975e-05	-17.5954592338227	2.66883506513869e-69	C_route	f4(MAGHREB_T1, Africa; ITALY_T0, LEVANT_T2) [route via Italy]	YES
MAGHREB_T1	AFRICA_W_T0	ITALY_T0	LEVANT_T3	-0.00211546693847885	0.000109013968939068	-19.4054666486024	6.93856923197569e-84	C_route	f4(MAGHREB_T1, Africa; ITALY_T0, LEVANT_T3) [route via Italy]	YES
MAGHREB_T1	AFRICA_W_T0	ITALY_T1	BALKANS_T0	0.000222425478825999	5.74511711471468e-05	3.87155691319698	0.000108142399815006	C_route	f4(MAGHREB_T1, Africa; ITALY_T1, BALKANS_T0) [route via Italy]	YES
MAGHREB_T1	AFRICA_W_T0	ITALY_T1	BALKANS_T1	0.000417311813362781	5.62867963794118e-05	7.41402673816806	1.22521201419274e-13	C_route	f4(MAGHREB_T1, Africa; ITALY_T1, BALKANS_T1) [route via Italy]	YES
MAGHREB_T1	AFRICA_W_T0	ITALY_T1	BALKANS_T2	-50.5139706967579	3.02097505529116	-16.7210816945622	9.20334965132407e-63	C_route	f4(MAGHREB_T1, Africa; ITALY_T1, BALKANS_T2) [route via Italy]	YES
MAGHREB_T1	AFRICA_W_T0	ITALY_T1	BALKANS_T4	-0.00148908202642766	0.000111275862731964	-13.3818960362904	7.7153788571133e-41	C_route	f4(MAGHREB_T1, Africa; ITALY_T1, BALKANS_T4) [route via Italy]	YES
MAGHREB_T1	AFRICA_W_T0	ITALY_T1	EUROPE_NW_T0	0.00106508534365955	6.30896437388715e-05	16.8820947550116	6.09434267790572e-64	C_route	f4(MAGHREB_T1, Africa; ITALY_T1, EUROPE_NW_T0) [route via Italy]	YES
MAGHREB_T1	AFRICA_W_T0	ITALY_T1	EUROPE_NW_T1	0.000843649975953198	6.27703375459256e-05	13.4402650827861	3.51176375096244e-41	C_route	f4(MAGHREB_T1, Africa; ITALY_T1, EUROPE_NW_T1) [route via Italy]	YES
MAGHREB_T1	AFRICA_W_T0	ITALY_T1	EUROPE_NW_T2	0.000397092619612114	6.07012327263931e-05	6.54175544345176	6.08008718527486e-11	C_route	f4(MAGHREB_T1, Africa; ITALY_T1, EUROPE_NW_T2) [route via Italy]	YES
MAGHREB_T1	AFRICA_W_T0	ITALY_T1	EUROPE_NW_T3	-0.00145561303945693	0.00011313438942302	-12.8662296838343	6.97233934326095e-38	C_route	f4(MAGHREB_T1, Africa; ITALY_T1, EUROPE_NW_T3) [route via Italy]	YES
MAGHREB_T1	AFRICA_W_T0	ITALY_T1	EUROPE_NW_T4	-0.00113599059568425	9.67438425615689e-05	-11.7422521744605	7.73974927560816e-32	C_route	f4(MAGHREB_T1, Africa; ITALY_T1, EUROPE_NW_T4) [route via Italy]	YES
MAGHREB_T1	AFRICA_W_T0	ITALY_T1	GREECE_T0	-0.00144648310509941	0.000117409731568373	-12.3199592212427	7.07300463010975e-35	C_route	f4(MAGHREB_T1, Africa; ITALY_T1, GREECE_T0) [route via Italy]	PARTIAL
MAGHREB_T1	AFRICA_W_T0	ITALY_T1	GREECE_T1	-0.000436216535297052	6.85848294631542e-05	-6.36024815854359	2.01428056964802e-10	C_route	f4(MAGHREB_T1, Africa; ITALY_T1, GREECE_T1) [route via Italy]	YES
MAGHREB_T1	AFRICA_W_T0	ITALY_T1	GREECE_T2	-0.00148364704070341	0.000108800770080159	-13.63636525376	2.43392802409751e-42	C_route	f4(MAGHREB_T1, Africa; ITALY_T1, GREECE_T2) [route via Italy]	YES
MAGHREB_T1	AFRICA_W_T0	ITALY_T1	LEVANT_T0	0.000250495607347144	5.76707830658361e-05	4.34354440898057	1.40202119938229e-05	C_route	f4(MAGHREB_T1, Africa; ITALY_T1, LEVANT_T0) [route via Italy]	YES
MAGHREB_T1	AFRICA_W_T0	ITALY_T1	LEVANT_T1	-0.000141906326295084	5.49728766888787e-05	-2.58138803792657	0.00984039048299258	C_route	f4(MAGHREB_T1, Africa; ITALY_T1, LEVANT_T1) [route via Italy]	YES
MAGHREB_T1	AFRICA_W_T0	ITALY_T1	LEVANT_T2	-0.000885511301616815	8.20798607246419e-05	-10.7884113569282	3.90481018833209e-27	C_route	f4(MAGHREB_T1, Africa; ITALY_T1, LEVANT_T2) [route via Italy]	YES
MAGHREB_T1	AFRICA_W_T0	ITALY_T1	LEVANT_T3	-0.00148893034527139	9.98937563181136e-05	-14.905139221413	3.05175852623445e-50	C_route	f4(MAGHREB_T1, Africa; ITALY_T1, LEVANT_T3) [route via Italy]	YES
MAGHREB_T1	AFRICA_W_T0	ITALY_T2	BALKANS_T0	0.00164016429417953	9.56706789396168e-05	17.1438554879989	6.98608661137287e-66	C_route	f4(MAGHREB_T1, Africa; ITALY_T2, BALKANS_T0) [route via Italy]	YES
MAGHREB_T1	AFRICA_W_T0	ITALY_T2	BALKANS_T1	0.00183505062871631	0.00010157903893678	18.065248971871	5.98513588148793e-73	C_route	f4(MAGHREB_T1, Africa; ITALY_T2, BALKANS_T1) [route via Italy]	YES
MAGHREB_T1	AFRICA_W_T0	ITALY_T2	BALKANS_T2	-50.5125529579426	3.02095962173045	-16.7206978188634	9.26282474365452e-63	C_route	f4(MAGHREB_T1, Africa; ITALY_T2, BALKANS_T2) [route via Italy]	YES
MAGHREB_T1	AFRICA_W_T0	ITALY_T2	BALKANS_T4	-7.13432110741251e-05	8.16462097693182e-05	-0.873809222445194	0.382222157181148	C_route	f4(MAGHREB_T1, Africa; ITALY_T2, BALKANS_T4) [route via Italy]	YES
MAGHREB_T1	AFRICA_W_T0	ITALY_T2	EUROPE_NW_T0	0.00248282415901308	0.000108835081150342	22.8127193251538	3.42870353639138e-115	C_route	f4(MAGHREB_T1, Africa; ITALY_T2, EUROPE_NW_T0) [route via Italy]	YES
MAGHREB_T1	AFRICA_W_T0	ITALY_T2	EUROPE_NW_T1	0.00226138879130673	0.000109928376608391	20.5714744552511	4.9439872755441e-94	C_route	f4(MAGHREB_T1, Africa; ITALY_T2, EUROPE_NW_T1) [route via Italy]	YES
MAGHREB_T1	AFRICA_W_T0	ITALY_T2	EUROPE_NW_T2	0.00181483143496564	9.23402414383964e-05	19.6537436625221	5.37020730328435e-86	C_route	f4(MAGHREB_T1, Africa; ITALY_T2, EUROPE_NW_T2) [route via Italy]	YES
MAGHREB_T1	AFRICA_W_T0	ITALY_T2	EUROPE_NW_T3	-3.78742241034062e-05	8.84852190386616e-05	-0.428028822382843	0.668630136336105	C_route	f4(MAGHREB_T1, Africa; ITALY_T2, EUROPE_NW_T3) [route via Italy]	YES
MAGHREB_T1	AFRICA_W_T0	ITALY_T2	EUROPE_NW_T4	0.000281748219669276	7.54129228854432e-05	3.73607345915061	0.000186916085065515	C_route	f4(MAGHREB_T1, Africa; ITALY_T2, EUROPE_NW_T4) [route via Italy]	YES
MAGHREB_T1	AFRICA_W_T0	ITALY_T2	GREECE_T0	-2.87442897458771e-05	9.67537997644023e-05	-0.297086934217262	0.766400139282266	C_route	f4(MAGHREB_T1, Africa; ITALY_T2, GREECE_T0) [route via Italy]	PARTIAL
MAGHREB_T1	AFRICA_W_T0	ITALY_T2	GREECE_T1	0.000981522280056474	7.79130506834772e-05	12.5976620276868	2.17496293525798e-36	C_route	f4(MAGHREB_T1, Africa; ITALY_T2, GREECE_T1) [route via Italy]	YES
MAGHREB_T1	AFRICA_W_T0	ITALY_T2	GREECE_T2	-6.59082253498846e-05	8.40810085890091e-05	-0.783865779632192	0.4331188711725	C_route	f4(MAGHREB_T1, Africa; ITALY_T2, GREECE_T2) [route via Italy]	YES
MAGHREB_T1	AFRICA_W_T0	ITALY_T2	LEVANT_T0	0.00166823442270067	8.68100485584729e-05	19.2170658858346	2.66415555744802e-82	C_route	f4(MAGHREB_T1, Africa; ITALY_T2, LEVANT_T0) [route via Italy]	YES
MAGHREB_T1	AFRICA_W_T0	ITALY_T2	LEVANT_T1	0.00127583248905844	8.60105856274738e-05	14.8334356724914	8.905581999886e-50	C_route	f4(MAGHREB_T1, Africa; ITALY_T2, LEVANT_T1) [route via Italy]	YES
MAGHREB_T1	AFRICA_W_T0	ITALY_T2	LEVANT_T2	0.000532227513736711	6.82740792939041e-05	7.79545501368967	6.41767988282197e-15	C_route	f4(MAGHREB_T1, Africa; ITALY_T2, LEVANT_T2) [route via Italy]	YES
MAGHREB_T1	AFRICA_W_T0	ITALY_T2	LEVANT_T3	-7.1191529917863e-05	7.92946444256597e-05	-0.897810065654642	0.369286817456073	C_route	f4(MAGHREB_T1, Africa; ITALY_T2, LEVANT_T3) [route via Italy]	YES
MAGHREB_T1	AFRICA_W_T0	ITALY_T3	BALKANS_T0	0.00157980306256184	0.000119923609636752	13.173411535452	1.24827095404814e-39	C_route	f4(MAGHREB_T1, Africa; ITALY_T3, BALKANS_T0) [route via Italy]	PARTIAL
MAGHREB_T1	AFRICA_W_T0	ITALY_T3	BALKANS_T1	0.00177468939709862	0.00012303037469902	14.4248068937463	3.61279637910069e-47	C_route	f4(MAGHREB_T1, Africa; ITALY_T3, BALKANS_T1) [route via Italy]	PARTIAL
MAGHREB_T1	AFRICA_W_T0	ITALY_T3	BALKANS_T2	-50.5126133191742	3.02096749260318	-16.7206742352753	9.26649108653507e-63	C_route	f4(MAGHREB_T1, Africa; ITALY_T3, BALKANS_T2) [route via Italy]	PARTIAL
MAGHREB_T1	AFRICA_W_T0	ITALY_T3	BALKANS_T4	-0.000131704442691814	8.33808681472896e-05	-1.57955230760085	0.114209428599154	C_route	f4(MAGHREB_T1, Africa; ITALY_T3, BALKANS_T4) [route via Italy]	PARTIAL
MAGHREB_T1	AFRICA_W_T0	ITALY_T3	EUROPE_NW_T0	0.00242246292739539	0.000128559799680131	18.8430826232049	3.34881614347944e-79	C_route	f4(MAGHREB_T1, Africa; ITALY_T3, EUROPE_NW_T0) [route via Italy]	PARTIAL
MAGHREB_T1	AFRICA_W_T0	ITALY_T3	EUROPE_NW_T1	0.00220102755968903	0.000129929784430415	16.9401309279306	2.27617497860023e-64	C_route	f4(MAGHREB_T1, Africa; ITALY_T3, EUROPE_NW_T1) [route via Italy]	PARTIAL
MAGHREB_T1	AFRICA_W_T0	ITALY_T3	EUROPE_NW_T2	0.00175447020334795	0.000119024465196131	14.7404166064254	3.54590571991115e-49	C_route	f4(MAGHREB_T1, Africa; ITALY_T3, EUROPE_NW_T2) [route via Italy]	PARTIAL
MAGHREB_T1	AFRICA_W_T0	ITALY_T3	EUROPE_NW_T3	-9.8235455721095e-05	9.67022643390569e-05	-1.01585476195948	0.309698553868237	C_route	f4(MAGHREB_T1, Africa; ITALY_T3, EUROPE_NW_T3) [route via Italy]	PARTIAL
MAGHREB_T1	AFRICA_W_T0	ITALY_T3	EUROPE_NW_T4	0.000221386988051587	9.5314534171534e-05	2.32269915575693	0.0201953196669697	C_route	f4(MAGHREB_T1, Africa; ITALY_T3, EUROPE_NW_T4) [route via Italy]	PARTIAL
MAGHREB_T1	AFRICA_W_T0	ITALY_T3	GREECE_T0	-8.91055213635659e-05	9.57337715560343e-05	-0.930763720213521	0.351975800309945	C_route	f4(MAGHREB_T1, Africa; ITALY_T3, GREECE_T0) [route via Italy]	PARTIAL
MAGHREB_T1	AFRICA_W_T0	ITALY_T3	GREECE_T1	0.000921161048438787	0.00010062152188991	9.15471194568719	5.45030217202526e-20	C_route	f4(MAGHREB_T1, Africa; ITALY_T3, GREECE_T1) [route via Italy]	PARTIAL
MAGHREB_T1	AFRICA_W_T0	ITALY_T3	GREECE_T2	-0.000126269456967573	9.80553270422593e-05	-1.28773683976552	0.19783758498076	C_route	f4(MAGHREB_T1, Africa; ITALY_T3, GREECE_T2) [route via Italy]	PARTIAL
MAGHREB_T1	AFRICA_W_T0	ITALY_T3	LEVANT_T0	0.00160787319108298	0.000112200079977666	14.3304103829787	1.41283255659216e-46	C_route	f4(MAGHREB_T1, Africa; ITALY_T3, LEVANT_T0) [route via Italy]	PARTIAL
MAGHREB_T1	AFRICA_W_T0	ITALY_T3	LEVANT_T1	0.00121547125744075	0.000109837595482223	11.0660767117528	1.83248758226233e-28	C_route	f4(MAGHREB_T1, Africa; ITALY_T3, LEVANT_T1) [route via Italy]	PARTIAL
MAGHREB_T1	AFRICA_W_T0	ITALY_T3	LEVANT_T2	0.000471866282119023	9.37891003441464e-05	5.03114200250961	4.87566841788862e-07	C_route	f4(MAGHREB_T1, Africa; ITALY_T3, LEVANT_T2) [route via Italy]	PARTIAL
MAGHREB_T1	AFRICA_W_T0	ITALY_T3	LEVANT_T3	-0.000131552761535552	9.16739703816604e-05	-1.43500669806125	0.151285188922422	C_route	f4(MAGHREB_T1, Africa; ITALY_T3, LEVANT_T3) [route via Italy]	PARTIAL
MAGHREB_T1	AFRICA_W_T0	ITALY_T4	BALKANS_T0	0.00155260780651675	0.000118781921417342	13.0710783929959	4.81776607237391e-39	C_route	f4(MAGHREB_T1, Africa; ITALY_T4, BALKANS_T0) [route via Italy]	PARTIAL
MAGHREB_T1	AFRICA_W_T0	ITALY_T4	BALKANS_T1	0.00174749414105354	0.00012362599999638	14.1353286614846	2.30057413586708e-45	C_route	f4(MAGHREB_T1, Africa; ITALY_T4, BALKANS_T1) [route via Italy]	PARTIAL
MAGHREB_T1	AFRICA_W_T0	ITALY_T4	BALKANS_T2	-50.5126405144303	3.02095919510626	-16.7207291631933	9.25795414039774e-63	C_route	f4(MAGHREB_T1, Africa; ITALY_T4, BALKANS_T2) [route via Italy]	PARTIAL
MAGHREB_T1	AFRICA_W_T0	ITALY_T4	BALKANS_T4	-0.000158899698736898	8.13367805796447e-05	-1.95360201872392	0.050748301715571	C_route	f4(MAGHREB_T1, Africa; ITALY_T4, BALKANS_T4) [route via Italy]	PARTIAL
MAGHREB_T1	AFRICA_W_T0	ITALY_T4	EUROPE_NW_T0	0.0023952676713503	0.00012969852808724	18.4679634123462	3.73927256704405e-76	C_route	f4(MAGHREB_T1, Africa; ITALY_T4, EUROPE_NW_T0) [route via Italy]	PARTIAL
MAGHREB_T1	AFRICA_W_T0	ITALY_T4	EUROPE_NW_T1	0.00217383230364395	0.000129580317752977	16.775945153862	3.65989094812448e-63	C_route	f4(MAGHREB_T1, Africa; ITALY_T4, EUROPE_NW_T1) [route via Italy]	PARTIAL
MAGHREB_T1	AFRICA_W_T0	ITALY_T4	EUROPE_NW_T2	0.00172727494730287	0.000117284918521916	14.727170117615	4.31395710611989e-49	C_route	f4(MAGHREB_T1, Africa; ITALY_T4, EUROPE_NW_T2) [route via Italy]	PARTIAL
MAGHREB_T1	AFRICA_W_T0	ITALY_T4	EUROPE_NW_T3	-0.00012543071176618	8.85411064506145e-05	-1.41663817851815	0.156588740266531	C_route	f4(MAGHREB_T1, Africa; ITALY_T4, EUROPE_NW_T3) [route via Italy]	PARTIAL
MAGHREB_T1	AFRICA_W_T0	ITALY_T4	EUROPE_NW_T4	0.000194191732006502	9.25367255674139e-05	2.09853688701176	0.0358577449502684	C_route	f4(MAGHREB_T1, Africa; ITALY_T4, EUROPE_NW_T4) [route via Italy]	PARTIAL
MAGHREB_T1	AFRICA_W_T0	ITALY_T4	GREECE_T0	-0.000116300777408651	9.67720148855392e-05	-1.20180175587136	0.229440345016179	C_route	f4(MAGHREB_T1, Africa; ITALY_T4, GREECE_T0) [route via Italy]	PARTIAL
MAGHREB_T1	AFRICA_W_T0	ITALY_T4	GREECE_T1	0.000893965792393701	9.60048759338386e-05	9.31167072190973	1.25837111369827e-20	C_route	f4(MAGHREB_T1, Africa; ITALY_T4, GREECE_T1) [route via Italy]	PARTIAL
MAGHREB_T1	AFRICA_W_T0	ITALY_T4	GREECE_T2	-0.000153464713012658	8.96895417252095e-05	-1.71106586186874	0.0870689552639892	C_route	f4(MAGHREB_T1, Africa; ITALY_T4, GREECE_T2) [route via Italy]	PARTIAL
MAGHREB_T1	AFRICA_W_T0	ITALY_T4	LEVANT_T0	0.0015806779350379	0.00010822425690298	14.6055790103963	2.58774385036007e-48	C_route	f4(MAGHREB_T1, Africa; ITALY_T4, LEVANT_T0) [route via Italy]	PARTIAL
MAGHREB_T1	AFRICA_W_T0	ITALY_T4	LEVANT_T1	0.00118827600139567	0.000109645400241194	10.8374450618242	2.28770917033074e-27	C_route	f4(MAGHREB_T1, Africa; ITALY_T4, LEVANT_T1) [route via Italy]	PARTIAL
MAGHREB_T1	AFRICA_W_T0	ITALY_T4	LEVANT_T2	0.000444671026073938	8.94205330850316e-05	4.97280670034803	6.59904526523565e-07	C_route	f4(MAGHREB_T1, Africa; ITALY_T4, LEVANT_T2) [route via Italy]	PARTIAL
MAGHREB_T1	AFRICA_W_T0	ITALY_T4	LEVANT_T3	-0.000158748017580637	8.49308200890572e-05	-1.86914499841372	0.061602643994928	C_route	f4(MAGHREB_T1, Africa; ITALY_T4, LEVANT_T3) [route via Italy]	PARTIAL
MAGHREB_T1	AFRICA_W_T0	LEVANT_T0	EUROPE_NW_T0	0.000814589736312406	6.39837217479024e-05	12.7312027818874	3.96680818218813e-37	C_route	f4(MAGHREB_T1, Africa; LEVANT_T0, EUROPE_NW_T0) [route via Levant]	YES
MAGHREB_T1	AFRICA_W_T0	LEVANT_T0	EUROPE_NW_T1	0.000593154368606053	6.33432912040899e-05	9.36412297704788	7.66844862050936e-21	C_route	f4(MAGHREB_T1, Africa; LEVANT_T0, EUROPE_NW_T1) [route via Levant]	YES
MAGHREB_T1	AFRICA_W_T0	LEVANT_T0	EUROPE_NW_T2	0.00014659701226497	5.40645668352823e-05	2.71151737350648	0.00669760311165759	C_route	f4(MAGHREB_T1, Africa; LEVANT_T0, EUROPE_NW_T2) [route via Levant]	YES
MAGHREB_T1	AFRICA_W_T0	LEVANT_T0	EUROPE_NW_T3	-0.00170610864680408	0.000109551674616275	-15.5735515023393	1.1011939107565e-54	C_route	f4(MAGHREB_T1, Africa; LEVANT_T0, EUROPE_NW_T3) [route via Levant]	YES
MAGHREB_T1	AFRICA_W_T0	LEVANT_T0	EUROPE_NW_T4	-0.0013864862030314	0.000100517252652493	-13.7935147096066	2.78836803230641e-43	C_route	f4(MAGHREB_T1, Africa; LEVANT_T0, EUROPE_NW_T4) [route via Levant]	YES
MAGHREB_T1	AFRICA_W_T0	LEVANT_T0	IBERIA_T0	0.000485158450266843	5.43890894653234e-05	8.92014290064854	4.65686935653999e-19	C_route	f4(MAGHREB_T1, Africa; LEVANT_T0, IBERIA_T0) [route via Levant]	YES
MAGHREB_T1	AFRICA_W_T0	LEVANT_T0	IBERIA_T1	0.000307268590739518	5.95454845186619e-05	5.16023327752448	2.46642320593526e-07	C_route	f4(MAGHREB_T1, Africa; LEVANT_T0, IBERIA_T1) [route via Levant]	YES
MAGHREB_T1	AFRICA_W_T0	LEVANT_T0	IBERIA_T2	-0.00121888948864408	7.22126641970718e-05	-16.8791652017943	6.40440453914391e-64	C_route	f4(MAGHREB_T1, Africa; LEVANT_T0, IBERIA_T2) [route via Levant]	YES
MAGHREB_T1	AFRICA_W_T0	LEVANT_T0	ITALY_T0	0.000376040985860316	5.00607465282546e-05	7.51169353113974	5.83673027277646e-14	C_route	f4(MAGHREB_T1, Africa; LEVANT_T0, ITALY_T0) [route via Levant]	YES
MAGHREB_T1	AFRICA_W_T0	LEVANT_T0	ITALY_T1	-0.000250495607347144	5.76707830658361e-05	-4.34354440898058	1.40202119938225e-05	C_route	f4(MAGHREB_T1, Africa; LEVANT_T0, ITALY_T1) [route via Levant]	YES
MAGHREB_T1	AFRICA_W_T0	LEVANT_T0	ITALY_T2	-0.00166823442270067	8.68100485584733e-05	-19.2170658858345	2.66415555745367e-82	C_route	f4(MAGHREB_T1, Africa; LEVANT_T0, ITALY_T2) [route via Levant]	YES
MAGHREB_T1	AFRICA_W_T0	LEVANT_T0	ITALY_T3	-0.00160787319108298	0.000112200079977664	-14.3304103829789	1.41283255658808e-46	C_route	f4(MAGHREB_T1, Africa; LEVANT_T0, ITALY_T3) [route via Levant]	PARTIAL
MAGHREB_T1	AFRICA_W_T0	LEVANT_T0	ITALY_T4	-0.0015806779350379	0.000108224256902977	-14.6055790103967	2.58774385034482e-48	C_route	f4(MAGHREB_T1, Africa; LEVANT_T0, ITALY_T4) [route via Levant]	PARTIAL
MAGHREB_T1	AFRICA_W_T0	LEVANT_T1	EUROPE_NW_T0	0.00120699166995463	6.79533366462225e-05	17.7620662873179	1.39021130540203e-70	C_route	f4(MAGHREB_T1, Africa; LEVANT_T1, EUROPE_NW_T0) [route via Levant]	YES
MAGHREB_T1	AFRICA_W_T0	LEVANT_T1	EUROPE_NW_T1	0.000985556302248281	6.78995008331341e-05	14.5149270636073	9.74613005693891e-48	C_route	f4(MAGHREB_T1, Africa; LEVANT_T1, EUROPE_NW_T1) [route via Levant]	YES
MAGHREB_T1	AFRICA_W_T0	LEVANT_T1	EUROPE_NW_T2	0.000538998945907198	5.55665407600217e-05	9.70006299717311	3.01312534549371e-22	C_route	f4(MAGHREB_T1, Africa; LEVANT_T1, EUROPE_NW_T2) [route via Levant]	YES
MAGHREB_T1	AFRICA_W_T0	LEVANT_T1	EUROPE_NW_T3	-0.00131370671316185	0.000109823379540168	-11.9619949655744	5.61954022174561e-33	C_route	f4(MAGHREB_T1, Africa; LEVANT_T1, EUROPE_NW_T3) [route via Levant]	YES
MAGHREB_T1	AFRICA_W_T0	LEVANT_T1	EUROPE_NW_T4	-0.000994084269389168	9.40510686898857e-05	-10.5696222619964	4.12151335154619e-26	C_route	f4(MAGHREB_T1, Africa; LEVANT_T1, EUROPE_NW_T4) [route via Levant]	YES
MAGHREB_T1	AFRICA_W_T0	LEVANT_T1	IBERIA_T0	0.000877560383909072	5.81252702744764e-05	15.0977428537553	1.67572100017054e-51	C_route	f4(MAGHREB_T1, Africa; LEVANT_T1, IBERIA_T0) [route via Levant]	YES
MAGHREB_T1	AFRICA_W_T0	LEVANT_T1	IBERIA_T1	0.000699670524381746	6.32410780388473e-05	11.0635451842228	1.88496725485834e-28	C_route	f4(MAGHREB_T1, Africa; LEVANT_T1, IBERIA_T1) [route via Levant]	YES
MAGHREB_T1	AFRICA_W_T0	LEVANT_T1	IBERIA_T2	-0.000826487555001846	7.78253765196008e-05	-10.6197694372052	2.41156016794322e-26	C_route	f4(MAGHREB_T1, Africa; LEVANT_T1, IBERIA_T2) [route via Levant]	YES
MAGHREB_T1	AFRICA_W_T0	LEVANT_T1	ITALY_T0	0.000768442919502543	5.74580467630104e-05	13.373982632442	8.58198914079001e-41	C_route	f4(MAGHREB_T1, Africa; LEVANT_T1, ITALY_T0) [route via Levant]	YES
MAGHREB_T1	AFRICA_W_T0	LEVANT_T1	ITALY_T1	0.000141906326295084	5.49728766888789e-05	2.58138803792655	0.00984039048299289	C_route	f4(MAGHREB_T1, Africa; LEVANT_T1, ITALY_T1) [route via Levant]	YES
MAGHREB_T1	AFRICA_W_T0	LEVANT_T1	ITALY_T2	-0.00127583248905844	8.6010585627473e-05	-14.8334356724915	8.90558199986903e-50	C_route	f4(MAGHREB_T1, Africa; LEVANT_T1, ITALY_T2) [route via Levant]	YES
MAGHREB_T1	AFRICA_W_T0	LEVANT_T1	ITALY_T3	-0.00121547125744075	0.000109837595482226	-11.0660767117525	1.83248758226741e-28	C_route	f4(MAGHREB_T1, Africa; LEVANT_T1, ITALY_T3) [route via Levant]	PARTIAL
MAGHREB_T1	AFRICA_W_T0	LEVANT_T1	ITALY_T4	-0.00118827600139567	0.000109645400241197	-10.837445061824	2.28770917033758e-27	C_route	f4(MAGHREB_T1, Africa; LEVANT_T1, ITALY_T4) [route via Levant]	PARTIAL
MAGHREB_T1	AFRICA_W_T0	LEVANT_T2	EUROPE_NW_T0	0.00195059664527637	9.77369750980078e-05	19.9576121863846	1.28717390223945e-88	C_route	f4(MAGHREB_T1, Africa; LEVANT_T2, EUROPE_NW_T0) [route via Levant]	YES
MAGHREB_T1	AFRICA_W_T0	LEVANT_T2	EUROPE_NW_T1	0.00172916127757001	9.80282014428509e-05	17.6394267376015	1.22699394164094e-69	C_route	f4(MAGHREB_T1, Africa; LEVANT_T2, EUROPE_NW_T1) [route via Levant]	YES
MAGHREB_T1	AFRICA_W_T0	LEVANT_T2	EUROPE_NW_T2	0.00128260392122893	8.30193864881764e-05	15.4494507305423	7.60890801626614e-54	C_route	f4(MAGHREB_T1, Africa; LEVANT_T2, EUROPE_NW_T2) [route via Levant]	YES
MAGHREB_T1	AFRICA_W_T0	LEVANT_T2	EUROPE_NW_T3	-0.000570101737840118	9.20950649661093e-05	-6.19036142761736	6.00264178634145e-10	C_route	f4(MAGHREB_T1, Africa; LEVANT_T2, EUROPE_NW_T3) [route via Levant]	YES
MAGHREB_T1	AFRICA_W_T0	LEVANT_T2	EUROPE_NW_T4	-0.000250479294067436	8.04164612238918e-05	-3.11477638104546	0.00184084408965193	C_route	f4(MAGHREB_T1, Africa; LEVANT_T2, EUROPE_NW_T4) [route via Levant]	YES
MAGHREB_T1	AFRICA_W_T0	LEVANT_T2	IBERIA_T0	0.0016211653592308	8.7997060940184e-05	18.4229489247691	8.59886417614321e-76	C_route	f4(MAGHREB_T1, Africa; LEVANT_T2, IBERIA_T0) [route via Levant]	YES
MAGHREB_T1	AFRICA_W_T0	LEVANT_T2	IBERIA_T1	0.00144327549970348	9.18595286056274e-05	15.7117668859348	1.25628487066973e-55	C_route	f4(MAGHREB_T1, Africa; LEVANT_T2, IBERIA_T1) [route via Levant]	YES
MAGHREB_T1	AFRICA_W_T0	LEVANT_T2	IBERIA_T2	-8.28825796801141e-05	7.37249522276314e-05	-1.12421340639473	0.260922503393204	C_route	f4(MAGHREB_T1, Africa; LEVANT_T2, IBERIA_T2) [route via Levant]	YES
MAGHREB_T1	AFRICA_W_T0	LEVANT_T2	ITALY_T0	0.00151204789482428	8.59339830083984e-05	17.5954592338226	2.66883506514706e-69	C_route	f4(MAGHREB_T1, Africa; LEVANT_T2, ITALY_T0) [route via Levant]	YES
MAGHREB_T1	AFRICA_W_T0	LEVANT_T2	ITALY_T1	0.000885511301616815	8.20798607246415e-05	10.7884113569283	3.90481018832967e-27	C_route	f4(MAGHREB_T1, Africa; LEVANT_T2, ITALY_T1) [route via Levant]	YES
MAGHREB_T1	AFRICA_W_T0	LEVANT_T2	ITALY_T2	-0.000532227513736711	6.82740792939037e-05	-7.79545501368972	6.41767988281945e-15	C_route	f4(MAGHREB_T1, Africa; LEVANT_T2, ITALY_T2) [route via Levant]	YES
MAGHREB_T1	AFRICA_W_T0	LEVANT_T2	ITALY_T3	-0.000471866282119023	9.37891003441509e-05	-5.03114200250937	4.87566841789479e-07	C_route	f4(MAGHREB_T1, Africa; LEVANT_T2, ITALY_T3) [route via Levant]	PARTIAL
MAGHREB_T1	AFRICA_W_T0	LEVANT_T2	ITALY_T4	-0.000444671026073938	8.9420533085034e-05	-4.9728067003479	6.59904526524028e-07	C_route	f4(MAGHREB_T1, Africa; LEVANT_T2, ITALY_T4) [route via Levant]	PARTIAL
MAGHREB_T1	AFRICA_W_T0	LEVANT_T3	EUROPE_NW_T0	0.00255401568893094	0.000119249976698984	21.4173265239112	9.21268982458278e-102	C_route	f4(MAGHREB_T1, Africa; LEVANT_T3, EUROPE_NW_T0) [route via Levant]	YES
MAGHREB_T1	AFRICA_W_T0	LEVANT_T3	EUROPE_NW_T1	0.00233258032122459	0.000118781819322253	19.6375197360493	7.39214093202297e-86	C_route	f4(MAGHREB_T1, Africa; LEVANT_T3, EUROPE_NW_T1) [route via Levant]	YES
MAGHREB_T1	AFRICA_W_T0	LEVANT_T3	EUROPE_NW_T2	0.00188602296488351	0.000105490020321115	17.8786861462571	1.72862701076128e-71	C_route	f4(MAGHREB_T1, Africa; LEVANT_T3, EUROPE_NW_T2) [route via Levant]	YES
MAGHREB_T1	AFRICA_W_T0	LEVANT_T3	EUROPE_NW_T3	3.33173058144568e-05	7.60189344539051e-05	0.438276411709757	0.661185923066484	C_route	f4(MAGHREB_T1, Africa; LEVANT_T3, EUROPE_NW_T3) [route via Levant]	YES
MAGHREB_T1	AFRICA_W_T0	LEVANT_T3	EUROPE_NW_T4	0.000352939749587139	8.15350653071854e-05	4.32868666085481	1.50001168318285e-05	C_route	f4(MAGHREB_T1, Africa; LEVANT_T3, EUROPE_NW_T4) [route via Levant]	YES
MAGHREB_T1	AFRICA_W_T0	LEVANT_T3	IBERIA_T0	0.00222458440288538	0.000111019065321869	20.0378592310773	2.57611372175262e-89	C_route	f4(MAGHREB_T1, Africa; LEVANT_T3, IBERIA_T0) [route via Levant]	YES
MAGHREB_T1	AFRICA_W_T0	LEVANT_T3	IBERIA_T1	0.00204669454335805	0.000112510118983483	18.1912041498999	6.05941793673386e-74	C_route	f4(MAGHREB_T1, Africa; LEVANT_T3, IBERIA_T1) [route via Levant]	YES
MAGHREB_T1	AFRICA_W_T0	LEVANT_T3	IBERIA_T2	0.00052053646397446	8.20086140087482e-05	6.34733887733955	2.19071219879745e-10	C_route	f4(MAGHREB_T1, Africa; LEVANT_T3, IBERIA_T2) [route via Levant]	YES
MAGHREB_T1	AFRICA_W_T0	LEVANT_T3	ITALY_T0	0.00211546693847885	0.00010901396893907	19.4054666486019	6.938569232039e-84	C_route	f4(MAGHREB_T1, Africa; LEVANT_T3, ITALY_T0) [route via Levant]	YES
MAGHREB_T1	AFRICA_W_T0	LEVANT_T3	ITALY_T1	0.00148893034527139	9.98937563181117e-05	14.9051392214133	3.05175852622138e-50	C_route	f4(MAGHREB_T1, Africa; LEVANT_T3, ITALY_T1) [route via Levant]	YES
MAGHREB_T1	AFRICA_W_T0	LEVANT_T3	ITALY_T2	7.1191529917863e-05	7.92946444256592e-05	0.897810065654648	0.36928681745607	C_route	f4(MAGHREB_T1, Africa; LEVANT_T3, ITALY_T2) [route via Levant]	YES
MAGHREB_T1	AFRICA_W_T0	LEVANT_T3	ITALY_T3	0.000131552761535552	9.16739703816577e-05	1.43500669806129	0.151285188922411	C_route	f4(MAGHREB_T1, Africa; LEVANT_T3, ITALY_T3) [route via Levant]	PARTIAL
MAGHREB_T1	AFRICA_W_T0	LEVANT_T3	ITALY_T4	0.000158748017580637	8.49308200890561e-05	1.86914499841374	0.0616026439949251	C_route	f4(MAGHREB_T1, Africa; LEVANT_T3, ITALY_T4) [route via Levant]	PARTIAL
MAGHREB_T1	AFRICA_W_T0	SARDINIA_T0	BALKANS_T0	0.000882089458549963	8.62482825293933e-05	10.227327810839	1.49590067280822e-24	C_route	f4(MAGHREB_T1, Africa; SARDINIA_T0, BALKANS_T0) [route via Italy]	YES
MAGHREB_T1	AFRICA_W_T0	SARDINIA_T0	BALKANS_T1	0.00107697579308675	9.26810069859559e-05	11.6202426808973	3.2521115909025e-31	C_route	f4(MAGHREB_T1, Africa; SARDINIA_T0, BALKANS_T1) [route via Italy]	YES
MAGHREB_T1	AFRICA_W_T0	SARDINIA_T0	BALKANS_T2	-50.5133110327782	3.02095729803935	-16.7209616188756	9.22191234846833e-63	C_route	f4(MAGHREB_T1, Africa; SARDINIA_T0, BALKANS_T2) [route via Italy]	YES
MAGHREB_T1	AFRICA_W_T0	SARDINIA_T0	BALKANS_T4	-0.000829418046703687	8.45145439617893e-05	-9.81390903651664	9.80932667586551e-23	C_route	f4(MAGHREB_T1, Africa; SARDINIA_T0, BALKANS_T4) [route via Italy]	YES
MAGHREB_T1	AFRICA_W_T0	SARDINIA_T0	EUROPE_NW_T0	0.00172474932338351	0.000104236826150358	16.5464489574503	1.69828941784001e-61	C_route	f4(MAGHREB_T1, Africa; SARDINIA_T0, EUROPE_NW_T0) [route via Italy]	YES
MAGHREB_T1	AFRICA_W_T0	SARDINIA_T0	EUROPE_NW_T1	0.00150331395567716	0.000103202610710041	14.5666271941597	4.57948957760383e-48	C_route	f4(MAGHREB_T1, Africa; SARDINIA_T0, EUROPE_NW_T1) [route via Italy]	YES
MAGHREB_T1	AFRICA_W_T0	SARDINIA_T0	EUROPE_NW_T2	0.00105675659933608	8.63531815655181e-05	12.2376104756985	1.95709898745334e-34	C_route	f4(MAGHREB_T1, Africa; SARDINIA_T0, EUROPE_NW_T2) [route via Italy]	YES
MAGHREB_T1	AFRICA_W_T0	SARDINIA_T0	EUROPE_NW_T3	-0.000795949059732969	8.61174957186317e-05	-9.24259412203	2.40592165694416e-20	C_route	f4(MAGHREB_T1, Africa; SARDINIA_T0, EUROPE_NW_T3) [route via Italy]	YES
MAGHREB_T1	AFRICA_W_T0	SARDINIA_T0	EUROPE_NW_T4	-0.000476326615960286	8.41210799362774e-05	-5.66239302112037	1.49276440344943e-08	C_route	f4(MAGHREB_T1, Africa; SARDINIA_T0, EUROPE_NW_T4) [route via Italy]	YES
MAGHREB_T1	AFRICA_W_T0	SARDINIA_T0	GREECE_T0	-0.00078681912537544	9.30433596005726e-05	-8.45647802006709	2.75574180750139e-17	C_route	f4(MAGHREB_T1, Africa; SARDINIA_T0, GREECE_T0) [route via Italy]	PARTIAL
MAGHREB_T1	AFRICA_W_T0	SARDINIA_T0	GREECE_T1	0.000223447444426913	7.4240914149266e-05	3.00976149051261	0.00261452912691976	C_route	f4(MAGHREB_T1, Africa; SARDINIA_T0, GREECE_T1) [route via Italy]	YES
MAGHREB_T1	AFRICA_W_T0	SARDINIA_T0	GREECE_T2	-0.000823983060979446	8.20768961827232e-05	-10.0391596088753	1.02544049787148e-23	C_route	f4(MAGHREB_T1, Africa; SARDINIA_T0, GREECE_T2) [route via Italy]	YES
MAGHREB_T1	AFRICA_W_T0	SARDINIA_T0	LEVANT_T0	0.000910159587071109	7.79939491216993e-05	11.6696179296028	1.82239843244304e-31	C_route	f4(MAGHREB_T1, Africa; SARDINIA_T0, LEVANT_T0) [route via Italy]	YES
MAGHREB_T1	AFRICA_W_T0	SARDINIA_T0	LEVANT_T1	0.000517757653428882	8.01055670058383e-05	6.46344159065932	1.02348052295728e-10	C_route	f4(MAGHREB_T1, Africa; SARDINIA_T0, LEVANT_T1) [route via Italy]	YES
MAGHREB_T1	AFRICA_W_T0	SARDINIA_T0	LEVANT_T2	-0.00022584732189285	7.40670251207405e-05	-3.04922901283918	0.00229429512924683	C_route	f4(MAGHREB_T1, Africa; SARDINIA_T0, LEVANT_T2) [route via Italy]	YES
MAGHREB_T1	AFRICA_W_T0	SARDINIA_T0	LEVANT_T3	-0.000829266365547424	7.93635930467632e-05	-10.4489518898016	1.48153421619269e-25	C_route	f4(MAGHREB_T1, Africa; SARDINIA_T0, LEVANT_T3) [route via Italy]	YES
MAGHREB_T1	AFRICA_W_T0	SARDINIA_T1	BALKANS_T0	0.000531652807206269	6.8394240314622e-05	7.77335642242095	7.6433280001113e-15	C_route	f4(MAGHREB_T1, Africa; SARDINIA_T1, BALKANS_T0) [route via Italy]	YES
MAGHREB_T1	AFRICA_W_T0	SARDINIA_T1	BALKANS_T1	0.000726539141743049	6.59082800611276e-05	11.0234881121038	2.94424205536121e-28	C_route	f4(MAGHREB_T1, Africa; SARDINIA_T1, BALKANS_T1) [route via Italy]	YES
MAGHREB_T1	AFRICA_W_T0	SARDINIA_T1	BALKANS_T2	-50.5136614694295	3.02097154103785	-16.7209987857336	9.21616267981176e-63	C_route	f4(MAGHREB_T1, Africa; SARDINIA_T1, BALKANS_T2) [route via Italy]	YES
MAGHREB_T1	AFRICA_W_T0	SARDINIA_T1	BALKANS_T4	-0.00117985469804738	9.95031550671594e-05	-11.8574601704945	1.96856212145832e-32	C_route	f4(MAGHREB_T1, Africa; SARDINIA_T1, BALKANS_T4) [route via Italy]	YES
MAGHREB_T1	AFRICA_W_T0	SARDINIA_T1	EUROPE_NW_T0	0.00137431267203982	7.74804584271558e-05	17.7375392445812	2.1515297694055e-70	C_route	f4(MAGHREB_T1, Africa; SARDINIA_T1, EUROPE_NW_T0) [route via Italy]	YES
MAGHREB_T1	AFRICA_W_T0	SARDINIA_T1	EUROPE_NW_T1	0.00115287730433347	7.68996263454842e-05	14.9919753725977	8.28519140235194e-51	C_route	f4(MAGHREB_T1, Africa; SARDINIA_T1, EUROPE_NW_T1) [route via Italy]	YES
MAGHREB_T1	AFRICA_W_T0	SARDINIA_T1	EUROPE_NW_T2	0.000706319947992384	6.46905932503327e-05	10.9184336161386	9.41047145305109e-28	C_route	f4(MAGHREB_T1, Africa; SARDINIA_T1, EUROPE_NW_T2) [route via Italy]	YES
MAGHREB_T1	AFRICA_W_T0	SARDINIA_T1	EUROPE_NW_T3	-0.00114638571107667	0.000101131801202195	-11.3355610940288	8.74697119705007e-30	C_route	f4(MAGHREB_T1, Africa; SARDINIA_T1, EUROPE_NW_T3) [route via Italy]	YES
MAGHREB_T1	AFRICA_W_T0	SARDINIA_T1	EUROPE_NW_T4	-0.000826763267303984	9.02570465076406e-05	-9.16009662729209	5.18508681692187e-20	C_route	f4(MAGHREB_T1, Africa; SARDINIA_T1, EUROPE_NW_T4) [route via Italy]	YES
MAGHREB_T1	AFRICA_W_T0	SARDINIA_T1	GREECE_T0	-0.00113725577671914	0.000106241195133973	-10.7044708531848	9.69831474815572e-27	C_route	f4(MAGHREB_T1, Africa; SARDINIA_T1, GREECE_T0) [route via Italy]	PARTIAL
MAGHREB_T1	AFRICA_W_T0	SARDINIA_T1	GREECE_T1	-0.000126989206916783	6.58264230792238e-05	-1.92915247367988	0.0537119362952317	C_route	f4(MAGHREB_T1, Africa; SARDINIA_T1, GREECE_T1) [route via Italy]	YES
MAGHREB_T1	AFRICA_W_T0	SARDINIA_T1	GREECE_T2	-0.00117441971232314	0.000100413262757649	-11.6958624794182	1.33820682959179e-31	C_route	f4(MAGHREB_T1, Africa; SARDINIA_T1, GREECE_T2) [route via Italy]	YES
MAGHREB_T1	AFRICA_W_T0	SARDINIA_T1	LEVANT_T0	0.000559722935727413	6.13878862666795e-05	9.11780759636975	7.66593630240728e-20	C_route	f4(MAGHREB_T1, Africa; SARDINIA_T1, LEVANT_T0) [route via Italy]	YES
MAGHREB_T1	AFRICA_W_T0	SARDINIA_T1	LEVANT_T1	0.000167321002085185	6.02212386186322e-05	2.77843840351396	0.00546208681160575	C_route	f4(MAGHREB_T1, Africa; SARDINIA_T1, LEVANT_T1) [route via Italy]	YES
MAGHREB_T1	AFRICA_W_T0	SARDINIA_T1	LEVANT_T2	-0.000576283973236547	7.23198343156983e-05	-7.96854664684228	1.60551266210108e-15	C_route	f4(MAGHREB_T1, Africa; SARDINIA_T1, LEVANT_T2) [route via Italy]	YES
MAGHREB_T1	AFRICA_W_T0	SARDINIA_T1	LEVANT_T3	-0.00117970301689112	8.9563824073838e-05	-13.1716463548782	1.27780498703481e-39	C_route	f4(MAGHREB_T1, Africa; SARDINIA_T1, LEVANT_T3) [route via Italy]	YES
MAGHREB_T1	AFRICA_W_T0	SARDINIA_T2	BALKANS_T0	0.00196626325216645	0.000123112889455778	15.9712217043912	2.02774934939093e-57	C_route	f4(MAGHREB_T1, Africa; SARDINIA_T2, BALKANS_T0) [route via Italy]	PARTIAL
MAGHREB_T1	AFRICA_W_T0	SARDINIA_T2	BALKANS_T1	0.00216114958670323	0.000126962176867826	17.021995369165	5.64148978731407e-65	C_route	f4(MAGHREB_T1, Africa; SARDINIA_T2, BALKANS_T1) [route via Italy]	PARTIAL
MAGHREB_T1	AFRICA_W_T0	SARDINIA_T2	BALKANS_T2	-50.5122268589846	3.0209569347642	-16.7206047453726	9.27730250949726e-63	C_route	f4(MAGHREB_T1, Africa; SARDINIA_T2, BALKANS_T2) [route via Italy]	PARTIAL
MAGHREB_T1	AFRICA_W_T0	SARDINIA_T2	BALKANS_T4	0.000254755746912798	8.26146244272693e-05	3.0836640447004	0.00204468348275633	C_route	f4(MAGHREB_T1, Africa; SARDINIA_T2, BALKANS_T4) [route via Italy]	PARTIAL
MAGHREB_T1	AFRICA_W_T0	SARDINIA_T2	EUROPE_NW_T0	0.002808923117	0.000133516716212326	21.0379883259943	2.94613698966207e-98	C_route	f4(MAGHREB_T1, Africa; SARDINIA_T2, EUROPE_NW_T0) [route via Italy]	PARTIAL
MAGHREB_T1	AFRICA_W_T0	SARDINIA_T2	EUROPE_NW_T1	0.00258748774929365	0.00013209882974996	19.5875145464294	1.97604330692876e-85	C_route	f4(MAGHREB_T1, Africa; SARDINIA_T2, EUROPE_NW_T1) [route via Italy]	PARTIAL
MAGHREB_T1	AFRICA_W_T0	SARDINIA_T2	EUROPE_NW_T2	0.00214093039295256	0.000120225883097792	17.8075663724684	6.17363464641419e-71	C_route	f4(MAGHREB_T1, Africa; SARDINIA_T2, EUROPE_NW_T2) [route via Italy]	PARTIAL
MAGHREB_T1	AFRICA_W_T0	SARDINIA_T2	EUROPE_NW_T3	0.000288224733883517	9.30067613133441e-05	3.09896538502695	0.00194197707702085	C_route	f4(MAGHREB_T1, Africa; SARDINIA_T2, EUROPE_NW_T3) [route via Italy]	PARTIAL
MAGHREB_T1	AFRICA_W_T0	SARDINIA_T2	EUROPE_NW_T4	0.000607847177656198	9.42441477498811e-05	6.44970740538067	1.1206629800087e-10	C_route	f4(MAGHREB_T1, Africa; SARDINIA_T2, EUROPE_NW_T4) [route via Italy]	PARTIAL
MAGHREB_T1	AFRICA_W_T0	SARDINIA_T2	GREECE_T0	0.000297354668241046	0.000103759827863026	2.86579762481474	0.00415960064316208	C_route	f4(MAGHREB_T1, Africa; SARDINIA_T2, GREECE_T0) [route via Italy]	PARTIAL
MAGHREB_T1	AFRICA_W_T0	SARDINIA_T2	GREECE_T1	0.0013076212380434	9.75456619410124e-05	13.4052218419938	5.6354520450414e-41	C_route	f4(MAGHREB_T1, Africa; SARDINIA_T2, GREECE_T1) [route via Italy]	PARTIAL
MAGHREB_T1	AFRICA_W_T0	SARDINIA_T2	GREECE_T2	0.000260190732637038	8.67037908899215e-05	3.00091529985551	0.00269169425244007	C_route	f4(MAGHREB_T1, Africa; SARDINIA_T2, GREECE_T2) [route via Italy]	PARTIAL
MAGHREB_T1	AFRICA_W_T0	SARDINIA_T2	LEVANT_T0	0.00199433338068759	0.000115113566667072	17.3249204106024	3.05117260752596e-67	C_route	f4(MAGHREB_T1, Africa; SARDINIA_T2, LEVANT_T0) [route via Italy]	PARTIAL
MAGHREB_T1	AFRICA_W_T0	SARDINIA_T2	LEVANT_T1	0.00160193144704537	0.000112757839845623	14.2068298686688	8.31031899237383e-46	C_route	f4(MAGHREB_T1, Africa; SARDINIA_T2, LEVANT_T1) [route via Italy]	PARTIAL
MAGHREB_T1	AFRICA_W_T0	SARDINIA_T2	LEVANT_T2	0.000858326471723634	9.31550304517995e-05	9.21395728776828	3.14318270788985e-20	C_route	f4(MAGHREB_T1, Africa; SARDINIA_T2, LEVANT_T2) [route via Italy]	PARTIAL
MAGHREB_T1	AFRICA_W_T0	SARDINIA_T2	LEVANT_T3	0.00025490742806906	8.45139617743261e-05	3.01615759949496	0.00256000164009762	C_route	f4(MAGHREB_T1, Africa; SARDINIA_T2, LEVANT_T3) [route via Italy]	PARTIAL
MAGHREB_T1	AFRICA_W_T0	SICILY_T0	BALKANS_T0	0.00186693914367207	0.000113924887609273	16.3874565325452	2.35076910471249e-60	C_route	f4(MAGHREB_T1, Africa; SICILY_T0, BALKANS_T0) [route via Italy]	YES
MAGHREB_T1	AFRICA_W_T0	SICILY_T0	BALKANS_T1	0.00206182547820885	0.000118832830578511	17.350638440331	1.95064250557305e-67	C_route	f4(MAGHREB_T1, Africa; SICILY_T0, BALKANS_T1) [route via Italy]	YES
MAGHREB_T1	AFRICA_W_T0	SICILY_T0	BALKANS_T2	-50.512326183093	3.02096103845611	-16.7206149103161	9.27572023621035e-63	C_route	f4(MAGHREB_T1, Africa; SICILY_T0, BALKANS_T2) [route via Italy]	YES
MAGHREB_T1	AFRICA_W_T0	SICILY_T0	BALKANS_T4	0.000155431638418416	7.99666931672658e-05	1.94370471332735	0.0519310699256287	C_route	f4(MAGHREB_T1, Africa; SICILY_T0, BALKANS_T4) [route via Italy]	YES
MAGHREB_T1	AFRICA_W_T0	SICILY_T0	EUROPE_NW_T0	0.00270959900850562	0.0001220531550131	22.2001554012659	3.42265216631617e-109	C_route	f4(MAGHREB_T1, Africa; SICILY_T0, EUROPE_NW_T0) [route via Italy]	YES
MAGHREB_T1	AFRICA_W_T0	SICILY_T0	EUROPE_NW_T1	0.00248816364079926	0.000123492848192309	20.1482407865804	2.78848456702855e-90	C_route	f4(MAGHREB_T1, Africa; SICILY_T0, EUROPE_NW_T1) [route via Italy]	YES
MAGHREB_T1	AFRICA_W_T0	SICILY_T0	EUROPE_NW_T2	0.00204160628445818	0.000111208449800555	18.3583737397624	2.82954587400696e-75	C_route	f4(MAGHREB_T1, Africa; SICILY_T0, EUROPE_NW_T2) [route via Italy]	YES
MAGHREB_T1	AFRICA_W_T0	SICILY_T0	EUROPE_NW_T3	0.000188900625389135	9.09495617782613e-05	2.07698224923483	0.0378031975732409	C_route	f4(MAGHREB_T1, Africa; SICILY_T0, EUROPE_NW_T3) [route via Italy]	YES
MAGHREB_T1	AFRICA_W_T0	SICILY_T0	EUROPE_NW_T4	0.000508523069161817	8.47143705177987e-05	6.00279581909866	1.93948456507936e-09	C_route	f4(MAGHREB_T1, Africa; SICILY_T0, EUROPE_NW_T4) [route via Italy]	YES
MAGHREB_T1	AFRICA_W_T0	SICILY_T0	GREECE_T0	0.000198030559746664	9.66868655105908e-05	2.04816402621897	0.0405439300271854	C_route	f4(MAGHREB_T1, Africa; SICILY_T0, GREECE_T0) [route via Italy]	PARTIAL
MAGHREB_T1	AFRICA_W_T0	SICILY_T0	GREECE_T1	0.00120829712954902	9.44789900461026e-05	12.7890563707276	1.88751775922386e-37	C_route	f4(MAGHREB_T1, Africa; SICILY_T0, GREECE_T1) [route via Italy]	YES
MAGHREB_T1	AFRICA_W_T0	SICILY_T0	GREECE_T2	0.000160866624142657	8.39526046045271e-05	1.91616001552836	0.0553447310876337	C_route	f4(MAGHREB_T1, Africa; SICILY_T0, GREECE_T2) [route via Italy]	YES
MAGHREB_T1	AFRICA_W_T0	SICILY_T0	LEVANT_T0	0.00189500927219321	0.000105176602936626	18.0174032939155	1.42266145972041e-72	C_route	f4(MAGHREB_T1, Africa; SICILY_T0, LEVANT_T0) [route via Italy]	YES
MAGHREB_T1	AFRICA_W_T0	SICILY_T0	LEVANT_T1	0.00150260733855098	0.000101277898090303	14.8364783124863	8.51081375359092e-50	C_route	f4(MAGHREB_T1, Africa; SICILY_T0, LEVANT_T1) [route via Italy]	YES
MAGHREB_T1	AFRICA_W_T0	SICILY_T0	LEVANT_T2	0.000759002363229253	8.51613286490881e-05	8.91252373899383	4.98838722021677e-19	C_route	f4(MAGHREB_T1, Africa; SICILY_T0, LEVANT_T2) [route via Italy]	YES
MAGHREB_T1	AFRICA_W_T0	SICILY_T0	LEVANT_T3	0.000155583319574678	7.54940436855107e-05	2.06086880473378	0.0393155581161261	C_route	f4(MAGHREB_T1, Africa; SICILY_T0, LEVANT_T3) [route via Italy]	YES
MAGHREB_T1	AFRICA_W_T0	SICILY_T1	BALKANS_T0	0.000388392781781587	6.29287877717577e-05	6.17194126145072	6.74565632003769e-10	C_route	f4(MAGHREB_T1, Africa; SICILY_T1, BALKANS_T0) [route via Italy]	YES
MAGHREB_T1	AFRICA_W_T0	SICILY_T1	BALKANS_T1	0.000583279116318369	6.04662121463861e-05	9.64636440110181	5.09293541658484e-22	C_route	f4(MAGHREB_T1, Africa; SICILY_T1, BALKANS_T1) [route via Italy]	YES
MAGHREB_T1	AFRICA_W_T0	SICILY_T1	BALKANS_T2	-50.5138047294549	3.02097207233652	-16.7210432668402	9.20928620115038e-63	C_route	f4(MAGHREB_T1, Africa; SICILY_T1, BALKANS_T2) [route via Italy]	YES
MAGHREB_T1	AFRICA_W_T0	SICILY_T1	BALKANS_T4	-0.00132311472347207	0.000108108758802845	-12.2387375280572	1.93011445241497e-34	C_route	f4(MAGHREB_T1, Africa; SICILY_T1, BALKANS_T4) [route via Italy]	YES
MAGHREB_T1	AFRICA_W_T0	SICILY_T1	EUROPE_NW_T0	0.00123105264661514	7.08974748018746e-05	17.3638433534531	1.54991818580594e-67	C_route	f4(MAGHREB_T1, Africa; SICILY_T1, EUROPE_NW_T0) [route via Italy]	YES
MAGHREB_T1	AFRICA_W_T0	SICILY_T1	EUROPE_NW_T1	0.00100961727890878	7.04761764318826e-05	14.3256534338893	1.51298293761467e-46	C_route	f4(MAGHREB_T1, Africa; SICILY_T1, EUROPE_NW_T1) [route via Italy]	YES
MAGHREB_T1	AFRICA_W_T0	SICILY_T1	EUROPE_NW_T2	0.000563059922567702	6.08364599714709e-05	9.25530385613738	2.13621930858127e-20	C_route	f4(MAGHREB_T1, Africa; SICILY_T1, EUROPE_NW_T2) [route via Italy]	YES
MAGHREB_T1	AFRICA_W_T0	SICILY_T1	EUROPE_NW_T3	-0.00128964573650135	0.000112908226362089	-11.4220706325289	3.24411247803215e-30	C_route	f4(MAGHREB_T1, Africa; SICILY_T1, EUROPE_NW_T3) [route via Italy]	YES
MAGHREB_T1	AFRICA_W_T0	SICILY_T1	EUROPE_NW_T4	-0.000970023292728664	9.81947391488933e-05	-9.8785668268624	5.15650922467657e-23	C_route	f4(MAGHREB_T1, Africa; SICILY_T1, EUROPE_NW_T4) [route via Italy]	YES
MAGHREB_T1	AFRICA_W_T0	SICILY_T1	GREECE_T0	-0.00128051580214382	0.00011604158132407	-11.0349737355587	2.59127206879371e-28	C_route	f4(MAGHREB_T1, Africa; SICILY_T1, GREECE_T0) [route via Italy]	PARTIAL
MAGHREB_T1	AFRICA_W_T0	SICILY_T1	GREECE_T1	-0.000270249232341465	6.53063574719347e-05	-4.13817647780469	3.50077063022005e-05	C_route	f4(MAGHREB_T1, Africa; SICILY_T1, GREECE_T1) [route via Italy]	YES
MAGHREB_T1	AFRICA_W_T0	SICILY_T1	GREECE_T2	-0.00131767973774782	0.000111599789270587	-11.8071884038504	3.58344736092674e-32	C_route	f4(MAGHREB_T1, Africa; SICILY_T1, GREECE_T2) [route via Italy]	YES
MAGHREB_T1	AFRICA_W_T0	SICILY_T1	LEVANT_T0	0.000416462910302732	5.91106427193563e-05	7.04548100212684	1.84821927975946e-12	C_route	f4(MAGHREB_T1, Africa; SICILY_T1, LEVANT_T0) [route via Italy]	YES
MAGHREB_T1	AFRICA_W_T0	SICILY_T1	LEVANT_T1	2.4060976660504e-05	6.14141384961635e-05	0.391782368843407	0.695219023390408	C_route	f4(MAGHREB_T1, Africa; SICILY_T1, LEVANT_T1) [route via Italy]	YES
MAGHREB_T1	AFRICA_W_T0	SICILY_T1	LEVANT_T2	-0.000719543998661228	7.76154155209377e-05	-9.27063256483014	1.85045195496862e-20	C_route	f4(MAGHREB_T1, Africa; SICILY_T1, LEVANT_T2) [route via Italy]	YES
MAGHREB_T1	AFRICA_W_T0	SICILY_T1	LEVANT_T3	-0.0013229630423158	9.6442611239401e-05	-13.7176194766418	7.96374253056875e-43	C_route	f4(MAGHREB_T1, Africa; SICILY_T1, LEVANT_T3) [route via Italy]	YES
MAGHREB_T1	AFRICA_W_T0	SICILY_T2	BALKANS_T0	0.00135394146702085	9.44038742684846e-05	14.3420116760277	1.19539475393287e-46	C_route	f4(MAGHREB_T1, Africa; SICILY_T2, BALKANS_T0) [route via Italy]	YES
MAGHREB_T1	AFRICA_W_T0	SICILY_T2	BALKANS_T1	0.00154882780155764	9.87512595707197e-05	15.684132114269	1.94199248690275e-55	C_route	f4(MAGHREB_T1, Africa; SICILY_T2, BALKANS_T1) [route via Italy]	YES
MAGHREB_T1	AFRICA_W_T0	SICILY_T2	BALKANS_T2	-50.5128391807697	3.02096271878593	-16.7207754225679	9.25077054671845e-63	C_route	f4(MAGHREB_T1, Africa; SICILY_T2, BALKANS_T2) [route via Italy]	YES
MAGHREB_T1	AFRICA_W_T0	SICILY_T2	BALKANS_T4	-0.000357566038232797	8.22217566444157e-05	-4.34880076546117	1.3688399569221e-05	C_route	f4(MAGHREB_T1, Africa; SICILY_T2, BALKANS_T4) [route via Italy]	YES
MAGHREB_T1	AFRICA_W_T0	SICILY_T2	EUROPE_NW_T0	0.00219660133185441	0.00010606619994215	20.7097202789622	2.83095510334939e-95	C_route	f4(MAGHREB_T1, Africa; SICILY_T2, EUROPE_NW_T0) [route via Italy]	YES
MAGHREB_T1	AFRICA_W_T0	SICILY_T2	EUROPE_NW_T1	0.00197516596414805	0.000105895392608558	18.6520481721924	1.21531136018205e-77	C_route	f4(MAGHREB_T1, Africa; SICILY_T2, EUROPE_NW_T1) [route via Italy]	YES
MAGHREB_T1	AFRICA_W_T0	SICILY_T2	EUROPE_NW_T2	0.00152860860780697	8.97418995264406e-05	17.0333881483821	4.64360455542985e-65	C_route	f4(MAGHREB_T1, Africa; SICILY_T2, EUROPE_NW_T2) [route via Italy]	YES
MAGHREB_T1	AFRICA_W_T0	SICILY_T2	EUROPE_NW_T3	-0.000324097051262078	9.41480051516009e-05	-3.44242080052789	0.000576532656752904	C_route	f4(MAGHREB_T1, Africa; SICILY_T2, EUROPE_NW_T3) [route via Italy]	YES
MAGHREB_T1	AFRICA_W_T0	SICILY_T2	EUROPE_NW_T4	-4.47460748939641e-06	8.41941173678105e-05	-0.053146319829551	0.957615325689723	C_route	f4(MAGHREB_T1, Africa; SICILY_T2, EUROPE_NW_T4) [route via Italy]	YES
MAGHREB_T1	AFRICA_W_T0	SICILY_T2	GREECE_T0	-0.00031496711690455	8.6792668787124e-05	-3.6289599260632	0.000284565406221373	C_route	f4(MAGHREB_T1, Africa; SICILY_T2, GREECE_T0) [route via Italy]	PARTIAL
MAGHREB_T1	AFRICA_W_T0	SICILY_T2	GREECE_T1	0.000695299452897803	7.85088428222654e-05	8.8563202297081	8.26990856925264e-19	C_route	f4(MAGHREB_T1, Africa; SICILY_T2, GREECE_T1) [route via Italy]	YES
MAGHREB_T1	AFRICA_W_T0	SICILY_T2	GREECE_T2	-0.000352131052508557	8.64102202283054e-05	-4.075108842197	4.59928303702014e-05	C_route	f4(MAGHREB_T1, Africa; SICILY_T2, GREECE_T2) [route via Italy]	YES
MAGHREB_T1	AFRICA_W_T0	SICILY_T2	LEVANT_T0	0.001382011595542	8.29540584036883e-05	16.6599636248846	2.56180211161355e-62	C_route	f4(MAGHREB_T1, Africa; SICILY_T2, LEVANT_T0) [route via Italy]	YES
MAGHREB_T1	AFRICA_W_T0	SICILY_T2	LEVANT_T1	0.000989609661899772	8.17430490107096e-05	12.1063463361896	9.77522249404318e-34	C_route	f4(MAGHREB_T1, Africa; SICILY_T2, LEVANT_T1) [route via Italy]	YES
MAGHREB_T1	AFRICA_W_T0	SICILY_T2	LEVANT_T2	0.000246004686578039	7.13863647798017e-05	3.44610188986181	0.000568735877940925	C_route	f4(MAGHREB_T1, Africa; SICILY_T2, LEVANT_T2) [route via Italy]	YES
MAGHREB_T1	AFRICA_W_T0	SICILY_T2	LEVANT_T3	-0.000357414357076535	8.33353346309138e-05	-4.28886928527374	1.79585018299786e-05	C_route	f4(MAGHREB_T1, Africa; SICILY_T2, LEVANT_T3) [route via Italy]	YES
MAGHREB_T1	AFRICA_W_T0	SICILY_T3	BALKANS_T0	0.00169622275106879	0.000113354140509772	14.9639240652402	1.26350832372906e-50	C_route	f4(MAGHREB_T1, Africa; SICILY_T3, BALKANS_T0) [route via Italy]	PARTIAL
MAGHREB_T1	AFRICA_W_T0	SICILY_T3	BALKANS_T1	0.00189110908560558	0.00011860229593053	15.944961864088	3.08828616714098e-57	C_route	f4(MAGHREB_T1, Africa; SICILY_T3, BALKANS_T1) [route via Italy]	PARTIAL
MAGHREB_T1	AFRICA_W_T0	SICILY_T3	BALKANS_T2	-50.5124968994857	3.02095619382572	-16.7206982354541	9.26275999278186e-63	C_route	f4(MAGHREB_T1, Africa; SICILY_T3, BALKANS_T2) [route via Italy]	PARTIAL
MAGHREB_T1	AFRICA_W_T0	SICILY_T3	BALKANS_T4	-1.52847541848543e-05	7.61853408695781e-05	-0.200625921081331	0.840991088061079	C_route	f4(MAGHREB_T1, Africa; SICILY_T3, BALKANS_T4) [route via Italy]	PARTIAL
MAGHREB_T1	AFRICA_W_T0	SICILY_T3	EUROPE_NW_T0	0.00253888261590235	0.000123720913044158	20.5210465509269	1.3967313825929e-93	C_route	f4(MAGHREB_T1, Africa; SICILY_T3, EUROPE_NW_T0) [route via Italy]	PARTIAL
MAGHREB_T1	AFRICA_W_T0	SICILY_T3	EUROPE_NW_T1	0.002317447248196	0.000123703827559737	18.7338362434816	2.62314781027927e-78	C_route	f4(MAGHREB_T1, Africa; SICILY_T3, EUROPE_NW_T1) [route via Italy]	PARTIAL
MAGHREB_T1	AFRICA_W_T0	SICILY_T3	EUROPE_NW_T2	0.00187088989185491	0.000111738279402748	16.7435000955357	6.3162512768469e-63	C_route	f4(MAGHREB_T1, Africa; SICILY_T3, EUROPE_NW_T2) [route via Italy]	PARTIAL
MAGHREB_T1	AFRICA_W_T0	SICILY_T3	EUROPE_NW_T3	1.81842327858645e-05	8.12860107077028e-05	0.223706793180605	0.822985459711939	C_route	f4(MAGHREB_T1, Africa; SICILY_T3, EUROPE_NW_T3) [route via Italy]	PARTIAL
MAGHREB_T1	AFRICA_W_T0	SICILY_T3	EUROPE_NW_T4	0.000337806676558547	8.5637557102908e-05	3.9446089774912	7.9930297951802e-05	C_route	f4(MAGHREB_T1, Africa; SICILY_T3, EUROPE_NW_T4) [route via Italy]	PARTIAL
MAGHREB_T1	AFRICA_W_T0	SICILY_T3	GREECE_T0	2.73141671433932e-05	8.82522063472544e-05	0.309501238257065	0.756940270382326	C_route	f4(MAGHREB_T1, Africa; SICILY_T3, GREECE_T0) [route via Italy]	PARTIAL
MAGHREB_T1	AFRICA_W_T0	SICILY_T3	GREECE_T1	0.00103758073694575	9.37997142167134e-05	11.0616620275467	1.9249704515392e-28	C_route	f4(MAGHREB_T1, Africa; SICILY_T3, GREECE_T1) [route via Italy]	PARTIAL
MAGHREB_T1	AFRICA_W_T0	SICILY_T3	GREECE_T2	-9.84976846061396e-06	8.01819180096534e-05	-0.122842764367748	0.902231609623352	C_route	f4(MAGHREB_T1, Africa; SICILY_T3, GREECE_T2) [route via Italy]	PARTIAL
MAGHREB_T1	AFRICA_W_T0	SICILY_T3	LEVANT_T0	0.00172429287958994	0.000104114552719191	16.5614972600474	1.32261362114965e-61	C_route	f4(MAGHREB_T1, Africa; SICILY_T3, LEVANT_T0) [route via Italy]	PARTIAL
MAGHREB_T1	AFRICA_W_T0	SICILY_T3	LEVANT_T1	0.00133189094594771	0.000102736319590021	12.9641683804009	1.95337394736926e-38	C_route	f4(MAGHREB_T1, Africa; SICILY_T3, LEVANT_T1) [route via Italy]	PARTIAL
MAGHREB_T1	AFRICA_W_T0	SICILY_T3	LEVANT_T2	0.000588285970625982	8.37300545954448e-05	7.02598336366052	2.12563788334012e-12	C_route	f4(MAGHREB_T1, Africa; SICILY_T3, LEVANT_T2) [route via Italy]	PARTIAL
MAGHREB_T1	AFRICA_W_T0	SICILY_T3	LEVANT_T3	-1.51330730285924e-05	7.53841628968666e-05	-0.200746051253444	0.840897148920052	C_route	f4(MAGHREB_T1, Africa; SICILY_T3, LEVANT_T3) [route via Italy]	PARTIAL
MAGHREB_T2	AFRICA_W_T0	IBERIA_T0	ANATOLIA_T0	-0.00136335826776644	7.74292029432865e-05	-17.6078044967742	2.14609172182808e-69	A	f4(MAGHREB_T2, Africa; IBERIA_T0, ANATOLIA_T0)	YES
MAGHREB_T2	AFRICA_W_T0	IBERIA_T0	ANATOLIA_T0	-0.00136335826776644	7.74292029432865e-05	-17.6078044967742	2.14609172182808e-69	A_cross	f4(MAGHREB_T2, Africa; IBERIA_T0, ANATOLIA_T0) [cross-layer]	YES
MAGHREB_T2	AFRICA_W_T0	IBERIA_T0	ANATOLIA_T0	-0.00136335826776644	7.74292029432865e-05	-17.6078044967742	2.14609172182808e-69	A	f4(MAGHREB_T2, Africa; IBERIA_T0, ANATOLIA_T0)	YES
MAGHREB_T2	AFRICA_W_T0	IBERIA_T0	ANATOLIA_T0	-0.00136335826776644	7.74292029432865e-05	-17.6078044967742	2.14609172182808e-69	A_cross	f4(MAGHREB_T2, Africa; IBERIA_T0, ANATOLIA_T0) [cross-layer]	YES
MAGHREB_T2	AFRICA_W_T0	IBERIA_T0	ANATOLIA_T1	-0.000774405186862905	5.69730887460473e-05	-13.5924732870768	4.43824980553397e-42	A_cross	f4(MAGHREB_T2, Africa; IBERIA_T0, ANATOLIA_T1) [cross-layer]	YES
MAGHREB_T2	AFRICA_W_T0	IBERIA_T0	ANATOLIA_T2	-0.000399134163583791	5.05437501128219e-05	-7.89680549410873	2.86142374479982e-15	A	f4(MAGHREB_T2, Africa; IBERIA_T0, ANATOLIA_T2)	YES
MAGHREB_T2	AFRICA_W_T0	IBERIA_T0	ANATOLIA_T2	-0.000399134163583791	5.05437501128219e-05	-7.89680549410873	2.86142374479982e-15	A_cross	f4(MAGHREB_T2, Africa; IBERIA_T0, ANATOLIA_T2) [cross-layer]	YES
MAGHREB_T2	AFRICA_W_T0	IBERIA_T0	ANATOLIA_T2	-0.000399134163583791	5.05437501128219e-05	-7.89680549410873	2.86142374479982e-15	A	f4(MAGHREB_T2, Africa; IBERIA_T0, ANATOLIA_T2)	YES
MAGHREB_T2	AFRICA_W_T0	IBERIA_T0	ANATOLIA_T2	-0.000399134163583791	5.05437501128219e-05	-7.89680549410873	2.86142374479982e-15	A_cross	f4(MAGHREB_T2, Africa; IBERIA_T0, ANATOLIA_T2) [cross-layer]	YES
MAGHREB_T2	AFRICA_W_T0	IBERIA_T0	BALKANS_T0	-0.000478014119840948	5.02660685805834e-05	-9.5096778669815	1.91253856166255e-21	A	f4(MAGHREB_T2, Africa; IBERIA_T0, BALKANS_T0)	YES
MAGHREB_T2	AFRICA_W_T0	IBERIA_T0	BALKANS_T0	-0.000478014119840948	5.02660685805834e-05	-9.5096778669815	1.91253856166255e-21	A_cross	f4(MAGHREB_T2, Africa; IBERIA_T0, BALKANS_T0) [cross-layer]	YES
MAGHREB_T2	AFRICA_W_T0	IBERIA_T0	BALKANS_T0	-0.000478014119840948	5.02660685805834e-05	-9.5096778669815	1.91253856166255e-21	A	f4(MAGHREB_T2, Africa; IBERIA_T0, BALKANS_T0)	YES
MAGHREB_T2	AFRICA_W_T0	IBERIA_T0	BALKANS_T0	-0.000478014119840948	5.02660685805834e-05	-9.5096778669815	1.91253856166255e-21	A_cross	f4(MAGHREB_T2, Africa; IBERIA_T0, BALKANS_T0) [cross-layer]	YES
MAGHREB_T2	AFRICA_W_T0	IBERIA_T0	BALKANS_T1	-0.000352068141327675	4.16224043263833e-05	-8.45862095247843	2.70557908135799e-17	A_cross	f4(MAGHREB_T2, Africa; IBERIA_T0, BALKANS_T1) [cross-layer]	YES
MAGHREB_T2	AFRICA_W_T0	IBERIA_T0	BALKANS_T2	-68.7733673560963	3.98123471786135	-17.2743814996771	7.33555943261202e-67	A	f4(MAGHREB_T2, Africa; IBERIA_T0, BALKANS_T2)	YES
MAGHREB_T2	AFRICA_W_T0	IBERIA_T0	BALKANS_T2	-68.7733673560963	3.98123471786135	-17.2743814996771	7.33555943261202e-67	A_cross	f4(MAGHREB_T2, Africa; IBERIA_T0, BALKANS_T2) [cross-layer]	YES
MAGHREB_T2	AFRICA_W_T0	IBERIA_T0	BALKANS_T2	-68.7733673560963	3.98123471786135	-17.2743814996771	7.33555943261202e-67	A	f4(MAGHREB_T2, Africa; IBERIA_T0, BALKANS_T2)	YES
MAGHREB_T2	AFRICA_W_T0	IBERIA_T0	BALKANS_T2	-68.7733673560963	3.98123471786135	-17.2743814996771	7.33555943261202e-67	A_cross	f4(MAGHREB_T2, Africa; IBERIA_T0, BALKANS_T2) [cross-layer]	YES
MAGHREB_T2	AFRICA_W_T0	IBERIA_T0	BALKANS_T4	-0.00455576004769595	0.000195537204532622	-23.2986866033257	4.57126651523843e-120	A_cross	f4(MAGHREB_T2, Africa; IBERIA_T0, BALKANS_T4) [cross-layer]	YES
MAGHREB_T2	AFRICA_W_T0	IBERIA_T0	EUROPE_CENTRAL_T0	0.00050112265705002	5.05501984024071e-05	9.91336676981582	3.64163437946735e-23	A	f4(MAGHREB_T2, Africa; IBERIA_T0, EUROPE_CENTRAL_T0)	YES
MAGHREB_T2	AFRICA_W_T0	IBERIA_T0	EUROPE_CENTRAL_T0	0.00050112265705002	5.05501984024071e-05	9.91336676981582	3.64163437946735e-23	A_cross	f4(MAGHREB_T2, Africa; IBERIA_T0, EUROPE_CENTRAL_T0) [cross-layer]	YES
MAGHREB_T2	AFRICA_W_T0	IBERIA_T0	EUROPE_CENTRAL_T0	0.00050112265705002	5.05501984024071e-05	9.91336676981582	3.64163437946735e-23	A	f4(MAGHREB_T2, Africa; IBERIA_T0, EUROPE_CENTRAL_T0)	YES
MAGHREB_T2	AFRICA_W_T0	IBERIA_T0	EUROPE_CENTRAL_T0	0.00050112265705002	5.05501984024071e-05	9.91336676981582	3.64163437946735e-23	A_cross	f4(MAGHREB_T2, Africa; IBERIA_T0, EUROPE_CENTRAL_T0) [cross-layer]	YES
MAGHREB_T2	AFRICA_W_T0	IBERIA_T0	EUROPE_CENTRAL_T1	0.000171817246152634	4.96926006347323e-05	3.45760221759341	0.000545005445128247	A_cross	f4(MAGHREB_T2, Africa; IBERIA_T0, EUROPE_CENTRAL_T1) [cross-layer]	YES
MAGHREB_T2	AFRICA_W_T0	IBERIA_T0	EUROPE_CENTRAL_T2	-8.68920946202571e-06	4.47874585952872e-05	-0.194009879876061	0.846168145865272	A	f4(MAGHREB_T2, Africa; IBERIA_T0, EUROPE_CENTRAL_T2)	YES
MAGHREB_T2	AFRICA_W_T0	IBERIA_T0	EUROPE_CENTRAL_T2	-8.68920946202571e-06	4.47874585952872e-05	-0.194009879876061	0.846168145865272	A_cross	f4(MAGHREB_T2, Africa; IBERIA_T0, EUROPE_CENTRAL_T2) [cross-layer]	YES
MAGHREB_T2	AFRICA_W_T0	IBERIA_T0	EUROPE_CENTRAL_T2	-8.68920946202571e-06	4.47874585952872e-05	-0.194009879876061	0.846168145865272	A	f4(MAGHREB_T2, Africa; IBERIA_T0, EUROPE_CENTRAL_T2)	YES
MAGHREB_T2	AFRICA_W_T0	IBERIA_T0	EUROPE_CENTRAL_T2	-8.68920946202571e-06	4.47874585952872e-05	-0.194009879876061	0.846168145865272	A_cross	f4(MAGHREB_T2, Africa; IBERIA_T0, EUROPE_CENTRAL_T2) [cross-layer]	YES
MAGHREB_T2	AFRICA_W_T0	IBERIA_T0	EUROPE_CENTRAL_T3	-0.00439068584355464	0.00018290917006135	-24.0047332896539	2.48165657669296e-127	A_cross	f4(MAGHREB_T2, Africa; IBERIA_T0, EUROPE_CENTRAL_T3) [cross-layer]	YES
MAGHREB_T2	AFRICA_W_T0	IBERIA_T0	EUROPE_CENTRAL_T4	-0.00347180597768989	0.000153862799527234	-22.5642974673379	9.72053486092654e-113	A_cross	f4(MAGHREB_T2, Africa; IBERIA_T0, EUROPE_CENTRAL_T4) [cross-layer]	YES
MAGHREB_T2	AFRICA_W_T0	IBERIA_T0	EUROPE_NW_T0	0.000506794933665618	5.11164946539734e-05	9.91450875292411	3.60023125185263e-23	A	f4(MAGHREB_T2, Africa; IBERIA_T0, EUROPE_NW_T0)	YES
MAGHREB_T2	AFRICA_W_T0	IBERIA_T0	EUROPE_NW_T0	0.000506794933665618	5.11164946539734e-05	9.91450875292411	3.60023125185263e-23	A_cross	f4(MAGHREB_T2, Africa; IBERIA_T0, EUROPE_NW_T0) [cross-layer]	YES
MAGHREB_T2	AFRICA_W_T0	IBERIA_T0	EUROPE_NW_T0	0.000506794933665618	5.11164946539734e-05	9.91450875292411	3.60023125185263e-23	A	f4(MAGHREB_T2, Africa; IBERIA_T0, EUROPE_NW_T0)	YES
MAGHREB_T2	AFRICA_W_T0	IBERIA_T0	EUROPE_NW_T0	0.000506794933665618	5.11164946539734e-05	9.91450875292411	3.60023125185263e-23	A_cross	f4(MAGHREB_T2, Africa; IBERIA_T0, EUROPE_NW_T0) [cross-layer]	YES
MAGHREB_T2	AFRICA_W_T0	IBERIA_T0	EUROPE_NW_T1	0.000145663112442135	5.10578207851178e-05	2.85290500460592	0.00433215697157314	A_cross	f4(MAGHREB_T2, Africa; IBERIA_T0, EUROPE_NW_T1) [cross-layer]	YES
MAGHREB_T2	AFRICA_W_T0	IBERIA_T0	EUROPE_NW_T2	-0.000463633434464026	4.95581241646417e-05	-9.35534672223965	8.33259664386683e-21	A	f4(MAGHREB_T2, Africa; IBERIA_T0, EUROPE_NW_T2)	YES
MAGHREB_T2	AFRICA_W_T0	IBERIA_T0	EUROPE_NW_T2	-0.000463633434464026	4.95581241646417e-05	-9.35534672223965	8.33259664386683e-21	A_cross	f4(MAGHREB_T2, Africa; IBERIA_T0, EUROPE_NW_T2) [cross-layer]	YES
MAGHREB_T2	AFRICA_W_T0	IBERIA_T0	EUROPE_NW_T2	-0.000463633434464026	4.95581241646417e-05	-9.35534672223965	8.33259664386683e-21	A	f4(MAGHREB_T2, Africa; IBERIA_T0, EUROPE_NW_T2)	YES
MAGHREB_T2	AFRICA_W_T0	IBERIA_T0	EUROPE_NW_T2	-0.000463633434464026	4.95581241646417e-05	-9.35534672223965	8.33259664386683e-21	A_cross	f4(MAGHREB_T2, Africa; IBERIA_T0, EUROPE_NW_T2) [cross-layer]	YES
MAGHREB_T2	AFRICA_W_T0	IBERIA_T0	EUROPE_NW_T3	-0.00458382323713106	0.000190118512832434	-24.1103465877158	1.94709841766646e-128	A_cross	f4(MAGHREB_T2, Africa; IBERIA_T0, EUROPE_NW_T3) [cross-layer]	YES
MAGHREB_T2	AFRICA_W_T0	IBERIA_T0	EUROPE_NW_T4	-0.00359601213270993	0.000162014849240489	-22.1955712674963	3.79005069596918e-109	A_cross	f4(MAGHREB_T2, Africa; IBERIA_T0, EUROPE_NW_T4) [cross-layer]	YES
MAGHREB_T2	AFRICA_W_T0	IBERIA_T0	GREECE_T0	-0.00476759768932096	0.000201900984734552	-23.6135435178245	2.79784784434829e-123	A	f4(MAGHREB_T2, Africa; IBERIA_T0, GREECE_T0)	PARTIAL
MAGHREB_T2	AFRICA_W_T0	IBERIA_T0	GREECE_T0	-0.00476759768932096	0.000201900984734552	-23.6135435178245	2.79784784434829e-123	A_cross	f4(MAGHREB_T2, Africa; IBERIA_T0, GREECE_T0) [cross-layer]	PARTIAL
MAGHREB_T2	AFRICA_W_T0	IBERIA_T0	GREECE_T0	-0.00476759768932096	0.000201900984734552	-23.6135435178245	2.79784784434829e-123	A	f4(MAGHREB_T2, Africa; IBERIA_T0, GREECE_T0)	PARTIAL
MAGHREB_T2	AFRICA_W_T0	IBERIA_T0	GREECE_T0	-0.00476759768932096	0.000201900984734552	-23.6135435178245	2.79784784434829e-123	A_cross	f4(MAGHREB_T2, Africa; IBERIA_T0, GREECE_T0) [cross-layer]	PARTIAL
MAGHREB_T2	AFRICA_W_T0	IBERIA_T0	GREECE_T1	-0.0016291926462536	9.04462054357293e-05	-18.0128357890182	1.545064303594e-72	A_cross	f4(MAGHREB_T2, Africa; IBERIA_T0, GREECE_T1) [cross-layer]	YES
MAGHREB_T2	AFRICA_W_T0	IBERIA_T0	GREECE_T2	-0.00434382507014837	0.000181479701568502	-23.9355973841997	1.30527611374318e-126	A	f4(MAGHREB_T2, Africa; IBERIA_T0, GREECE_T2)	YES
MAGHREB_T2	AFRICA_W_T0	IBERIA_T0	GREECE_T2	-0.00434382507014837	0.000181479701568502	-23.9355973841997	1.30527611374318e-126	A_cross	f4(MAGHREB_T2, Africa; IBERIA_T0, GREECE_T2) [cross-layer]	YES
MAGHREB_T2	AFRICA_W_T0	IBERIA_T0	GREECE_T2	-0.00434382507014837	0.000181479701568502	-23.9355973841997	1.30527611374318e-126	A	f4(MAGHREB_T2, Africa; IBERIA_T0, GREECE_T2)	YES
MAGHREB_T2	AFRICA_W_T0	IBERIA_T0	GREECE_T2	-0.00434382507014837	0.000181479701568502	-23.9355973841997	1.30527611374318e-126	A_cross	f4(MAGHREB_T2, Africa; IBERIA_T0, GREECE_T2) [cross-layer]	YES
MAGHREB_T2	AFRICA_W_T0	IBERIA_T0	ITALY_T0	-0.000138162322024978	4.53681239796466e-05	-3.04536114578953	0.00232401062482364	A	f4(MAGHREB_T2, Africa; IBERIA_T0, ITALY_T0)	YES
MAGHREB_T2	AFRICA_W_T0	IBERIA_T0	ITALY_T0	-0.000138162322024978	4.53681239796466e-05	-3.04536114578953	0.00232401062482364	A_cross	f4(MAGHREB_T2, Africa; IBERIA_T0, ITALY_T0) [cross-layer]	YES
MAGHREB_T2	AFRICA_W_T0	IBERIA_T0	ITALY_T0	-0.000138162322024978	4.53681239796466e-05	-3.04536114578953	0.00232401062482364	A	f4(MAGHREB_T2, Africa; IBERIA_T0, ITALY_T0)	YES
MAGHREB_T2	AFRICA_W_T0	IBERIA_T0	ITALY_T0	-0.000138162322024978	4.53681239796466e-05	-3.04536114578953	0.00232401062482364	A_cross	f4(MAGHREB_T2, Africa; IBERIA_T0, ITALY_T0) [cross-layer]	YES
MAGHREB_T2	AFRICA_W_T0	IBERIA_T0	ITALY_T1	-0.000676906573057891	5.84136799601269e-05	-11.5881515001271	4.73235396991561e-31	A_cross	f4(MAGHREB_T2, Africa; IBERIA_T0, ITALY_T1) [cross-layer]	YES
MAGHREB_T2	AFRICA_W_T0	IBERIA_T0	ITALY_T2	-0.00360387759748113	0.000152825591547553	-23.581636825268	5.9483796382322e-123	A	f4(MAGHREB_T2, Africa; IBERIA_T0, ITALY_T2)	YES
MAGHREB_T2	AFRICA_W_T0	IBERIA_T0	ITALY_T2	-0.00360387759748113	0.000152825591547553	-23.581636825268	5.9483796382322e-123	A_cross	f4(MAGHREB_T2, Africa; IBERIA_T0, ITALY_T2) [cross-layer]	YES
MAGHREB_T2	AFRICA_W_T0	IBERIA_T0	ITALY_T2	-0.00360387759748113	0.000152825591547553	-23.581636825268	5.9483796382322e-123	A	f4(MAGHREB_T2, Africa; IBERIA_T0, ITALY_T2)	YES
MAGHREB_T2	AFRICA_W_T0	IBERIA_T0	ITALY_T2	-0.00360387759748113	0.000152825591547553	-23.581636825268	5.9483796382322e-123	A_cross	f4(MAGHREB_T2, Africa; IBERIA_T0, ITALY_T2) [cross-layer]	YES
MAGHREB_T2	AFRICA_W_T0	IBERIA_T0	ITALY_T3	-0.00483513167569623	0.000208633951251289	-23.175191030498	8.1023926753895e-119	A_cross	f4(MAGHREB_T2, Africa; IBERIA_T0, ITALY_T3) [cross-layer]	PARTIAL
MAGHREB_T2	AFRICA_W_T0	IBERIA_T0	ITALY_T4	-0.00442997581698869	0.000186171673856236	-23.7951119266919	3.75253227315897e-125	A_cross	f4(MAGHREB_T2, Africa; IBERIA_T0, ITALY_T4) [cross-layer]	PARTIAL
MAGHREB_T2	AFRICA_W_T0	IBERIA_T0	LEVANT_T0	-0.000518183662443301	6.2088968652789e-05	-8.34582492972404	7.07185020195545e-17	A	f4(MAGHREB_T2, Africa; IBERIA_T0, LEVANT_T0)	YES
MAGHREB_T2	AFRICA_W_T0	IBERIA_T0	LEVANT_T0	-0.000518183662443301	6.2088968652789e-05	-8.34582492972404	7.07185020195545e-17	A_cross	f4(MAGHREB_T2, Africa; IBERIA_T0, LEVANT_T0) [cross-layer]	YES
MAGHREB_T2	AFRICA_W_T0	IBERIA_T0	LEVANT_T0	-0.000518183662443301	6.2088968652789e-05	-8.34582492972404	7.07185020195545e-17	A	f4(MAGHREB_T2, Africa; IBERIA_T0, LEVANT_T0)	YES
MAGHREB_T2	AFRICA_W_T0	IBERIA_T0	LEVANT_T0	-0.000518183662443301	6.2088968652789e-05	-8.34582492972404	7.07185020195545e-17	A_cross	f4(MAGHREB_T2, Africa; IBERIA_T0, LEVANT_T0) [cross-layer]	YES
MAGHREB_T2	AFRICA_W_T0	IBERIA_T0	LEVANT_T1	-0.00132356302611408	6.61619620349954e-05	-20.0048938302948	4.9924813548388e-89	A_cross	f4(MAGHREB_T2, Africa; IBERIA_T0, LEVANT_T1) [cross-layer]	YES
MAGHREB_T2	AFRICA_W_T0	IBERIA_T0	LEVANT_T2	-0.00270973772562833	0.000117493927636013	-23.062789542817	1.09465799262658e-117	A	f4(MAGHREB_T2, Africa; IBERIA_T0, LEVANT_T2)	YES
MAGHREB_T2	AFRICA_W_T0	IBERIA_T0	LEVANT_T2	-0.00270973772562833	0.000117493927636013	-23.062789542817	1.09465799262658e-117	A_cross	f4(MAGHREB_T2, Africa; IBERIA_T0, LEVANT_T2) [cross-layer]	YES
MAGHREB_T2	AFRICA_W_T0	IBERIA_T0	LEVANT_T2	-0.00270973772562833	0.000117493927636013	-23.062789542817	1.09465799262658e-117	A	f4(MAGHREB_T2, Africa; IBERIA_T0, LEVANT_T2)	YES
MAGHREB_T2	AFRICA_W_T0	IBERIA_T0	LEVANT_T2	-0.00270973772562833	0.000117493927636013	-23.062789542817	1.09465799262658e-117	A_cross	f4(MAGHREB_T2, Africa; IBERIA_T0, LEVANT_T2) [cross-layer]	YES
MAGHREB_T2	AFRICA_W_T0	IBERIA_T0	LEVANT_T3	-0.00399645020785311	0.000168245206071895	-23.7537241099477	1.00556723729085e-124	A_cross	f4(MAGHREB_T2, Africa; IBERIA_T0, LEVANT_T3) [cross-layer]	YES
MAGHREB_T2	AFRICA_W_T0	IBERIA_T0	MALTA_T1	-0.00503972151190286	0.000229680722537706	-21.9422921358822	1.02598607283709e-106	A_cross	f4(MAGHREB_T2, Africa; IBERIA_T0, MALTA_T1) [cross-layer]	PARTIAL
MAGHREB_T2	AFRICA_W_T0	IBERIA_T0	SARDINIA_T0	-0.00209140736052994	0.000111542550186159	-18.7498614388813	1.94096061492397e-78	A	f4(MAGHREB_T2, Africa; IBERIA_T0, SARDINIA_T0)	YES
MAGHREB_T2	AFRICA_W_T0	IBERIA_T0	SARDINIA_T0	-0.00209140736052994	0.000111542550186159	-18.7498614388813	1.94096061492397e-78	A_cross	f4(MAGHREB_T2, Africa; IBERIA_T0, SARDINIA_T0) [cross-layer]	YES
MAGHREB_T2	AFRICA_W_T0	IBERIA_T0	SARDINIA_T0	-0.00209140736052994	0.000111542550186159	-18.7498614388813	1.94096061492397e-78	A	f4(MAGHREB_T2, Africa; IBERIA_T0, SARDINIA_T0)	YES
MAGHREB_T2	AFRICA_W_T0	IBERIA_T0	SARDINIA_T0	-0.00209140736052994	0.000111542550186159	-18.7498614388813	1.94096061492397e-78	A_cross	f4(MAGHREB_T2, Africa; IBERIA_T0, SARDINIA_T0) [cross-layer]	YES
MAGHREB_T2	AFRICA_W_T0	IBERIA_T0	SARDINIA_T1	-0.00141255409772625	7.62980758374778e-05	-18.5136267490562	1.60333271554568e-76	A_cross	f4(MAGHREB_T2, Africa; IBERIA_T0, SARDINIA_T1) [cross-layer]	YES
MAGHREB_T2	AFRICA_W_T0	IBERIA_T0	SARDINIA_T2	-0.00458504411304026	0.00019493406237785	-23.5210001633929	2.48723725255983e-122	A	f4(MAGHREB_T2, Africa; IBERIA_T0, SARDINIA_T2)	PARTIAL
MAGHREB_T2	AFRICA_W_T0	IBERIA_T0	SARDINIA_T2	-0.00458504411304026	0.00019493406237785	-23.5210001633929	2.48723725255983e-122	A_cross	f4(MAGHREB_T2, Africa; IBERIA_T0, SARDINIA_T2) [cross-layer]	PARTIAL
MAGHREB_T2	AFRICA_W_T0	IBERIA_T0	SARDINIA_T2	-0.00458504411304026	0.00019493406237785	-23.5210001633929	2.48723725255983e-122	A	f4(MAGHREB_T2, Africa; IBERIA_T0, SARDINIA_T2)	PARTIAL
MAGHREB_T2	AFRICA_W_T0	IBERIA_T0	SARDINIA_T2	-0.00458504411304026	0.00019493406237785	-23.5210001633929	2.48723725255983e-122	A_cross	f4(MAGHREB_T2, Africa; IBERIA_T0, SARDINIA_T2) [cross-layer]	PARTIAL
MAGHREB_T2	AFRICA_W_T0	IBERIA_T0	SICILY_T0	-0.0042338553389934	0.000174277784223963	-24.2937179735571	2.28416192179325e-130	A	f4(MAGHREB_T2, Africa; IBERIA_T0, SICILY_T0)	YES
MAGHREB_T2	AFRICA_W_T0	IBERIA_T0	SICILY_T0	-0.0042338553389934	0.000174277784223963	-24.2937179735571	2.28416192179325e-130	A_cross	f4(MAGHREB_T2, Africa; IBERIA_T0, SICILY_T0) [cross-layer]	YES
MAGHREB_T2	AFRICA_W_T0	IBERIA_T0	SICILY_T0	-0.0042338553389934	0.000174277784223963	-24.2937179735571	2.28416192179325e-130	A	f4(MAGHREB_T2, Africa; IBERIA_T0, SICILY_T0)	YES
MAGHREB_T2	AFRICA_W_T0	IBERIA_T0	SICILY_T0	-0.0042338553389934	0.000174277784223963	-24.2937179735571	2.28416192179325e-130	A_cross	f4(MAGHREB_T2, Africa; IBERIA_T0, SICILY_T0) [cross-layer]	YES
MAGHREB_T2	AFRICA_W_T0	IBERIA_T0	SICILY_T1	-0.00117111722015405	6.73871466089637e-05	-17.3789406301745	1.19133915242134e-67	A_cross	f4(MAGHREB_T2, Africa; IBERIA_T0, SICILY_T1) [cross-layer]	YES
MAGHREB_T2	AFRICA_W_T0	IBERIA_T0	SICILY_T2	-0.00339276268335707	0.000143487674715112	-23.64497640716	1.32948154578386e-123	A	f4(MAGHREB_T2, Africa; IBERIA_T0, SICILY_T2)	YES
MAGHREB_T2	AFRICA_W_T0	IBERIA_T0	SICILY_T2	-0.00339276268335707	0.000143487674715112	-23.64497640716	1.32948154578386e-123	A_cross	f4(MAGHREB_T2, Africa; IBERIA_T0, SICILY_T2) [cross-layer]	YES
MAGHREB_T2	AFRICA_W_T0	IBERIA_T0	SICILY_T2	-0.00339276268335707	0.000143487674715112	-23.64497640716	1.32948154578386e-123	A	f4(MAGHREB_T2, Africa; IBERIA_T0, SICILY_T2)	YES
MAGHREB_T2	AFRICA_W_T0	IBERIA_T0	SICILY_T2	-0.00339276268335707	0.000143487674715112	-23.64497640716	1.32948154578386e-123	A_cross	f4(MAGHREB_T2, Africa; IBERIA_T0, SICILY_T2) [cross-layer]	YES
MAGHREB_T2	AFRICA_W_T0	IBERIA_T0	SICILY_T3	-0.00457255311314262	0.000193742007248955	-23.6012477524659	3.74207579660213e-123	A_cross	f4(MAGHREB_T2, Africa; IBERIA_T0, SICILY_T3) [cross-layer]	PARTIAL
MAGHREB_T2	AFRICA_W_T0	IBERIA_T1	ANATOLIA_T0	-0.00130099332066916	8.56159899454385e-05	-15.1956815718449	3.77714406909488e-52	A_cross	f4(MAGHREB_T2, Africa; IBERIA_T1, ANATOLIA_T0) [cross-layer]	YES
MAGHREB_T2	AFRICA_W_T0	IBERIA_T1	ANATOLIA_T1	-0.00071204023976562	6.65730035792955e-05	-10.69563038293	1.06691668683237e-26	A	f4(MAGHREB_T2, Africa; IBERIA_T1, ANATOLIA_T1)	YES
MAGHREB_T2	AFRICA_W_T0	IBERIA_T1	ANATOLIA_T1	-0.00071204023976562	6.65730035792955e-05	-10.69563038293	1.06691668683237e-26	A_cross	f4(MAGHREB_T2, Africa; IBERIA_T1, ANATOLIA_T1) [cross-layer]	YES
MAGHREB_T2	AFRICA_W_T0	IBERIA_T1	ANATOLIA_T1	-0.00071204023976562	6.65730035792955e-05	-10.69563038293	1.06691668683237e-26	A	f4(MAGHREB_T2, Africa; IBERIA_T1, ANATOLIA_T1)	YES
MAGHREB_T2	AFRICA_W_T0	IBERIA_T1	ANATOLIA_T1	-0.00071204023976562	6.65730035792955e-05	-10.69563038293	1.06691668683237e-26	A_cross	f4(MAGHREB_T2, Africa; IBERIA_T1, ANATOLIA_T1) [cross-layer]	YES
MAGHREB_T2	AFRICA_W_T0	IBERIA_T1	ANATOLIA_T2	-0.000336769216486504	5.82133829872974e-05	-5.78508238492151	7.24768007903519e-09	A	f4(MAGHREB_T2, Africa; IBERIA_T1, ANATOLIA_T2)	YES
MAGHREB_T2	AFRICA_W_T0	IBERIA_T1	ANATOLIA_T2	-0.000336769216486504	5.82133829872974e-05	-5.78508238492151	7.24768007903519e-09	A_cross	f4(MAGHREB_T2, Africa; IBERIA_T1, ANATOLIA_T2) [cross-layer]	YES
MAGHREB_T2	AFRICA_W_T0	IBERIA_T1	ANATOLIA_T2	-0.000336769216486504	5.82133829872974e-05	-5.78508238492151	7.24768007903519e-09	A	f4(MAGHREB_T2, Africa; IBERIA_T1, ANATOLIA_T2)	YES
MAGHREB_T2	AFRICA_W_T0	IBERIA_T1	ANATOLIA_T2	-0.000336769216486504	5.82133829872974e-05	-5.78508238492151	7.24768007903519e-09	A_cross	f4(MAGHREB_T2, Africa; IBERIA_T1, ANATOLIA_T2) [cross-layer]	YES
MAGHREB_T2	AFRICA_W_T0	IBERIA_T1	BALKANS_T0	-0.000415649172743662	5.42338820459508e-05	-7.6640129207696	1.80211752833886e-14	A_cross	f4(MAGHREB_T2, Africa; IBERIA_T1, BALKANS_T0) [cross-layer]	YES
MAGHREB_T2	AFRICA_W_T0	IBERIA_T1	BALKANS_T1	-0.000289703194230389	4.5657166450288e-05	-6.34518558101543	2.22157479174482e-10	A	f4(MAGHREB_T2, Africa; IBERIA_T1, BALKANS_T1)	YES
MAGHREB_T2	AFRICA_W_T0	IBERIA_T1	BALKANS_T1	-0.000289703194230389	4.5657166450288e-05	-6.34518558101543	2.22157479174482e-10	A_cross	f4(MAGHREB_T2, Africa; IBERIA_T1, BALKANS_T1) [cross-layer]	YES
MAGHREB_T2	AFRICA_W_T0	IBERIA_T1	BALKANS_T1	-0.000289703194230389	4.5657166450288e-05	-6.34518558101543	2.22157479174482e-10	A	f4(MAGHREB_T2, Africa; IBERIA_T1, BALKANS_T1)	YES
MAGHREB_T2	AFRICA_W_T0	IBERIA_T1	BALKANS_T1	-0.000289703194230389	4.5657166450288e-05	-6.34518558101543	2.22157479174482e-10	A_cross	f4(MAGHREB_T2, Africa; IBERIA_T1, BALKANS_T1) [cross-layer]	YES
MAGHREB_T2	AFRICA_W_T0	IBERIA_T1	BALKANS_T2	-68.7733049911491	3.98124814187789	-17.2743075890542	7.34496236420916e-67	A	f4(MAGHREB_T2, Africa; IBERIA_T1, BALKANS_T2)	YES
MAGHREB_T2	AFRICA_W_T0	IBERIA_T1	BALKANS_T2	-68.7733049911491	3.98124814187789	-17.2743075890542	7.34496236420916e-67	A_cross	f4(MAGHREB_T2, Africa; IBERIA_T1, BALKANS_T2) [cross-layer]	YES
MAGHREB_T2	AFRICA_W_T0	IBERIA_T1	BALKANS_T2	-68.7733049911491	3.98124814187789	-17.2743075890542	7.34496236420916e-67	A	f4(MAGHREB_T2, Africa; IBERIA_T1, BALKANS_T2)	YES
MAGHREB_T2	AFRICA_W_T0	IBERIA_T1	BALKANS_T2	-68.7733049911491	3.98124814187789	-17.2743075890542	7.34496236420916e-67	A_cross	f4(MAGHREB_T2, Africa; IBERIA_T1, BALKANS_T2) [cross-layer]	YES
MAGHREB_T2	AFRICA_W_T0	IBERIA_T1	BALKANS_T4	-0.00449339510059867	0.000196182097094481	-22.9042056698714	4.21876739319072e-116	A_cross	f4(MAGHREB_T2, Africa; IBERIA_T1, BALKANS_T4) [cross-layer]	YES
MAGHREB_T2	AFRICA_W_T0	IBERIA_T1	EUROPE_CENTRAL_T0	0.000563487604147306	4.08849784911331e-05	13.7822649037106	3.25885245912518e-43	A_cross	f4(MAGHREB_T2, Africa; IBERIA_T1, EUROPE_CENTRAL_T0) [cross-layer]	YES
MAGHREB_T2	AFRICA_W_T0	IBERIA_T1	EUROPE_CENTRAL_T1	0.00023418219324992	3.95372267903794e-05	5.92308091034103	3.15965284897106e-09	A	f4(MAGHREB_T2, Africa; IBERIA_T1, EUROPE_CENTRAL_T1)	YES
MAGHREB_T2	AFRICA_W_T0	IBERIA_T1	EUROPE_CENTRAL_T1	0.00023418219324992	3.95372267903794e-05	5.92308091034103	3.15965284897106e-09	A_cross	f4(MAGHREB_T2, Africa; IBERIA_T1, EUROPE_CENTRAL_T1) [cross-layer]	YES
MAGHREB_T2	AFRICA_W_T0	IBERIA_T1	EUROPE_CENTRAL_T1	0.00023418219324992	3.95372267903794e-05	5.92308091034103	3.15965284897106e-09	A	f4(MAGHREB_T2, Africa; IBERIA_T1, EUROPE_CENTRAL_T1)	YES
MAGHREB_T2	AFRICA_W_T0	IBERIA_T1	EUROPE_CENTRAL_T1	0.00023418219324992	3.95372267903794e-05	5.92308091034103	3.15965284897106e-09	A_cross	f4(MAGHREB_T2, Africa; IBERIA_T1, EUROPE_CENTRAL_T1) [cross-layer]	YES
MAGHREB_T2	AFRICA_W_T0	IBERIA_T1	EUROPE_CENTRAL_T2	5.36757376352607e-05	3.84038142928891e-05	1.39766683657773	0.162213137457613	A	f4(MAGHREB_T2, Africa; IBERIA_T1, EUROPE_CENTRAL_T2)	YES
MAGHREB_T2	AFRICA_W_T0	IBERIA_T1	EUROPE_CENTRAL_T2	5.36757376352607e-05	3.84038142928891e-05	1.39766683657773	0.162213137457613	A_cross	f4(MAGHREB_T2, Africa; IBERIA_T1, EUROPE_CENTRAL_T2) [cross-layer]	YES
MAGHREB_T2	AFRICA_W_T0	IBERIA_T1	EUROPE_CENTRAL_T2	5.36757376352607e-05	3.84038142928891e-05	1.39766683657773	0.162213137457613	A	f4(MAGHREB_T2, Africa; IBERIA_T1, EUROPE_CENTRAL_T2)	YES
MAGHREB_T2	AFRICA_W_T0	IBERIA_T1	EUROPE_CENTRAL_T2	5.36757376352607e-05	3.84038142928891e-05	1.39766683657773	0.162213137457613	A_cross	f4(MAGHREB_T2, Africa; IBERIA_T1, EUROPE_CENTRAL_T2) [cross-layer]	YES
MAGHREB_T2	AFRICA_W_T0	IBERIA_T1	EUROPE_CENTRAL_T3	-0.00432832089645736	0.000187513094841888	-23.0827660335244	6.89813689549004e-118	A_cross	f4(MAGHREB_T2, Africa; IBERIA_T1, EUROPE_CENTRAL_T3) [cross-layer]	YES
MAGHREB_T2	AFRICA_W_T0	IBERIA_T1	EUROPE_CENTRAL_T4	-0.0034094410305926	0.000158829514123248	-21.4660420603375	3.23418345281479e-102	A_cross	f4(MAGHREB_T2, Africa; IBERIA_T1, EUROPE_CENTRAL_T4) [cross-layer]	YES
MAGHREB_T2	AFRICA_W_T0	IBERIA_T1	EUROPE_NW_T0	0.000569159880762905	4.0438272632604e-05	14.0747822226217	5.4271819890197e-45	A_cross	f4(MAGHREB_T2, Africa; IBERIA_T1, EUROPE_NW_T0) [cross-layer]	YES
MAGHREB_T2	AFRICA_W_T0	IBERIA_T1	EUROPE_NW_T1	0.000208028059539421	4.14395148239256e-05	5.02004090596433	5.16604771952362e-07	A	f4(MAGHREB_T2, Africa; IBERIA_T1, EUROPE_NW_T1)	YES
MAGHREB_T2	AFRICA_W_T0	IBERIA_T1	EUROPE_NW_T1	0.000208028059539421	4.14395148239256e-05	5.02004090596433	5.16604771952362e-07	A_cross	f4(MAGHREB_T2, Africa; IBERIA_T1, EUROPE_NW_T1) [cross-layer]	YES
MAGHREB_T2	AFRICA_W_T0	IBERIA_T1	EUROPE_NW_T1	0.000208028059539421	4.14395148239256e-05	5.02004090596433	5.16604771952362e-07	A	f4(MAGHREB_T2, Africa; IBERIA_T1, EUROPE_NW_T1)	YES
MAGHREB_T2	AFRICA_W_T0	IBERIA_T1	EUROPE_NW_T1	0.000208028059539421	4.14395148239256e-05	5.02004090596433	5.16604771952362e-07	A_cross	f4(MAGHREB_T2, Africa; IBERIA_T1, EUROPE_NW_T1) [cross-layer]	YES
MAGHREB_T2	AFRICA_W_T0	IBERIA_T1	EUROPE_NW_T2	-0.00040126848736674	5.73688808901682e-05	-6.99453224710731	2.66145364950046e-12	A	f4(MAGHREB_T2, Africa; IBERIA_T1, EUROPE_NW_T2)	YES
MAGHREB_T2	AFRICA_W_T0	IBERIA_T1	EUROPE_NW_T2	-0.00040126848736674	5.73688808901682e-05	-6.99453224710731	2.66145364950046e-12	A_cross	f4(MAGHREB_T2, Africa; IBERIA_T1, EUROPE_NW_T2) [cross-layer]	YES
MAGHREB_T2	AFRICA_W_T0	IBERIA_T1	EUROPE_NW_T2	-0.00040126848736674	5.73688808901682e-05	-6.99453224710731	2.66145364950046e-12	A	f4(MAGHREB_T2, Africa; IBERIA_T1, EUROPE_NW_T2)	YES
MAGHREB_T2	AFRICA_W_T0	IBERIA_T1	EUROPE_NW_T2	-0.00040126848736674	5.73688808901682e-05	-6.99453224710731	2.66145364950046e-12	A_cross	f4(MAGHREB_T2, Africa; IBERIA_T1, EUROPE_NW_T2) [cross-layer]	YES
MAGHREB_T2	AFRICA_W_T0	IBERIA_T1	EUROPE_NW_T3	-0.00452145829003378	0.000192120436074173	-23.5344994131085	1.80939743965505e-122	A_cross	f4(MAGHREB_T2, Africa; IBERIA_T1, EUROPE_NW_T3) [cross-layer]	YES
MAGHREB_T2	AFRICA_W_T0	IBERIA_T1	EUROPE_NW_T4	-0.00353364718561264	0.000165695630312208	-21.326133821118	6.49602927050475e-101	A_cross	f4(MAGHREB_T2, Africa; IBERIA_T1, EUROPE_NW_T4) [cross-layer]	YES
MAGHREB_T2	AFRICA_W_T0	IBERIA_T1	GREECE_T0	-0.00470523274222368	0.000205011258433953	-22.951094384602	1.43685628416128e-116	A_cross	f4(MAGHREB_T2, Africa; IBERIA_T1, GREECE_T0) [cross-layer]	PARTIAL
MAGHREB_T2	AFRICA_W_T0	IBERIA_T1	GREECE_T1	-0.00156682769915631	9.86755642320285e-05	-15.8785785655305	8.91764354880272e-57	A	f4(MAGHREB_T2, Africa; IBERIA_T1, GREECE_T1)	YES
MAGHREB_T2	AFRICA_W_T0	IBERIA_T1	GREECE_T1	-0.00156682769915631	9.86755642320285e-05	-15.8785785655305	8.91764354880272e-57	A_cross	f4(MAGHREB_T2, Africa; IBERIA_T1, GREECE_T1) [cross-layer]	YES
MAGHREB_T2	AFRICA_W_T0	IBERIA_T1	GREECE_T1	-0.00156682769915631	9.86755642320285e-05	-15.8785785655305	8.91764354880272e-57	A	f4(MAGHREB_T2, Africa; IBERIA_T1, GREECE_T1)	YES
MAGHREB_T2	AFRICA_W_T0	IBERIA_T1	GREECE_T1	-0.00156682769915631	9.86755642320285e-05	-15.8785785655305	8.91764354880272e-57	A_cross	f4(MAGHREB_T2, Africa; IBERIA_T1, GREECE_T1) [cross-layer]	YES
MAGHREB_T2	AFRICA_W_T0	IBERIA_T1	GREECE_T2	-0.00428146012305108	0.000184505448469332	-23.2050606557711	4.04788998955239e-119	A	f4(MAGHREB_T2, Africa; IBERIA_T1, GREECE_T2)	YES
MAGHREB_T2	AFRICA_W_T0	IBERIA_T1	GREECE_T2	-0.00428146012305108	0.000184505448469332	-23.2050606557711	4.04788998955239e-119	A_cross	f4(MAGHREB_T2, Africa; IBERIA_T1, GREECE_T2) [cross-layer]	YES
MAGHREB_T2	AFRICA_W_T0	IBERIA_T1	GREECE_T2	-0.00428146012305108	0.000184505448469332	-23.2050606557711	4.04788998955239e-119	A	f4(MAGHREB_T2, Africa; IBERIA_T1, GREECE_T2)	YES
MAGHREB_T2	AFRICA_W_T0	IBERIA_T1	GREECE_T2	-0.00428146012305108	0.000184505448469332	-23.2050606557711	4.04788998955239e-119	A_cross	f4(MAGHREB_T2, Africa; IBERIA_T1, GREECE_T2) [cross-layer]	YES
MAGHREB_T2	AFRICA_W_T0	IBERIA_T1	ITALY_T0	-7.57973749276915e-05	4.38067826874536e-05	-1.73026573232917	0.0835828090068774	A_cross	f4(MAGHREB_T2, Africa; IBERIA_T1, ITALY_T0) [cross-layer]	YES
MAGHREB_T2	AFRICA_W_T0	IBERIA_T1	ITALY_T1	-0.000614541625960604	6.06563799934152e-05	-10.1315249282486	4.00356372651998e-24	A	f4(MAGHREB_T2, Africa; IBERIA_T1, ITALY_T1)	YES
MAGHREB_T2	AFRICA_W_T0	IBERIA_T1	ITALY_T1	-0.000614541625960604	6.06563799934152e-05	-10.1315249282486	4.00356372651998e-24	A_cross	f4(MAGHREB_T2, Africa; IBERIA_T1, ITALY_T1) [cross-layer]	YES
MAGHREB_T2	AFRICA_W_T0	IBERIA_T1	ITALY_T1	-0.000614541625960604	6.06563799934152e-05	-10.1315249282486	4.00356372651998e-24	A	f4(MAGHREB_T2, Africa; IBERIA_T1, ITALY_T1)	YES
MAGHREB_T2	AFRICA_W_T0	IBERIA_T1	ITALY_T1	-0.000614541625960604	6.06563799934152e-05	-10.1315249282486	4.00356372651998e-24	A_cross	f4(MAGHREB_T2, Africa; IBERIA_T1, ITALY_T1) [cross-layer]	YES
MAGHREB_T2	AFRICA_W_T0	IBERIA_T1	ITALY_T2	-0.00354151265038385	0.000156525594936587	-22.6257734514193	2.41688225114935e-113	A	f4(MAGHREB_T2, Africa; IBERIA_T1, ITALY_T2)	YES
MAGHREB_T2	AFRICA_W_T0	IBERIA_T1	ITALY_T2	-0.00354151265038385	0.000156525594936587	-22.6257734514193	2.41688225114935e-113	A_cross	f4(MAGHREB_T2, Africa; IBERIA_T1, ITALY_T2) [cross-layer]	YES
MAGHREB_T2	AFRICA_W_T0	IBERIA_T1	ITALY_T2	-0.00354151265038385	0.000156525594936587	-22.6257734514193	2.41688225114935e-113	A	f4(MAGHREB_T2, Africa; IBERIA_T1, ITALY_T2)	YES
MAGHREB_T2	AFRICA_W_T0	IBERIA_T1	ITALY_T2	-0.00354151265038385	0.000156525594936587	-22.6257734514193	2.41688225114935e-113	A_cross	f4(MAGHREB_T2, Africa; IBERIA_T1, ITALY_T2) [cross-layer]	YES
MAGHREB_T2	AFRICA_W_T0	IBERIA_T1	ITALY_T3	-0.00477276672859894	0.000209923133365282	-22.7357826271294	1.98404585541485e-114	A_cross	f4(MAGHREB_T2, Africa; IBERIA_T1, ITALY_T3) [cross-layer]	PARTIAL
MAGHREB_T2	AFRICA_W_T0	IBERIA_T1	ITALY_T4	-0.00436761086989142	0.000189572770295515	-23.0392311252453	1.88608925322113e-117	A_cross	f4(MAGHREB_T2, Africa; IBERIA_T1, ITALY_T4) [cross-layer]	PARTIAL
MAGHREB_T2	AFRICA_W_T0	IBERIA_T1	LEVANT_T0	-0.000455818715346015	7.34314743288354e-05	-6.20740247301588	5.38675168926175e-10	A_cross	f4(MAGHREB_T2, Africa; IBERIA_T1, LEVANT_T0) [cross-layer]	YES
MAGHREB_T2	AFRICA_W_T0	IBERIA_T1	LEVANT_T1	-0.00126119807901679	7.63364147241577e-05	-16.5215786407332	2.56593019553037e-61	A	f4(MAGHREB_T2, Africa; IBERIA_T1, LEVANT_T1)	YES
MAGHREB_T2	AFRICA_W_T0	IBERIA_T1	LEVANT_T1	-0.00126119807901679	7.63364147241577e-05	-16.5215786407332	2.56593019553037e-61	A_cross	f4(MAGHREB_T2, Africa; IBERIA_T1, LEVANT_T1) [cross-layer]	YES
MAGHREB_T2	AFRICA_W_T0	IBERIA_T1	LEVANT_T1	-0.00126119807901679	7.63364147241577e-05	-16.5215786407332	2.56593019553037e-61	A	f4(MAGHREB_T2, Africa; IBERIA_T1, LEVANT_T1)	YES
MAGHREB_T2	AFRICA_W_T0	IBERIA_T1	LEVANT_T1	-0.00126119807901679	7.63364147241577e-05	-16.5215786407332	2.56593019553037e-61	A_cross	f4(MAGHREB_T2, Africa; IBERIA_T1, LEVANT_T1) [cross-layer]	YES
MAGHREB_T2	AFRICA_W_T0	IBERIA_T1	LEVANT_T2	-0.00264737277853104	0.000128108885717922	-20.6650207258862	7.15263699394461e-95	A	f4(MAGHREB_T2, Africa; IBERIA_T1, LEVANT_T2)	YES
MAGHREB_T2	AFRICA_W_T0	IBERIA_T1	LEVANT_T2	-0.00264737277853104	0.000128108885717922	-20.6650207258862	7.15263699394461e-95	A_cross	f4(MAGHREB_T2, Africa; IBERIA_T1, LEVANT_T2) [cross-layer]	YES
MAGHREB_T2	AFRICA_W_T0	IBERIA_T1	LEVANT_T2	-0.00264737277853104	0.000128108885717922	-20.6650207258862	7.15263699394461e-95	A	f4(MAGHREB_T2, Africa; IBERIA_T1, LEVANT_T2)	YES
MAGHREB_T2	AFRICA_W_T0	IBERIA_T1	LEVANT_T2	-0.00264737277853104	0.000128108885717922	-20.6650207258862	7.15263699394461e-95	A_cross	f4(MAGHREB_T2, Africa; IBERIA_T1, LEVANT_T2) [cross-layer]	YES
MAGHREB_T2	AFRICA_W_T0	IBERIA_T1	LEVANT_T3	-0.00393408526075582	0.000171992937388275	-22.8735279511774	8.52545536878979e-116	A_cross	f4(MAGHREB_T2, Africa; IBERIA_T1, LEVANT_T3) [cross-layer]	YES
MAGHREB_T2	AFRICA_W_T0	IBERIA_T1	MALTA_T1	-0.00497735656480558	0.00023175489034206	-21.4768135311372	2.56510167202346e-102	A	f4(MAGHREB_T2, Africa; IBERIA_T1, MALTA_T1)	PARTIAL
MAGHREB_T2	AFRICA_W_T0	IBERIA_T1	MALTA_T1	-0.00497735656480558	0.00023175489034206	-21.4768135311372	2.56510167202346e-102	A_cross	f4(MAGHREB_T2, Africa; IBERIA_T1, MALTA_T1) [cross-layer]	PARTIAL
MAGHREB_T2	AFRICA_W_T0	IBERIA_T1	MALTA_T1	-0.00497735656480558	0.00023175489034206	-21.4768135311372	2.56510167202346e-102	A	f4(MAGHREB_T2, Africa; IBERIA_T1, MALTA_T1)	PARTIAL
MAGHREB_T2	AFRICA_W_T0	IBERIA_T1	MALTA_T1	-0.00497735656480558	0.00023175489034206	-21.4768135311372	2.56510167202346e-102	A_cross	f4(MAGHREB_T2, Africa; IBERIA_T1, MALTA_T1) [cross-layer]	PARTIAL
MAGHREB_T2	AFRICA_W_T0	IBERIA_T1	SARDINIA_T0	-0.00202904241343266	0.000115221617260033	-17.6099108976529	2.06770275031519e-69	A_cross	f4(MAGHREB_T2, Africa; IBERIA_T1, SARDINIA_T0) [cross-layer]	YES
MAGHREB_T2	AFRICA_W_T0	IBERIA_T1	SARDINIA_T1	-0.00135018915062896	8.23201403022011e-05	-16.4016867035498	1.86001277597899e-60	A	f4(MAGHREB_T2, Africa; IBERIA_T1, SARDINIA_T1)	YES
MAGHREB_T2	AFRICA_W_T0	IBERIA_T1	SARDINIA_T1	-0.00135018915062896	8.23201403022011e-05	-16.4016867035498	1.86001277597899e-60	A_cross	f4(MAGHREB_T2, Africa; IBERIA_T1, SARDINIA_T1) [cross-layer]	YES
MAGHREB_T2	AFRICA_W_T0	IBERIA_T1	SARDINIA_T1	-0.00135018915062896	8.23201403022011e-05	-16.4016867035498	1.86001277597899e-60	A	f4(MAGHREB_T2, Africa; IBERIA_T1, SARDINIA_T1)	YES
MAGHREB_T2	AFRICA_W_T0	IBERIA_T1	SARDINIA_T1	-0.00135018915062896	8.23201403022011e-05	-16.4016867035498	1.86001277597899e-60	A_cross	f4(MAGHREB_T2, Africa; IBERIA_T1, SARDINIA_T1) [cross-layer]	YES
MAGHREB_T2	AFRICA_W_T0	IBERIA_T1	SARDINIA_T2	-0.00452267916594296	0.000194566423308329	-23.2449108589301	1.60154025326438e-119	A	f4(MAGHREB_T2, Africa; IBERIA_T1, SARDINIA_T2)	PARTIAL
MAGHREB_T2	AFRICA_W_T0	IBERIA_T1	SARDINIA_T2	-0.00452267916594296	0.000194566423308329	-23.2449108589301	1.60154025326438e-119	A_cross	f4(MAGHREB_T2, Africa; IBERIA_T1, SARDINIA_T2) [cross-layer]	PARTIAL
MAGHREB_T2	AFRICA_W_T0	IBERIA_T1	SARDINIA_T2	-0.00452267916594296	0.000194566423308329	-23.2449108589301	1.60154025326438e-119	A	f4(MAGHREB_T2, Africa; IBERIA_T1, SARDINIA_T2)	PARTIAL
MAGHREB_T2	AFRICA_W_T0	IBERIA_T1	SARDINIA_T2	-0.00452267916594296	0.000194566423308329	-23.2449108589301	1.60154025326438e-119	A_cross	f4(MAGHREB_T2, Africa; IBERIA_T1, SARDINIA_T2) [cross-layer]	PARTIAL
MAGHREB_T2	AFRICA_W_T0	IBERIA_T1	SICILY_T0	-0.00417149039189612	0.00018054029520423	-23.105591952075	4.0678752001245e-118	A_cross	f4(MAGHREB_T2, Africa; IBERIA_T1, SICILY_T0) [cross-layer]	YES
MAGHREB_T2	AFRICA_W_T0	IBERIA_T1	SICILY_T1	-0.00110875227305676	7.28389079586242e-05	-15.2219782548989	2.52770557234952e-52	A	f4(MAGHREB_T2, Africa; IBERIA_T1, SICILY_T1)	YES
MAGHREB_T2	AFRICA_W_T0	IBERIA_T1	SICILY_T1	-0.00110875227305676	7.28389079586242e-05	-15.2219782548989	2.52770557234952e-52	A_cross	f4(MAGHREB_T2, Africa; IBERIA_T1, SICILY_T1) [cross-layer]	YES
MAGHREB_T2	AFRICA_W_T0	IBERIA_T1	SICILY_T1	-0.00110875227305676	7.28389079586242e-05	-15.2219782548989	2.52770557234952e-52	A	f4(MAGHREB_T2, Africa; IBERIA_T1, SICILY_T1)	YES
MAGHREB_T2	AFRICA_W_T0	IBERIA_T1	SICILY_T1	-0.00110875227305676	7.28389079586242e-05	-15.2219782548989	2.52770557234952e-52	A_cross	f4(MAGHREB_T2, Africa; IBERIA_T1, SICILY_T1) [cross-layer]	YES
MAGHREB_T2	AFRICA_W_T0	IBERIA_T1	SICILY_T2	-0.0033303977362598	0.000146894786357745	-22.6719941451769	8.46706121713148e-114	A	f4(MAGHREB_T2, Africa; IBERIA_T1, SICILY_T2)	YES
MAGHREB_T2	AFRICA_W_T0	IBERIA_T1	SICILY_T2	-0.0033303977362598	0.000146894786357745	-22.6719941451769	8.46706121713148e-114	A_cross	f4(MAGHREB_T2, Africa; IBERIA_T1, SICILY_T2) [cross-layer]	YES
MAGHREB_T2	AFRICA_W_T0	IBERIA_T1	SICILY_T2	-0.0033303977362598	0.000146894786357745	-22.6719941451769	8.46706121713148e-114	A	f4(MAGHREB_T2, Africa; IBERIA_T1, SICILY_T2)	YES
MAGHREB_T2	AFRICA_W_T0	IBERIA_T1	SICILY_T2	-0.0033303977362598	0.000146894786357745	-22.6719941451769	8.46706121713148e-114	A_cross	f4(MAGHREB_T2, Africa; IBERIA_T1, SICILY_T2) [cross-layer]	YES
MAGHREB_T2	AFRICA_W_T0	IBERIA_T1	SICILY_T3	-0.00451018816604533	0.000196392244043481	-22.9652051078289	1.03861612343664e-116	A_cross	f4(MAGHREB_T2, Africa; IBERIA_T1, SICILY_T3) [cross-layer]	PARTIAL
MAGHREB_T2	AFRICA_W_T0	IBERIA_T2	ANATOLIA_T2	0.0026336869272505	0.000112852876551785	23.337348658915	1.85264772559739e-120	A	f4(MAGHREB_T2, Africa; IBERIA_T2, ANATOLIA_T2)	YES
MAGHREB_T2	AFRICA_W_T0	IBERIA_T2	BALKANS_T2	-68.7703345350055	3.98120803941491	-17.2737354727919	7.41815471777077e-67	A	f4(MAGHREB_T2, Africa; IBERIA_T2, BALKANS_T2)	YES
MAGHREB_T2	AFRICA_W_T0	IBERIA_T2	BALKANS_T2	-68.7703345350055	3.98120803941491	-17.2737354727919	7.41815471777077e-67	B	f4(MAGHREB_T2, Africa; IBERIA_T2, BALKANS_T2) [same-layer]	YES
MAGHREB_T2	AFRICA_W_T0	IBERIA_T2	BALKANS_T2	-68.7703345350055	3.98120803941491	-17.2737354727919	7.41815471777077e-67	A	f4(MAGHREB_T2, Africa; IBERIA_T2, BALKANS_T2)	YES
MAGHREB_T2	AFRICA_W_T0	IBERIA_T2	BALKANS_T2	-68.7703345350055	3.98120803941491	-17.2737354727919	7.41815471777077e-67	B	f4(MAGHREB_T2, Africa; IBERIA_T2, BALKANS_T2) [same-layer]	YES
MAGHREB_T2	AFRICA_W_T0	IBERIA_T2	EUROPE_CENTRAL_T2	0.00302413188137227	0.000128456982430053	23.5419813245181	1.51674429974877e-122	A	f4(MAGHREB_T2, Africa; IBERIA_T2, EUROPE_CENTRAL_T2)	YES
MAGHREB_T2	AFRICA_W_T0	IBERIA_T2	EUROPE_NW_T2	0.00256918765637026	0.000114189908843244	22.4992530635711	4.22110509343752e-112	A	f4(MAGHREB_T2, Africa; IBERIA_T2, EUROPE_NW_T2)	YES
MAGHREB_T2	AFRICA_W_T0	IBERIA_T2	GREECE_T2	-0.00131100397931408	0.000132633913127485	-9.88437985731421	4.86585155677626e-23	A	f4(MAGHREB_T2, Africa; IBERIA_T2, GREECE_T2)	YES
MAGHREB_T2	AFRICA_W_T0	IBERIA_T2	GREECE_T2	-0.00131100397931408	0.000132633913127485	-9.88437985731421	4.86585155677626e-23	B	f4(MAGHREB_T2, Africa; IBERIA_T2, GREECE_T2) [same-layer]	YES
MAGHREB_T2	AFRICA_W_T0	IBERIA_T2	GREECE_T2	-0.00131100397931408	0.000132633913127485	-9.88437985731421	4.86585155677626e-23	A	f4(MAGHREB_T2, Africa; IBERIA_T2, GREECE_T2)	YES
MAGHREB_T2	AFRICA_W_T0	IBERIA_T2	GREECE_T2	-0.00131100397931408	0.000132633913127485	-9.88437985731421	4.86585155677626e-23	B	f4(MAGHREB_T2, Africa; IBERIA_T2, GREECE_T2) [same-layer]	YES
MAGHREB_T2	AFRICA_W_T0	IBERIA_T2	ITALY_T2	-0.00057105650664684	0.000110078440496102	-5.18772344587371	2.1288042323581e-07	A	f4(MAGHREB_T2, Africa; IBERIA_T2, ITALY_T2)	YES
MAGHREB_T2	AFRICA_W_T0	IBERIA_T2	ITALY_T2	-0.00057105650664684	0.000110078440496102	-5.18772344587371	2.1288042323581e-07	B	f4(MAGHREB_T2, Africa; IBERIA_T2, ITALY_T2) [same-layer]	YES
MAGHREB_T2	AFRICA_W_T0	IBERIA_T2	ITALY_T2	-0.00057105650664684	0.000110078440496102	-5.18772344587371	2.1288042323581e-07	A	f4(MAGHREB_T2, Africa; IBERIA_T2, ITALY_T2)	YES
MAGHREB_T2	AFRICA_W_T0	IBERIA_T2	ITALY_T2	-0.00057105650664684	0.000110078440496102	-5.18772344587371	2.1288042323581e-07	B	f4(MAGHREB_T2, Africa; IBERIA_T2, ITALY_T2) [same-layer]	YES
MAGHREB_T2	AFRICA_W_T0	IBERIA_T2	LEVANT_T2	0.000323083365205961	9.97388188435379e-05	3.2392940777932	0.00119825956671045	A	f4(MAGHREB_T2, Africa; IBERIA_T2, LEVANT_T2)	YES
MAGHREB_T2	AFRICA_W_T0	IBERIA_T2	LEVANT_T2	0.000323083365205961	9.97388188435379e-05	3.2392940777932	0.00119825956671045	B	f4(MAGHREB_T2, Africa; IBERIA_T2, LEVANT_T2) [same-layer]	YES
MAGHREB_T2	AFRICA_W_T0	IBERIA_T2	LEVANT_T2	0.000323083365205961	9.97388188435379e-05	3.2392940777932	0.00119825956671045	A	f4(MAGHREB_T2, Africa; IBERIA_T2, LEVANT_T2)	YES
MAGHREB_T2	AFRICA_W_T0	IBERIA_T2	LEVANT_T2	0.000323083365205961	9.97388188435379e-05	3.2392940777932	0.00119825956671045	B	f4(MAGHREB_T2, Africa; IBERIA_T2, LEVANT_T2) [same-layer]	YES
MAGHREB_T2	AFRICA_W_T0	IBERIA_T2	SARDINIA_T2	-0.00155222302220596	0.000144416370044766	-10.7482484272718	6.03976353977648e-27	A	f4(MAGHREB_T2, Africa; IBERIA_T2, SARDINIA_T2)	PARTIAL
MAGHREB_T2	AFRICA_W_T0	IBERIA_T2	SARDINIA_T2	-0.00155222302220596	0.000144416370044766	-10.7482484272718	6.03976353977648e-27	B	f4(MAGHREB_T2, Africa; IBERIA_T2, SARDINIA_T2) [same-layer]	PARTIAL
MAGHREB_T2	AFRICA_W_T0	IBERIA_T2	SARDINIA_T2	-0.00155222302220596	0.000144416370044766	-10.7482484272718	6.03976353977648e-27	A	f4(MAGHREB_T2, Africa; IBERIA_T2, SARDINIA_T2)	PARTIAL
MAGHREB_T2	AFRICA_W_T0	IBERIA_T2	SARDINIA_T2	-0.00155222302220596	0.000144416370044766	-10.7482484272718	6.03976353977648e-27	B	f4(MAGHREB_T2, Africa; IBERIA_T2, SARDINIA_T2) [same-layer]	PARTIAL
MAGHREB_T2	AFRICA_W_T0	IBERIA_T2	SICILY_T2	-0.000359941592522787	0.000100970176672573	-3.5648307686933	0.000364091032075453	A	f4(MAGHREB_T2, Africa; IBERIA_T2, SICILY_T2)	YES
MAGHREB_T2	AFRICA_W_T0	IBERIA_T2	SICILY_T2	-0.000359941592522787	0.000100970176672573	-3.5648307686933	0.000364091032075453	B	f4(MAGHREB_T2, Africa; IBERIA_T2, SICILY_T2) [same-layer]	YES
MAGHREB_T2	AFRICA_W_T0	IBERIA_T2	SICILY_T2	-0.000359941592522787	0.000100970176672573	-3.5648307686933	0.000364091032075453	A	f4(MAGHREB_T2, Africa; IBERIA_T2, SICILY_T2)	YES
MAGHREB_T2	AFRICA_W_T0	IBERIA_T2	SICILY_T2	-0.000359941592522787	0.000100970176672573	-3.5648307686933	0.000364091032075453	B	f4(MAGHREB_T2, Africa; IBERIA_T2, SICILY_T2) [same-layer]	YES
MAGHREB_T2	AFRICA_W_T0	ITALY_T0	BALKANS_T0	-0.000339851797815971	4.89084662198456e-05	-6.94873145864609	3.68585390972779e-12	C_route	f4(MAGHREB_T2, Africa; ITALY_T0, BALKANS_T0) [route via Italy]	YES
MAGHREB_T2	AFRICA_W_T0	ITALY_T0	BALKANS_T1	-0.000213905819302697	4.41307465075427e-05	-4.84709270136948	1.25283894835936e-06	C_route	f4(MAGHREB_T2, Africa; ITALY_T0, BALKANS_T1) [route via Italy]	YES
MAGHREB_T2	AFRICA_W_T0	ITALY_T0	BALKANS_T2	-68.7732291937743	3.98123916160979	-17.2743275151464	7.34242617866557e-67	C_route	f4(MAGHREB_T2, Africa; ITALY_T0, BALKANS_T2) [route via Italy]	YES
MAGHREB_T2	AFRICA_W_T0	ITALY_T0	BALKANS_T4	-0.00441759772567097	0.000190431673227719	-23.1978097487407	4.79099720266059e-119	C_route	f4(MAGHREB_T2, Africa; ITALY_T0, BALKANS_T4) [route via Italy]	YES
MAGHREB_T2	AFRICA_W_T0	ITALY_T0	EUROPE_NW_T0	0.000644957255690596	4.90631340820044e-05	13.1454557022919	1.80713519786349e-39	C_route	f4(MAGHREB_T2, Africa; ITALY_T0, EUROPE_NW_T0) [route via Italy]	YES
MAGHREB_T2	AFRICA_W_T0	ITALY_T0	EUROPE_NW_T1	0.000283825434467113	4.79461800618253e-05	5.91966730407152	3.2259352656423e-09	C_route	f4(MAGHREB_T2, Africa; ITALY_T0, EUROPE_NW_T1) [route via Italy]	YES
MAGHREB_T2	AFRICA_W_T0	ITALY_T0	EUROPE_NW_T2	-0.000325471112439048	5.34019716478893e-05	-6.09473962094642	1.09615723179114e-09	C_route	f4(MAGHREB_T2, Africa; ITALY_T0, EUROPE_NW_T2) [route via Italy]	YES
MAGHREB_T2	AFRICA_W_T0	ITALY_T0	EUROPE_NW_T3	-0.00444566091510608	0.00018722354094083	-23.7452026212402	1.2315704306226e-124	C_route	f4(MAGHREB_T2, Africa; ITALY_T0, EUROPE_NW_T3) [route via Italy]	YES
MAGHREB_T2	AFRICA_W_T0	ITALY_T0	EUROPE_NW_T4	-0.00345784981068496	0.000160462947811655	-21.5492103182826	5.3857651685646e-103	C_route	f4(MAGHREB_T2, Africa; ITALY_T0, EUROPE_NW_T4) [route via Italy]	YES
MAGHREB_T2	AFRICA_W_T0	ITALY_T0	GREECE_T0	-0.00462943536729598	0.000198857637420626	-23.2801486900086	7.04501715682408e-120	C_route	f4(MAGHREB_T2, Africa; ITALY_T0, GREECE_T0) [route via Italy]	PARTIAL
MAGHREB_T2	AFRICA_W_T0	ITALY_T0	GREECE_T1	-0.00149103032422862	8.85603330050666e-05	-16.8363224666659	1.32201432032577e-63	C_route	f4(MAGHREB_T2, Africa; ITALY_T0, GREECE_T1) [route via Italy]	YES
MAGHREB_T2	AFRICA_W_T0	ITALY_T0	GREECE_T2	-0.00420566274812339	0.000178238998176994	-23.5956372687144	4.27282868460584e-123	C_route	f4(MAGHREB_T2, Africa; ITALY_T0, GREECE_T2) [route via Italy]	YES
MAGHREB_T2	AFRICA_W_T0	ITALY_T0	LEVANT_T0	-0.000380021340418323	6.51946816862245e-05	-5.82902363489292	5.57526076936856e-09	C_route	f4(MAGHREB_T2, Africa; ITALY_T0, LEVANT_T0) [route via Italy]	YES
MAGHREB_T2	AFRICA_W_T0	ITALY_T0	LEVANT_T1	-0.0011854007040891	6.61522449341082e-05	-17.9192815794813	8.33981854118139e-72	C_route	f4(MAGHREB_T2, Africa; ITALY_T0, LEVANT_T1) [route via Italy]	YES
MAGHREB_T2	AFRICA_W_T0	ITALY_T0	LEVANT_T2	-0.00257157540360335	0.000121094036584137	-21.2361853328475	4.42390311526593e-100	C_route	f4(MAGHREB_T2, Africa; ITALY_T0, LEVANT_T2) [route via Italy]	YES
MAGHREB_T2	AFRICA_W_T0	ITALY_T0	LEVANT_T3	-0.00385828788582813	0.000166104658268089	-23.2280534818052	2.37119672528651e-119	C_route	f4(MAGHREB_T2, Africa; ITALY_T0, LEVANT_T3) [route via Italy]	YES
MAGHREB_T2	AFRICA_W_T0	ITALY_T1	BALKANS_T0	0.000198892453216942	5.20423776486047e-05	3.82174032400832	0.000132513188159686	C_route	f4(MAGHREB_T2, Africa; ITALY_T1, BALKANS_T0) [route via Italy]	YES
MAGHREB_T2	AFRICA_W_T0	ITALY_T1	BALKANS_T1	0.000324838431730216	6.13957253357992e-05	5.29089655596603	1.21718199310633e-07	C_route	f4(MAGHREB_T2, Africa; ITALY_T1, BALKANS_T1) [route via Italy]	YES
MAGHREB_T2	AFRICA_W_T0	ITALY_T1	BALKANS_T2	-68.7726904495232	3.98122477068551	-17.2742546353849	7.35170653151908e-67	C_route	f4(MAGHREB_T2, Africa; ITALY_T1, BALKANS_T2) [route via Italy]	YES
MAGHREB_T2	AFRICA_W_T0	ITALY_T1	BALKANS_T4	-0.00387885347463806	0.000182348751659063	-21.2716206683462	2.07969914733015e-100	C_route	f4(MAGHREB_T2, Africa; ITALY_T1, BALKANS_T4) [route via Italy]	YES
MAGHREB_T2	AFRICA_W_T0	ITALY_T1	EUROPE_NW_T0	0.00118370150672351	6.96556487508117e-05	16.9936182915778	9.15625419050101e-65	C_route	f4(MAGHREB_T2, Africa; ITALY_T1, EUROPE_NW_T0) [route via Italy]	YES
MAGHREB_T2	AFRICA_W_T0	ITALY_T1	EUROPE_NW_T1	0.000822569685500024	6.87922169372555e-05	11.9573074124109	5.94587676903199e-33	C_route	f4(MAGHREB_T2, Africa; ITALY_T1, EUROPE_NW_T1) [route via Italy]	YES
MAGHREB_T2	AFRICA_W_T0	ITALY_T1	EUROPE_NW_T2	0.000213273138593865	5.66047752897293e-05	3.76775877127389	0.000164719757933865	C_route	f4(MAGHREB_T2, Africa; ITALY_T1, EUROPE_NW_T2) [route via Italy]	YES
MAGHREB_T2	AFRICA_W_T0	ITALY_T1	EUROPE_NW_T3	-0.00390691666407317	0.000177568573762715	-22.0022979364241	2.7375252885158e-107	C_route	f4(MAGHREB_T2, Africa; ITALY_T1, EUROPE_NW_T3) [route via Italy]	YES
MAGHREB_T2	AFRICA_W_T0	ITALY_T1	EUROPE_NW_T4	-0.00291910555965204	0.000152743894976736	-19.1111111844872	2.04076849476842e-81	C_route	f4(MAGHREB_T2, Africa; ITALY_T1, EUROPE_NW_T4) [route via Italy]	YES
MAGHREB_T2	AFRICA_W_T0	ITALY_T1	GREECE_T0	-0.00409069111626307	0.000189701132201237	-21.5638729658378	3.92358635571598e-103	C_route	f4(MAGHREB_T2, Africa; ITALY_T1, GREECE_T0) [route via Italy]	PARTIAL
MAGHREB_T2	AFRICA_W_T0	ITALY_T1	GREECE_T1	-0.000952286073195709	7.74463066413645e-05	-12.2960811753816	9.50760568600303e-35	C_route	f4(MAGHREB_T2, Africa; ITALY_T1, GREECE_T1) [route via Italy]	YES
MAGHREB_T2	AFRICA_W_T0	ITALY_T1	GREECE_T2	-0.00366691849709047	0.000167953719520198	-21.8329103253322	1.12992507428115e-105	C_route	f4(MAGHREB_T2, Africa; ITALY_T1, GREECE_T2) [route via Italy]	YES
MAGHREB_T2	AFRICA_W_T0	ITALY_T1	LEVANT_T0	0.000158722910614589	6.56030770295547e-05	2.41944307799897	0.0155442933525435	C_route	f4(MAGHREB_T2, Africa; ITALY_T1, LEVANT_T0) [route via Italy]	YES
MAGHREB_T2	AFRICA_W_T0	ITALY_T1	LEVANT_T1	-0.000646656453056191	6.02818254696394e-05	-10.7272208168592	7.58429355157192e-27	C_route	f4(MAGHREB_T2, Africa; ITALY_T1, LEVANT_T1) [route via Italy]	YES
MAGHREB_T2	AFRICA_W_T0	ITALY_T1	LEVANT_T2	-0.00203283115257044	0.00011036488823243	-18.4191837198191	9.21831643331301e-76	C_route	f4(MAGHREB_T2, Africa; ITALY_T1, LEVANT_T2) [route via Italy]	YES
MAGHREB_T2	AFRICA_W_T0	ITALY_T1	LEVANT_T3	-0.00331954363479522	0.000156179104703939	-21.2547231659954	2.98114944796675e-100	C_route	f4(MAGHREB_T2, Africa; ITALY_T1, LEVANT_T3) [route via Italy]	YES
MAGHREB_T2	AFRICA_W_T0	ITALY_T2	BALKANS_T0	0.00312586347764018	0.000146684974659564	21.3100454555409	9.16063706137894e-101	C_route	f4(MAGHREB_T2, Africa; ITALY_T2, BALKANS_T0) [route via Italy]	YES
MAGHREB_T2	AFRICA_W_T0	ITALY_T2	BALKANS_T1	0.00325180945615346	0.000153722212054503	21.1538034269277	2.54566280557554e-99	C_route	f4(MAGHREB_T2, Africa; ITALY_T2, BALKANS_T1) [route via Italy]	YES
MAGHREB_T2	AFRICA_W_T0	ITALY_T2	BALKANS_T2	-68.7697634784989	3.98120529406992	-17.2736039462554	7.43508376345317e-67	C_route	f4(MAGHREB_T2, Africa; ITALY_T2, BALKANS_T2) [route via Italy]	YES
MAGHREB_T2	AFRICA_W_T0	ITALY_T2	BALKANS_T4	-0.00095188245021482	0.00013043076153928	-7.29799043554732	2.92097396101199e-13	C_route	f4(MAGHREB_T2, Africa; ITALY_T2, BALKANS_T4) [route via Italy]	YES
MAGHREB_T2	AFRICA_W_T0	ITALY_T2	EUROPE_NW_T0	0.00411067253114675	0.000160213438269708	25.6574765234532	3.48911464278124e-145	C_route	f4(MAGHREB_T2, Africa; ITALY_T2, EUROPE_NW_T0) [route via Italy]	YES
MAGHREB_T2	AFRICA_W_T0	ITALY_T2	EUROPE_NW_T1	0.00374954070992326	0.000159894920647871	23.4500301493673	1.32096933336147e-121	C_route	f4(MAGHREB_T2, Africa; ITALY_T2, EUROPE_NW_T1) [route via Italy]	YES
MAGHREB_T2	AFRICA_W_T0	ITALY_T2	EUROPE_NW_T2	0.0031402441630171	0.000144449411860469	21.7394042839747	8.70208587338514e-105	C_route	f4(MAGHREB_T2, Africa; ITALY_T2, EUROPE_NW_T2) [route via Italy]	YES
MAGHREB_T2	AFRICA_W_T0	ITALY_T2	EUROPE_NW_T3	-0.00097994563964993	0.0001345234252157	-7.28457246816791	3.22691982978725e-13	C_route	f4(MAGHREB_T2, Africa; ITALY_T2, EUROPE_NW_T3) [route via Italy]	YES
MAGHREB_T2	AFRICA_W_T0	ITALY_T2	EUROPE_NW_T4	7.86546477120172e-06	0.000104603997586049	0.0751927742028353	0.940061333431024	C_route	f4(MAGHREB_T2, Africa; ITALY_T2, EUROPE_NW_T4) [route via Italy]	YES
MAGHREB_T2	AFRICA_W_T0	ITALY_T2	GREECE_T0	-0.00116372009183983	0.000144990442075316	-8.02618486558808	1.0055066668911e-15	C_route	f4(MAGHREB_T2, Africa; ITALY_T2, GREECE_T0) [route via Italy]	PARTIAL
MAGHREB_T2	AFRICA_W_T0	ITALY_T2	GREECE_T1	0.00197468495122753	0.000117143131644263	16.8570271556697	9.31583842817342e-64	C_route	f4(MAGHREB_T2, Africa; ITALY_T2, GREECE_T1) [route via Italy]	YES
MAGHREB_T2	AFRICA_W_T0	ITALY_T2	GREECE_T2	-0.000739947472667238	0.000126458340060484	-5.85131413486311	4.87704088979788e-09	C_route	f4(MAGHREB_T2, Africa; ITALY_T2, GREECE_T2) [route via Italy]	YES
MAGHREB_T2	AFRICA_W_T0	ITALY_T2	LEVANT_T0	0.00308569393503783	0.00014471635655176	21.3223578078002	7.04197063410285e-101	C_route	f4(MAGHREB_T2, Africa; ITALY_T2, LEVANT_T0) [route via Italy]	YES
MAGHREB_T2	AFRICA_W_T0	ITALY_T2	LEVANT_T1	0.00228031457136705	0.000130244639771333	17.5079341105364	1.24635868364617e-68	C_route	f4(MAGHREB_T2, Africa; ITALY_T2, LEVANT_T1) [route via Italy]	YES
MAGHREB_T2	AFRICA_W_T0	ITALY_T2	LEVANT_T2	0.000894139871852801	0.000108831365622694	8.2158288351603	2.10703821020289e-16	C_route	f4(MAGHREB_T2, Africa; ITALY_T2, LEVANT_T2) [route via Italy]	YES
MAGHREB_T2	AFRICA_W_T0	ITALY_T2	LEVANT_T3	-0.000392572610371979	0.000104948224359599	-3.74063127573127	0.000183558642192377	C_route	f4(MAGHREB_T2, Africa; ITALY_T2, LEVANT_T3) [route via Italy]	YES
MAGHREB_T2	AFRICA_W_T0	ITALY_T3	BALKANS_T0	0.00435711755585527	0.000204095793752366	21.3483946716799	4.03564728435609e-101	C_route	f4(MAGHREB_T2, Africa; ITALY_T3, BALKANS_T0) [route via Italy]	PARTIAL
MAGHREB_T2	AFRICA_W_T0	ITALY_T3	BALKANS_T1	0.00448306353436854	0.000207625432700044	21.5920731678629	2.13230078817097e-103	C_route	f4(MAGHREB_T2, Africa; ITALY_T3, BALKANS_T1) [route via Italy]	PARTIAL
MAGHREB_T2	AFRICA_W_T0	ITALY_T3	BALKANS_T2	-68.7685322244205	3.98119775476869	-17.2733273904943	7.47080551950725e-67	C_route	f4(MAGHREB_T2, Africa; ITALY_T3, BALKANS_T2) [route via Italy]	PARTIAL
MAGHREB_T2	AFRICA_W_T0	ITALY_T3	BALKANS_T4	0.000279371628000271	0.000140500484795352	1.98840330271595	0.0467671038261129	C_route	f4(MAGHREB_T2, Africa; ITALY_T3, BALKANS_T4) [route via Italy]	PARTIAL
MAGHREB_T2	AFRICA_W_T0	ITALY_T3	EUROPE_NW_T0	0.00534192660936184	0.000214552991463871	24.8979358102372	7.83319906028449e-137	C_route	f4(MAGHREB_T2, Africa; ITALY_T3, EUROPE_NW_T0) [route via Italy]	PARTIAL
MAGHREB_T2	AFRICA_W_T0	ITALY_T3	EUROPE_NW_T1	0.00498079478813835	0.000214408278508966	23.2304219910523	2.24403261697253e-119	C_route	f4(MAGHREB_T2, Africa; ITALY_T3, EUROPE_NW_T1) [route via Italy]	PARTIAL
MAGHREB_T2	AFRICA_W_T0	ITALY_T3	EUROPE_NW_T2	0.0043714982412322	0.000203062914955852	21.5278020715038	8.549311570414e-103	C_route	f4(MAGHREB_T2, Africa; ITALY_T3, EUROPE_NW_T2) [route via Italy]	PARTIAL
MAGHREB_T2	AFRICA_W_T0	ITALY_T3	EUROPE_NW_T3	0.000251308438565162	0.00015092112298153	1.66516411752328	0.0958800176331986	C_route	f4(MAGHREB_T2, Africa; ITALY_T3, EUROPE_NW_T3) [route via Italy]	PARTIAL
MAGHREB_T2	AFRICA_W_T0	ITALY_T3	EUROPE_NW_T4	0.00123911954298629	0.000152469571034097	8.12699566596922	4.40061106738031e-16	C_route	f4(MAGHREB_T2, Africa; ITALY_T3, EUROPE_NW_T4) [route via Italy]	PARTIAL
MAGHREB_T2	AFRICA_W_T0	ITALY_T3	GREECE_T0	6.75339863752645e-05	0.000150565910079705	0.448534375009017	0.653767583420698	C_route	f4(MAGHREB_T2, Africa; ITALY_T3, GREECE_T0) [route via Italy]	PARTIAL
MAGHREB_T2	AFRICA_W_T0	ITALY_T3	GREECE_T1	0.00320593902944263	0.000179223339522405	17.887954983909	1.46382776183694e-71	C_route	f4(MAGHREB_T2, Africa; ITALY_T3, GREECE_T1) [route via Italy]	PARTIAL
MAGHREB_T2	AFRICA_W_T0	ITALY_T3	GREECE_T2	0.000491306605547853	0.000152185999939694	3.22832984468047	0.00124515310254772	C_route	f4(MAGHREB_T2, Africa; ITALY_T3, GREECE_T2) [route via Italy]	PARTIAL
MAGHREB_T2	AFRICA_W_T0	ITALY_T3	LEVANT_T0	0.00431694801325292	0.000203754126347034	21.1870458314071	1.25743248698667e-99	C_route	f4(MAGHREB_T2, Africa; ITALY_T3, LEVANT_T0) [route via Italy]	PARTIAL
MAGHREB_T2	AFRICA_W_T0	ITALY_T3	LEVANT_T1	0.00351156864958214	0.000190550176683738	18.4285772424677	7.74943849018869e-76	C_route	f4(MAGHREB_T2, Africa; ITALY_T3, LEVANT_T1) [route via Italy]	PARTIAL
MAGHREB_T2	AFRICA_W_T0	ITALY_T3	LEVANT_T2	0.00212539395006789	0.000165362321679291	12.8529517999266	8.27897653253322e-38	C_route	f4(MAGHREB_T2, Africa; ITALY_T3, LEVANT_T2) [route via Italy]	PARTIAL
MAGHREB_T2	AFRICA_W_T0	ITALY_T3	LEVANT_T3	0.000838681467843113	0.000138885012059615	6.03867512704048	1.55384726316656e-09	C_route	f4(MAGHREB_T2, Africa; ITALY_T3, LEVANT_T3) [route via Italy]	PARTIAL
MAGHREB_T2	AFRICA_W_T0	ITALY_T4	BALKANS_T0	0.00395196169714775	0.000181399350701298	21.7859748773592	3.15166346854694e-105	C_route	f4(MAGHREB_T2, Africa; ITALY_T4, BALKANS_T0) [route via Italy]	PARTIAL
MAGHREB_T2	AFRICA_W_T0	ITALY_T4	BALKANS_T1	0.00407790767566102	0.000186683539260865	21.8439595253372	8.87231123588419e-106	C_route	f4(MAGHREB_T2, Africa; ITALY_T4, BALKANS_T1) [route via Italy]	PARTIAL
MAGHREB_T2	AFRICA_W_T0	ITALY_T4	BALKANS_T2	-68.7689373802792	3.98120296758356	-17.273406540742	7.46056451790761e-67	C_route	f4(MAGHREB_T2, Africa; ITALY_T4, BALKANS_T2) [route via Italy]	PARTIAL
MAGHREB_T2	AFRICA_W_T0	ITALY_T4	BALKANS_T4	-0.000125784230707255	0.000125871327312042	-0.999308050477848	0.317645486771482	C_route	f4(MAGHREB_T2, Africa; ITALY_T4, BALKANS_T4) [route via Italy]	PARTIAL
MAGHREB_T2	AFRICA_W_T0	ITALY_T4	EUROPE_NW_T0	0.00493677075065432	0.000193563953840714	25.5045975900908	1.75284055111621e-143	C_route	f4(MAGHREB_T2, Africa; ITALY_T4, EUROPE_NW_T0) [route via Italy]	PARTIAL
MAGHREB_T2	AFRICA_W_T0	ITALY_T4	EUROPE_NW_T1	0.00457563892943083	0.000192943268715208	23.7149446046997	2.52839746872711e-124	C_route	f4(MAGHREB_T2, Africa; ITALY_T4, EUROPE_NW_T1) [route via Italy]	PARTIAL
MAGHREB_T2	AFRICA_W_T0	ITALY_T4	EUROPE_NW_T2	0.00396634238252467	0.000179863727220822	22.0519303353205	9.15350496543651e-108	C_route	f4(MAGHREB_T2, Africa; ITALY_T4, EUROPE_NW_T2) [route via Italy]	PARTIAL
MAGHREB_T2	AFRICA_W_T0	ITALY_T4	EUROPE_NW_T3	-0.000153847420142364	0.000129017444919518	-1.19245440210303	0.233083119780652	C_route	f4(MAGHREB_T2, Africa; ITALY_T4, EUROPE_NW_T3) [route via Italy]	PARTIAL
MAGHREB_T2	AFRICA_W_T0	ITALY_T4	EUROPE_NW_T4	0.000833963684278766	0.000125296648428223	6.65591374342711	2.81545344929387e-11	C_route	f4(MAGHREB_T2, Africa; ITALY_T4, EUROPE_NW_T4) [route via Italy]	PARTIAL
MAGHREB_T2	AFRICA_W_T0	ITALY_T4	GREECE_T0	-0.000337621872332262	0.000155229183941933	-2.17498967499924	0.0296308901213262	C_route	f4(MAGHREB_T2, Africa; ITALY_T4, GREECE_T0) [route via Italy]	PARTIAL
MAGHREB_T2	AFRICA_W_T0	ITALY_T4	GREECE_T1	0.0028007831707351	0.00015248449918094	18.3676582589004	2.38481559426418e-75	C_route	f4(MAGHREB_T2, Africa; ITALY_T4, GREECE_T1) [route via Italy]	PARTIAL
MAGHREB_T2	AFRICA_W_T0	ITALY_T4	GREECE_T2	8.61507468403273e-05	0.000125262985400126	0.687759010094939	0.491604552637997	C_route	f4(MAGHREB_T2, Africa; ITALY_T4, GREECE_T2) [route via Italy]	PARTIAL
MAGHREB_T2	AFRICA_W_T0	ITALY_T4	LEVANT_T0	0.00391179215454539	0.000177624723281823	22.0227909846697	1.74198110110558e-107	C_route	f4(MAGHREB_T2, Africa; ITALY_T4, LEVANT_T0) [route via Italy]	PARTIAL
MAGHREB_T2	AFRICA_W_T0	ITALY_T4	LEVANT_T1	0.00310641279087461	0.000163595460280605	18.988380151542	2.12791786612449e-80	C_route	f4(MAGHREB_T2, Africa; ITALY_T4, LEVANT_T1) [route via Italy]	PARTIAL
MAGHREB_T2	AFRICA_W_T0	ITALY_T4	LEVANT_T2	0.00172023809136036	0.000137018250594777	12.5548099168764	3.74078501283302e-36	C_route	f4(MAGHREB_T2, Africa; ITALY_T4, LEVANT_T2) [route via Italy]	PARTIAL
MAGHREB_T2	AFRICA_W_T0	ITALY_T4	LEVANT_T3	0.000433525609135586	0.000121935893514556	3.55535680791017	0.000377466479705049	C_route	f4(MAGHREB_T2, Africa; ITALY_T4, LEVANT_T3) [route via Italy]	PARTIAL
MAGHREB_T2	AFRICA_W_T0	LEVANT_T0	EUROPE_NW_T0	0.00102497859610892	7.80810844922606e-05	13.1271050187644	2.30293352912171e-39	C_route	f4(MAGHREB_T2, Africa; LEVANT_T0, EUROPE_NW_T0) [route via Levant]	YES
MAGHREB_T2	AFRICA_W_T0	LEVANT_T0	EUROPE_NW_T1	0.000663846774885436	7.72907768652528e-05	8.58895203036675	8.77661496979866e-18	C_route	f4(MAGHREB_T2, Africa; LEVANT_T0, EUROPE_NW_T1) [route via Levant]	YES
MAGHREB_T2	AFRICA_W_T0	LEVANT_T0	EUROPE_NW_T2	5.45502279792756e-05	6.00148145732585e-05	0.908946038859914	0.363378610216273	C_route	f4(MAGHREB_T2, Africa; LEVANT_T0, EUROPE_NW_T2) [route via Levant]	YES
MAGHREB_T2	AFRICA_W_T0	LEVANT_T0	EUROPE_NW_T3	-0.00406563957468776	0.000185399446600491	-21.9290815007049	1.37168278283973e-106	C_route	f4(MAGHREB_T2, Africa; LEVANT_T0, EUROPE_NW_T3) [route via Levant]	YES
MAGHREB_T2	AFRICA_W_T0	LEVANT_T0	EUROPE_NW_T4	-0.00307782847026663	0.000154535080976965	-19.9166975602479	2.91599838950043e-88	C_route	f4(MAGHREB_T2, Africa; LEVANT_T0, EUROPE_NW_T4) [route via Levant]	YES
MAGHREB_T2	AFRICA_W_T0	LEVANT_T0	IBERIA_T0	0.000518183662443301	6.20889686527905e-05	8.34582492972385	7.07185020196693e-17	C_route	f4(MAGHREB_T2, Africa; LEVANT_T0, IBERIA_T0) [route via Levant]	YES
MAGHREB_T2	AFRICA_W_T0	LEVANT_T0	IBERIA_T1	0.000455818715346015	7.3431474328835e-05	6.20740247301592	5.3867516892606e-10	C_route	f4(MAGHREB_T2, Africa; LEVANT_T0, IBERIA_T1) [route via Levant]	YES
MAGHREB_T2	AFRICA_W_T0	LEVANT_T0	IBERIA_T2	-0.00251463742839099	0.000117370665666486	-21.4247522079874	7.85516150630801e-102	C_route	f4(MAGHREB_T2, Africa; LEVANT_T0, IBERIA_T2) [route via Levant]	YES
MAGHREB_T2	AFRICA_W_T0	LEVANT_T0	ITALY_T0	0.000380021340418323	6.51946816862249e-05	5.82902363489289	5.57526076936951e-09	C_route	f4(MAGHREB_T2, Africa; LEVANT_T0, ITALY_T0) [route via Levant]	YES
MAGHREB_T2	AFRICA_W_T0	LEVANT_T0	ITALY_T1	-0.000158722910614589	6.56030770295557e-05	-2.41944307799893	0.015544293352545	C_route	f4(MAGHREB_T2, Africa; LEVANT_T0, ITALY_T1) [route via Levant]	YES
MAGHREB_T2	AFRICA_W_T0	LEVANT_T0	ITALY_T2	-0.00308569393503783	0.000144716356551763	-21.3223578077998	7.04197063416647e-101	C_route	f4(MAGHREB_T2, Africa; LEVANT_T0, ITALY_T2) [route via Levant]	YES
MAGHREB_T2	AFRICA_W_T0	LEVANT_T0	ITALY_T3	-0.00431694801325292	0.00020375412634704	-21.1870458314065	1.25743248700375e-99	C_route	f4(MAGHREB_T2, Africa; LEVANT_T0, ITALY_T3) [route via Levant]	PARTIAL
MAGHREB_T2	AFRICA_W_T0	LEVANT_T0	ITALY_T4	-0.00391179215454539	0.000177624723281824	-22.0227909846696	1.74198110110981e-107	C_route	f4(MAGHREB_T2, Africa; LEVANT_T0, ITALY_T4) [route via Levant]	PARTIAL
MAGHREB_T2	AFRICA_W_T0	LEVANT_T1	EUROPE_NW_T0	0.0018303579597797	8.20424947915787e-05	22.3098769050058	2.96310143332393e-110	C_route	f4(MAGHREB_T2, Africa; LEVANT_T1, EUROPE_NW_T0) [route via Levant]	YES
MAGHREB_T2	AFRICA_W_T0	LEVANT_T1	EUROPE_NW_T1	0.00146922613855621	8.06782781238755e-05	18.2109258244249	4.22737471466294e-74	C_route	f4(MAGHREB_T2, Africa; LEVANT_T1, EUROPE_NW_T1) [route via Levant]	YES
MAGHREB_T2	AFRICA_W_T0	LEVANT_T1	EUROPE_NW_T2	0.000859929591650056	6.12749104406101e-05	14.03395917622	9.66043053828053e-45	C_route	f4(MAGHREB_T2, Africa; LEVANT_T1, EUROPE_NW_T2) [route via Levant]	YES
MAGHREB_T2	AFRICA_W_T0	LEVANT_T1	EUROPE_NW_T3	-0.00326026021101698	0.000166908657140653	-19.5332001758876	5.73316333415467e-85	C_route	f4(MAGHREB_T2, Africa; LEVANT_T1, EUROPE_NW_T3) [route via Levant]	YES
MAGHREB_T2	AFRICA_W_T0	LEVANT_T1	EUROPE_NW_T4	-0.00227244910659584	0.000142205403496313	-15.980047527904	1.76011675161959e-57	C_route	f4(MAGHREB_T2, Africa; LEVANT_T1, EUROPE_NW_T4) [route via Levant]	YES
MAGHREB_T2	AFRICA_W_T0	LEVANT_T1	IBERIA_T0	0.00132356302611408	6.61619620349967e-05	20.0048938302945	4.99248135487615e-89	C_route	f4(MAGHREB_T2, Africa; LEVANT_T1, IBERIA_T0) [route via Levant]	YES
MAGHREB_T2	AFRICA_W_T0	LEVANT_T1	IBERIA_T1	0.0012611980790168	7.63364147241569e-05	16.5215786407334	2.56593019552205e-61	C_route	f4(MAGHREB_T2, Africa; LEVANT_T1, IBERIA_T1) [route via Levant]	YES
MAGHREB_T2	AFRICA_W_T0	LEVANT_T1	IBERIA_T2	-0.00170925806472021	0.000101672816025058	-16.8113575638443	2.01503325818538e-63	C_route	f4(MAGHREB_T2, Africa; LEVANT_T1, IBERIA_T2) [route via Levant]	YES
MAGHREB_T2	AFRICA_W_T0	LEVANT_T1	ITALY_T0	0.0011854007040891	6.61522449341073e-05	17.9192815794816	8.33981854114465e-72	C_route	f4(MAGHREB_T2, Africa; LEVANT_T1, ITALY_T0) [route via Levant]	YES
MAGHREB_T2	AFRICA_W_T0	LEVANT_T1	ITALY_T1	0.000646656453056191	6.02818254696387e-05	10.7272208168594	7.58429355156172e-27	C_route	f4(MAGHREB_T2, Africa; LEVANT_T1, ITALY_T1) [route via Levant]	YES
MAGHREB_T2	AFRICA_W_T0	LEVANT_T1	ITALY_T2	-0.00228031457136705	0.00013024463977133	-17.5079341105369	1.24635868363574e-68	C_route	f4(MAGHREB_T2, Africa; LEVANT_T1, ITALY_T2) [route via Levant]	YES
MAGHREB_T2	AFRICA_W_T0	LEVANT_T1	ITALY_T3	-0.00351156864958214	0.00019055017668374	-18.4285772424675	7.74943849021515e-76	C_route	f4(MAGHREB_T2, Africa; LEVANT_T1, ITALY_T3) [route via Levant]	PARTIAL
MAGHREB_T2	AFRICA_W_T0	LEVANT_T1	ITALY_T4	-0.00310641279087462	0.000163595460280607	-18.9883801515418	2.12791786613269e-80	C_route	f4(MAGHREB_T2, Africa; LEVANT_T1, ITALY_T4) [route via Levant]	PARTIAL
MAGHREB_T2	AFRICA_W_T0	LEVANT_T2	EUROPE_NW_T0	0.00321653265929394	0.000132874554283246	24.2072884206056	1.86437570876027e-129	C_route	f4(MAGHREB_T2, Africa; LEVANT_T2, EUROPE_NW_T0) [route via Levant]	YES
MAGHREB_T2	AFRICA_W_T0	LEVANT_T2	EUROPE_NW_T1	0.00285540083807047	0.00013166625955583	21.6866556983014	2.74211202880449e-104	C_route	f4(MAGHREB_T2, Africa; LEVANT_T2, EUROPE_NW_T1) [route via Levant]	YES
MAGHREB_T2	AFRICA_W_T0	LEVANT_T2	EUROPE_NW_T2	0.0022461042911643	0.000114736141673059	19.5762578243618	2.46476448610472e-85	C_route	f4(MAGHREB_T2, Africa; LEVANT_T2, EUROPE_NW_T2) [route via Levant]	YES
MAGHREB_T2	AFRICA_W_T0	LEVANT_T2	EUROPE_NW_T3	-0.00187408551150273	0.000149568717839522	-12.5299296442021	5.12080836544242e-36	C_route	f4(MAGHREB_T2, Africa; LEVANT_T2, EUROPE_NW_T3) [route via Levant]	YES
MAGHREB_T2	AFRICA_W_T0	LEVANT_T2	EUROPE_NW_T4	-0.000886274407081598	0.00011302965924994	-7.84107828832608	4.4669382076559e-15	C_route	f4(MAGHREB_T2, Africa; LEVANT_T2, EUROPE_NW_T4) [route via Levant]	YES
MAGHREB_T2	AFRICA_W_T0	LEVANT_T2	IBERIA_T0	0.00270973772562833	0.000117493927636013	23.0627895428169	1.09465799262802e-117	C_route	f4(MAGHREB_T2, Africa; LEVANT_T2, IBERIA_T0) [route via Levant]	YES
MAGHREB_T2	AFRICA_W_T0	LEVANT_T2	IBERIA_T1	0.00264737277853104	0.000128108885717921	20.6650207258864	7.15263699392672e-95	C_route	f4(MAGHREB_T2, Africa; LEVANT_T2, IBERIA_T1) [route via Levant]	YES
MAGHREB_T2	AFRICA_W_T0	LEVANT_T2	IBERIA_T2	-0.000323083365205961	9.97388188435368e-05	-3.23929407779323	0.0011982595667103	C_route	f4(MAGHREB_T2, Africa; LEVANT_T2, IBERIA_T2) [route via Levant]	YES
MAGHREB_T2	AFRICA_W_T0	LEVANT_T2	ITALY_T0	0.00257157540360336	0.000121094036584137	21.2361853328476	4.42390311525958e-100	C_route	f4(MAGHREB_T2, Africa; LEVANT_T2, ITALY_T0) [route via Levant]	YES
MAGHREB_T2	AFRICA_W_T0	LEVANT_T2	ITALY_T1	0.00203283115257044	0.000110364888232431	18.419183719819	9.21831643333237e-76	C_route	f4(MAGHREB_T2, Africa; LEVANT_T2, ITALY_T1) [route via Levant]	YES
MAGHREB_T2	AFRICA_W_T0	LEVANT_T2	ITALY_T2	-0.000894139871852801	0.000108831365622697	-8.21582883516008	2.10703821020682e-16	C_route	f4(MAGHREB_T2, Africa; LEVANT_T2, ITALY_T2) [route via Levant]	YES
MAGHREB_T2	AFRICA_W_T0	LEVANT_T2	ITALY_T3	-0.00212539395006789	0.000165362321679295	-12.8529517999264	8.27897653256212e-38	C_route	f4(MAGHREB_T2, Africa; LEVANT_T2, ITALY_T3) [route via Levant]	PARTIAL
MAGHREB_T2	AFRICA_W_T0	LEVANT_T2	ITALY_T4	-0.00172023809136036	0.000137018250594776	-12.5548099168765	3.74078501282706e-36	C_route	f4(MAGHREB_T2, Africa; LEVANT_T2, ITALY_T4) [route via Levant]	PARTIAL
MAGHREB_T2	AFRICA_W_T0	LEVANT_T3	EUROPE_NW_T0	0.00450324514151873	0.000176776275218024	25.4742619503931	3.80251348847516e-143	C_route	f4(MAGHREB_T2, Africa; LEVANT_T3, EUROPE_NW_T0) [route via Levant]	YES
MAGHREB_T2	AFRICA_W_T0	LEVANT_T3	EUROPE_NW_T1	0.00414211332029524	0.000177180361913247	23.3779481854956	7.16465270672072e-121	C_route	f4(MAGHREB_T2, Africa; LEVANT_T3, EUROPE_NW_T1) [route via Levant]	YES
MAGHREB_T2	AFRICA_W_T0	LEVANT_T3	EUROPE_NW_T2	0.00353281677338908	0.000160035654581736	22.0751855742543	5.47391359282297e-108	C_route	f4(MAGHREB_T2, Africa; LEVANT_T3, EUROPE_NW_T2) [route via Levant]	YES
MAGHREB_T2	AFRICA_W_T0	LEVANT_T3	EUROPE_NW_T3	-0.000587373029277949	0.000126855876917009	-4.63023900471097	3.65243897756083e-06	C_route	f4(MAGHREB_T2, Africa; LEVANT_T3, EUROPE_NW_T3) [route via Levant]	YES
MAGHREB_T2	AFRICA_W_T0	LEVANT_T3	EUROPE_NW_T4	0.000400438075143181	0.000107350436106599	3.73019514094516	0.00019133152467995	C_route	f4(MAGHREB_T2, Africa; LEVANT_T3, EUROPE_NW_T4) [route via Levant]	YES
MAGHREB_T2	AFRICA_W_T0	LEVANT_T3	IBERIA_T0	0.00399645020785311	0.000168245206071898	23.7537241099474	1.0055672372991e-124	C_route	f4(MAGHREB_T2, Africa; LEVANT_T3, IBERIA_T0) [route via Levant]	YES
MAGHREB_T2	AFRICA_W_T0	LEVANT_T3	IBERIA_T1	0.00393408526075582	0.000171992937388275	22.8735279511774	8.52545536879742e-116	C_route	f4(MAGHREB_T2, Africa; LEVANT_T3, IBERIA_T1) [route via Levant]	YES
MAGHREB_T2	AFRICA_W_T0	LEVANT_T3	IBERIA_T2	0.00096362911701882	0.000111240776462175	8.66255295643749	4.61314572201339e-18	C_route	f4(MAGHREB_T2, Africa; LEVANT_T3, IBERIA_T2) [route via Levant]	YES
MAGHREB_T2	AFRICA_W_T0	LEVANT_T3	ITALY_T0	0.00385828788582814	0.000166104658268088	23.2280534818053	2.37119672527769e-119	C_route	f4(MAGHREB_T2, Africa; LEVANT_T3, ITALY_T0) [route via Levant]	YES
MAGHREB_T2	AFRICA_W_T0	LEVANT_T3	ITALY_T1	0.00331954363479522	0.000156179104703938	21.2547231659955	2.98114944795999e-100	C_route	f4(MAGHREB_T2, Africa; LEVANT_T3, ITALY_T1) [route via Levant]	YES
MAGHREB_T2	AFRICA_W_T0	LEVANT_T3	ITALY_T2	0.000392572610371979	0.000104948224359601	3.74063127573121	0.000183558642192421	C_route	f4(MAGHREB_T2, Africa; LEVANT_T3, ITALY_T2) [route via Levant]	YES
MAGHREB_T2	AFRICA_W_T0	LEVANT_T3	ITALY_T3	-0.000838681467843112	0.000138885012059618	-6.03867512704033	1.55384726316794e-09	C_route	f4(MAGHREB_T2, Africa; LEVANT_T3, ITALY_T3) [route via Levant]	PARTIAL
MAGHREB_T2	AFRICA_W_T0	LEVANT_T3	ITALY_T4	-0.000433525609135586	0.000121935893514559	-3.55535680791007	0.000377466479705185	C_route	f4(MAGHREB_T2, Africa; LEVANT_T3, ITALY_T4) [route via Levant]	PARTIAL
MAGHREB_T2	AFRICA_W_T0	SARDINIA_T0	BALKANS_T0	0.001613393240689	0.000107363652280569	15.0273691926276	4.85924233953527e-51	C_route	f4(MAGHREB_T2, Africa; SARDINIA_T0, BALKANS_T0) [route via Italy]	YES
MAGHREB_T2	AFRICA_W_T0	SARDINIA_T0	BALKANS_T1	0.00173933921920227	0.00011459980579639	15.1775058178769	4.9837501301566e-52	C_route	f4(MAGHREB_T2, Africa; SARDINIA_T0, BALKANS_T1) [route via Italy]	YES
MAGHREB_T2	AFRICA_W_T0	SARDINIA_T0	BALKANS_T2	-68.7712759487357	3.98120895129932	-17.2739679805782	7.38832210316004e-67	C_route	f4(MAGHREB_T2, Africa; SARDINIA_T0, BALKANS_T2) [route via Italy]	YES
MAGHREB_T2	AFRICA_W_T0	SARDINIA_T0	BALKANS_T4	-0.00246435268716601	0.000145631396995564	-16.9218502191604	3.10520338273107e-64	C_route	f4(MAGHREB_T2, Africa; SARDINIA_T0, BALKANS_T4) [route via Italy]	YES
MAGHREB_T2	AFRICA_W_T0	SARDINIA_T0	EUROPE_NW_T0	0.00259820229419556	0.000121198284814109	21.4376160370637	5.95890112972528e-102	C_route	f4(MAGHREB_T2, Africa; SARDINIA_T0, EUROPE_NW_T0) [route via Italy]	YES
MAGHREB_T2	AFRICA_W_T0	SARDINIA_T0	EUROPE_NW_T1	0.00223707047297208	0.000123428190594191	18.1244694765652	2.04304073789944e-73	C_route	f4(MAGHREB_T2, Africa; SARDINIA_T0, EUROPE_NW_T1) [route via Italy]	YES
MAGHREB_T2	AFRICA_W_T0	SARDINIA_T0	EUROPE_NW_T2	0.00162777392606592	0.000104200072109221	15.6216199578031	5.18708167579169e-55	C_route	f4(MAGHREB_T2, Africa; SARDINIA_T0, EUROPE_NW_T2) [route via Italy]	YES
MAGHREB_T2	AFRICA_W_T0	SARDINIA_T0	EUROPE_NW_T3	-0.00249241587660112	0.000153046508800598	-16.2853494413809	1.25410774900146e-59	C_route	f4(MAGHREB_T2, Africa; SARDINIA_T0, EUROPE_NW_T3) [route via Italy]	YES
MAGHREB_T2	AFRICA_W_T0	SARDINIA_T0	EUROPE_NW_T4	-0.00150460477217999	0.000117875315634749	-12.7643753408236	2.5922179594877e-37	C_route	f4(MAGHREB_T2, Africa; SARDINIA_T0, EUROPE_NW_T4) [route via Italy]	YES
MAGHREB_T2	AFRICA_W_T0	SARDINIA_T0	GREECE_T0	-0.00267619032879102	0.000161953283392904	-16.524458613775	2.44626450071693e-61	C_route	f4(MAGHREB_T2, Africa; SARDINIA_T0, GREECE_T0) [route via Italy]	PARTIAL
MAGHREB_T2	AFRICA_W_T0	SARDINIA_T0	GREECE_T1	0.000462214714276344	7.92591440307829e-05	5.8316894527252	5.48689661187065e-09	C_route	f4(MAGHREB_T2, Africa; SARDINIA_T0, GREECE_T1) [route via Italy]	YES
MAGHREB_T2	AFRICA_W_T0	SARDINIA_T0	GREECE_T2	-0.00225241770961843	0.000144120193674077	-15.6287446762123	4.63851328293892e-55	C_route	f4(MAGHREB_T2, Africa; SARDINIA_T0, GREECE_T2) [route via Italy]	YES
MAGHREB_T2	AFRICA_W_T0	SARDINIA_T0	LEVANT_T0	0.00157322369808664	0.00010565915578302	14.8896107150183	3.85004620517508e-50	C_route	f4(MAGHREB_T2, Africa; SARDINIA_T0, LEVANT_T0) [route via Italy]	YES
MAGHREB_T2	AFRICA_W_T0	SARDINIA_T0	LEVANT_T1	0.000767844334415862	9.24402114192301e-05	8.30638877418371	9.86586207856106e-17	C_route	f4(MAGHREB_T2, Africa; SARDINIA_T0, LEVANT_T1) [route via Italy]	YES
MAGHREB_T2	AFRICA_W_T0	SARDINIA_T0	LEVANT_T2	-0.000618330365098387	9.54918592257427e-05	-6.47521548027098	9.46767306072179e-11	C_route	f4(MAGHREB_T2, Africa; SARDINIA_T0, LEVANT_T2) [route via Italy]	YES
MAGHREB_T2	AFRICA_W_T0	SARDINIA_T0	LEVANT_T3	-0.00190504284732317	0.000120407478883206	-15.8216322191335	2.20696218889794e-56	C_route	f4(MAGHREB_T2, Africa; SARDINIA_T0, LEVANT_T3) [route via Italy]	YES
MAGHREB_T2	AFRICA_W_T0	SARDINIA_T1	BALKANS_T0	0.000934539977885299	7.18241501390643e-05	13.0115006731839	1.05254573824904e-38	C_route	f4(MAGHREB_T2, Africa; SARDINIA_T1, BALKANS_T0) [route via Italy]	YES
MAGHREB_T2	AFRICA_W_T0	SARDINIA_T1	BALKANS_T1	0.00106048595639857	7.67339439504951e-05	13.8202977952332	1.92272786788855e-43	C_route	f4(MAGHREB_T2, Africa; SARDINIA_T1, BALKANS_T1) [route via Italy]	YES
MAGHREB_T2	AFRICA_W_T0	SARDINIA_T1	BALKANS_T2	-68.7719548019985	3.98122256321624	-17.2740794341427	7.37406414420155e-67	C_route	f4(MAGHREB_T2, Africa; SARDINIA_T1, BALKANS_T2) [route via Italy]	YES
MAGHREB_T2	AFRICA_W_T0	SARDINIA_T1	BALKANS_T4	-0.0031432059499697	0.000170809397372123	-18.4018326762312	1.26996054270817e-75	C_route	f4(MAGHREB_T2, Africa; SARDINIA_T1, BALKANS_T4) [route via Italy]	YES
MAGHREB_T2	AFRICA_W_T0	SARDINIA_T1	EUROPE_NW_T0	0.00191934903139186	8.79059134648693e-05	21.8341287376408	1.10020169565784e-105	C_route	f4(MAGHREB_T2, Africa; SARDINIA_T1, EUROPE_NW_T0) [route via Italy]	YES
MAGHREB_T2	AFRICA_W_T0	SARDINIA_T1	EUROPE_NW_T1	0.00155821721016838	8.84682210480991e-05	17.6132987835394	1.94756710520341e-69	C_route	f4(MAGHREB_T2, Africa; SARDINIA_T1, EUROPE_NW_T1) [route via Italy]	YES
MAGHREB_T2	AFRICA_W_T0	SARDINIA_T1	EUROPE_NW_T2	0.000948920663262221	7.0914120472868e-05	13.3812653521562	7.78113146616728e-41	C_route	f4(MAGHREB_T2, Africa; SARDINIA_T1, EUROPE_NW_T2) [route via Italy]	YES
MAGHREB_T2	AFRICA_W_T0	SARDINIA_T1	EUROPE_NW_T3	-0.00317126913940481	0.000171916620690096	-18.446553490145	5.55785821137813e-76	C_route	f4(MAGHREB_T2, Africa; SARDINIA_T1, EUROPE_NW_T3) [route via Italy]	YES
MAGHREB_T2	AFRICA_W_T0	SARDINIA_T1	EUROPE_NW_T4	-0.00218345803498368	0.00013946544074043	-15.6559074663342	3.0276359499455e-55	C_route	f4(MAGHREB_T2, Africa; SARDINIA_T1, EUROPE_NW_T4) [route via Italy]	YES
MAGHREB_T2	AFRICA_W_T0	SARDINIA_T1	GREECE_T0	-0.00335504359159471	0.000186543697949947	-17.9852958232602	2.54029435053152e-72	C_route	f4(MAGHREB_T2, Africa; SARDINIA_T1, GREECE_T0) [route via Italy]	PARTIAL
MAGHREB_T2	AFRICA_W_T0	SARDINIA_T1	GREECE_T1	-0.000216638548527352	7.0827433314127e-05	-3.05868133843757	0.00222313486166623	C_route	f4(MAGHREB_T2, Africa; SARDINIA_T1, GREECE_T1) [route via Italy]	YES
MAGHREB_T2	AFRICA_W_T0	SARDINIA_T1	GREECE_T2	-0.00293127097242212	0.000160895509063604	-18.2184760126732	3.68269453902999e-74	C_route	f4(MAGHREB_T2, Africa; SARDINIA_T1, GREECE_T2) [route via Italy]	YES
MAGHREB_T2	AFRICA_W_T0	SARDINIA_T1	LEVANT_T0	0.000894370435282946	7.2757344021424e-05	12.2925107741645	9.93709113908582e-35	C_route	f4(MAGHREB_T2, Africa; SARDINIA_T1, LEVANT_T0) [route via Italy]	YES
MAGHREB_T2	AFRICA_W_T0	SARDINIA_T1	LEVANT_T1	8.89910716121654e-05	6.57326484811099e-05	1.35383365296379	0.175789454491176	C_route	f4(MAGHREB_T2, Africa; SARDINIA_T1, LEVANT_T1) [route via Italy]	YES
MAGHREB_T2	AFRICA_W_T0	SARDINIA_T1	LEVANT_T2	-0.00129718362790208	9.83745198849864e-05	-13.1861749304461	1.0539899189957e-39	C_route	f4(MAGHREB_T2, Africa; SARDINIA_T1, LEVANT_T2) [route via Italy]	YES
MAGHREB_T2	AFRICA_W_T0	SARDINIA_T1	LEVANT_T3	-0.00258389611012686	0.000144909183088198	-17.831141236606	4.05067735679769e-71	C_route	f4(MAGHREB_T2, Africa; SARDINIA_T1, LEVANT_T3) [route via Italy]	YES
MAGHREB_T2	AFRICA_W_T0	SARDINIA_T2	BALKANS_T0	0.00410702999319931	0.000190007881996006	21.6150506497707	1.29660205517134e-103	C_route	f4(MAGHREB_T2, Africa; SARDINIA_T2, BALKANS_T0) [route via Italy]	PARTIAL
MAGHREB_T2	AFRICA_W_T0	SARDINIA_T2	BALKANS_T1	0.00423297597171258	0.000193928751361376	21.8274801544236	1.27244561322429e-105	C_route	f4(MAGHREB_T2, Africa; SARDINIA_T2, BALKANS_T1) [route via Italy]	PARTIAL
MAGHREB_T2	AFRICA_W_T0	SARDINIA_T2	BALKANS_T2	-68.7687823119832	3.98119965317815	-17.2733819709559	7.46374202681992e-67	C_route	f4(MAGHREB_T2, Africa; SARDINIA_T2, BALKANS_T2) [route via Italy]	PARTIAL
MAGHREB_T2	AFRICA_W_T0	SARDINIA_T2	BALKANS_T4	2.92840653443003e-05	0.000137439490243864	0.213068786069714	0.831273310718808	C_route	f4(MAGHREB_T2, Africa; SARDINIA_T2, BALKANS_T4) [route via Italy]	PARTIAL
MAGHREB_T2	AFRICA_W_T0	SARDINIA_T2	EUROPE_NW_T0	0.00509183904670587	0.000199941132962537	25.4666909767882	4.61261496218612e-143	C_route	f4(MAGHREB_T2, Africa; SARDINIA_T2, EUROPE_NW_T0) [route via Italy]	PARTIAL
MAGHREB_T2	AFRICA_W_T0	SARDINIA_T2	EUROPE_NW_T1	0.00473070722548239	0.000198726320799925	23.8051366645348	2.95477098552522e-125	C_route	f4(MAGHREB_T2, Africa; SARDINIA_T2, EUROPE_NW_T1) [route via Italy]	PARTIAL
MAGHREB_T2	AFRICA_W_T0	SARDINIA_T2	EUROPE_NW_T2	0.00412141067857623	0.000188542949051332	21.8592670758223	6.34548183469449e-106	C_route	f4(MAGHREB_T2, Africa; SARDINIA_T2, EUROPE_NW_T2) [route via Italy]	PARTIAL
MAGHREB_T2	AFRICA_W_T0	SARDINIA_T2	EUROPE_NW_T3	1.22087590919214e-06	0.000135299181650821	0.00902352766879969	0.992800364293138	C_route	f4(MAGHREB_T2, Africa; SARDINIA_T2, EUROPE_NW_T3) [route via Italy]	PARTIAL
MAGHREB_T2	AFRICA_W_T0	SARDINIA_T2	EUROPE_NW_T4	0.000989031980330324	0.000138234123408618	7.15476002554563	8.38194219935562e-13	C_route	f4(MAGHREB_T2, Africa; SARDINIA_T2, EUROPE_NW_T4) [route via Italy]	PARTIAL
MAGHREB_T2	AFRICA_W_T0	SARDINIA_T2	GREECE_T0	-0.000182553576280705	0.000153676370999956	-1.18790920876677	0.234869181261914	C_route	f4(MAGHREB_T2, Africa; SARDINIA_T2, GREECE_T0) [route via Italy]	PARTIAL
MAGHREB_T2	AFRICA_W_T0	SARDINIA_T2	GREECE_T1	0.00295585146678666	0.000163249244246666	18.106371520596	2.83852450481218e-73	C_route	f4(MAGHREB_T2, Africa; SARDINIA_T2, GREECE_T1) [route via Italy]	PARTIAL
MAGHREB_T2	AFRICA_W_T0	SARDINIA_T2	GREECE_T2	0.000241219042891883	0.000129454649776798	1.863347846584	0.0624133425433186	C_route	f4(MAGHREB_T2, Africa; SARDINIA_T2, GREECE_T2) [route via Italy]	PARTIAL
MAGHREB_T2	AFRICA_W_T0	SARDINIA_T2	LEVANT_T0	0.00406686045059696	0.00019163202615538	21.2222379118376	5.95224955522289e-100	C_route	f4(MAGHREB_T2, Africa; SARDINIA_T2, LEVANT_T0) [route via Italy]	PARTIAL
MAGHREB_T2	AFRICA_W_T0	SARDINIA_T2	LEVANT_T1	0.00326148108692617	0.000176824781142918	18.444705916475	5.75110530300361e-76	C_route	f4(MAGHREB_T2, Africa; SARDINIA_T2, LEVANT_T1) [route via Italy]	PARTIAL
MAGHREB_T2	AFRICA_W_T0	SARDINIA_T2	LEVANT_T2	0.00187530638741192	0.000154955474703461	12.1022273720932	1.02783915693392e-33	C_route	f4(MAGHREB_T2, Africa; SARDINIA_T2, LEVANT_T2) [route via Italy]	PARTIAL
MAGHREB_T2	AFRICA_W_T0	SARDINIA_T2	LEVANT_T3	0.000588593905187143	0.000144249044636982	4.08040071716525	4.49581290977723e-05	C_route	f4(MAGHREB_T2, Africa; SARDINIA_T2, LEVANT_T3) [route via Italy]	PARTIAL
MAGHREB_T2	AFRICA_W_T0	SICILY_T0	BALKANS_T0	0.00375584121915245	0.000172314798148033	21.7963939227428	2.51032172236717e-105	C_route	f4(MAGHREB_T2, Africa; SICILY_T0, BALKANS_T0) [route via Italy]	YES
MAGHREB_T2	AFRICA_W_T0	SICILY_T0	BALKANS_T1	0.00388178719766573	0.000177207730643732	21.9052926391225	2.3129046274741e-106	C_route	f4(MAGHREB_T2, Africa; SICILY_T0, BALKANS_T1) [route via Italy]	YES
MAGHREB_T2	AFRICA_W_T0	SICILY_T0	BALKANS_T2	-68.7691335007572	3.98119996059029	-17.273468848965	7.45251249658039e-67	C_route	f4(MAGHREB_T2, Africa; SICILY_T0, BALKANS_T2) [route via Italy]	YES
MAGHREB_T2	AFRICA_W_T0	SICILY_T0	BALKANS_T4	-0.000321904708702553	0.000142789812680407	-2.25439548284191	0.0241712992164639	C_route	f4(MAGHREB_T2, Africa; SICILY_T0, BALKANS_T4) [route via Italy]	YES
MAGHREB_T2	AFRICA_W_T0	SICILY_T0	EUROPE_NW_T0	0.00474065027265902	0.000182347795485196	25.997848013709	5.23752450398503e-149	C_route	f4(MAGHREB_T2, Africa; SICILY_T0, EUROPE_NW_T0) [route via Italy]	YES
MAGHREB_T2	AFRICA_W_T0	SICILY_T0	EUROPE_NW_T1	0.00437951845143554	0.000182805992204913	23.9571930800079	7.77537671511409e-127	C_route	f4(MAGHREB_T2, Africa; SICILY_T0, EUROPE_NW_T1) [route via Italy]	YES
MAGHREB_T2	AFRICA_W_T0	SICILY_T0	EUROPE_NW_T2	0.00377022190452937	0.000169443596272094	22.2506013061427	1.11290728771294e-109	C_route	f4(MAGHREB_T2, Africa; SICILY_T0, EUROPE_NW_T2) [route via Italy]	YES
MAGHREB_T2	AFRICA_W_T0	SICILY_T0	EUROPE_NW_T3	-0.000349967898137661	0.000140704826570775	-2.48724870828525	0.0128735365633702	C_route	f4(MAGHREB_T2, Africa; SICILY_T0, EUROPE_NW_T3) [route via Italy]	YES
MAGHREB_T2	AFRICA_W_T0	SICILY_T0	EUROPE_NW_T4	0.00063784320628347	0.000111942662453269	5.69794564739554	1.21259693846807e-08	C_route	f4(MAGHREB_T2, Africa; SICILY_T0, EUROPE_NW_T4) [route via Italy]	YES
MAGHREB_T2	AFRICA_W_T0	SICILY_T0	GREECE_T0	-0.000533742350327558	0.000151690117556793	-3.51863627587818	0.000433770969035392	C_route	f4(MAGHREB_T2, Africa; SICILY_T0, GREECE_T0) [route via Italy]	PARTIAL
MAGHREB_T2	AFRICA_W_T0	SICILY_T0	GREECE_T1	0.0026046626927398	0.000135346728411553	19.2443712774476	1.57361030096198e-82	C_route	f4(MAGHREB_T2, Africa; SICILY_T0, GREECE_T1) [route via Italy]	YES
MAGHREB_T2	AFRICA_W_T0	SICILY_T0	GREECE_T2	-0.00010996973115497	0.000138537085597266	-0.793792728357639	0.427316106609604	C_route	f4(MAGHREB_T2, Africa; SICILY_T0, GREECE_T2) [route via Italy]	YES
MAGHREB_T2	AFRICA_W_T0	SICILY_T0	LEVANT_T0	0.0037156716765501	0.00017195540604051	21.6083446406724	1.49927890195045e-103	C_route	f4(MAGHREB_T2, Africa; SICILY_T0, LEVANT_T0) [route via Italy]	YES
MAGHREB_T2	AFRICA_W_T0	SICILY_T0	LEVANT_T1	0.00291029231287932	0.000155865100124654	18.67186631614	8.3870101978009e-78	C_route	f4(MAGHREB_T2, Africa; SICILY_T0, LEVANT_T1) [route via Italy]	YES
MAGHREB_T2	AFRICA_W_T0	SICILY_T0	LEVANT_T2	0.00152411761336507	0.000129424291001697	11.7761326067074	5.18164112049549e-32	C_route	f4(MAGHREB_T2, Africa; SICILY_T0, LEVANT_T2) [route via Italy]	YES
MAGHREB_T2	AFRICA_W_T0	SICILY_T0	LEVANT_T3	0.000237405131140289	0.00011554142274401	2.05471877965598	0.0399061749888346	C_route	f4(MAGHREB_T2, Africa; SICILY_T0, LEVANT_T3) [route via Italy]	YES
MAGHREB_T2	AFRICA_W_T0	SICILY_T1	BALKANS_T0	0.000693103100313098	6.54584422676015e-05	10.5884447643837	3.37146633897286e-26	C_route	f4(MAGHREB_T2, Africa; SICILY_T1, BALKANS_T0) [route via Italy]	YES
MAGHREB_T2	AFRICA_W_T0	SICILY_T1	BALKANS_T1	0.000819049078826372	6.76494922246191e-05	12.107246512758	9.66855861800506e-34	C_route	f4(MAGHREB_T2, Africa; SICILY_T1, BALKANS_T1) [route via Italy]	YES
MAGHREB_T2	AFRICA_W_T0	SICILY_T1	BALKANS_T2	-68.7721962388762	3.98121959268416	-17.2741529669077	7.36467231102526e-67	C_route	f4(MAGHREB_T2, Africa; SICILY_T1, BALKANS_T2) [route via Italy]	YES
MAGHREB_T2	AFRICA_W_T0	SICILY_T1	BALKANS_T4	-0.00338464282754191	0.00017983978566193	-18.8203228506093	5.1470000567138e-79	C_route	f4(MAGHREB_T2, Africa; SICILY_T1, BALKANS_T4) [route via Italy]	YES
MAGHREB_T2	AFRICA_W_T0	SICILY_T1	EUROPE_NW_T0	0.00167791215381967	7.86662143598984e-05	21.3295144233484	6.0431923174375e-101	C_route	f4(MAGHREB_T2, Africa; SICILY_T1, EUROPE_NW_T0) [route via Italy]	YES
MAGHREB_T2	AFRICA_W_T0	SICILY_T1	EUROPE_NW_T1	0.00131678033259618	7.75705960904909e-05	16.9752509193055	1.25217940501323e-64	C_route	f4(MAGHREB_T2, Africa; SICILY_T1, EUROPE_NW_T1) [route via Italy]	YES
MAGHREB_T2	AFRICA_W_T0	SICILY_T1	EUROPE_NW_T2	0.00070748378569002	5.95834721540042e-05	11.8738260815248	1.61890661319262e-32	C_route	f4(MAGHREB_T2, Africa; SICILY_T1, EUROPE_NW_T2) [route via Italy]	YES
MAGHREB_T2	AFRICA_W_T0	SICILY_T1	EUROPE_NW_T3	-0.00341270601697702	0.000177355371573066	-19.2421914639956	1.6412070392634e-82	C_route	f4(MAGHREB_T2, Africa; SICILY_T1, EUROPE_NW_T3) [route via Italy]	YES
MAGHREB_T2	AFRICA_W_T0	SICILY_T1	EUROPE_NW_T4	-0.00242489491255588	0.000146463655510791	-16.5562910750731	1.44214359245367e-61	C_route	f4(MAGHREB_T2, Africa; SICILY_T1, EUROPE_NW_T4) [route via Italy]	YES
MAGHREB_T2	AFRICA_W_T0	SICILY_T1	GREECE_T0	-0.00359648046916691	0.00019084139646533	-18.8453896050812	3.20596083655261e-79	C_route	f4(MAGHREB_T2, Africa; SICILY_T1, GREECE_T0) [route via Italy]	PARTIAL
MAGHREB_T2	AFRICA_W_T0	SICILY_T1	GREECE_T1	-0.000458075426099552	7.45592468201706e-05	-6.14377754115977	8.05816792441966e-10	C_route	f4(MAGHREB_T2, Africa; SICILY_T1, GREECE_T1) [route via Italy]	YES
MAGHREB_T2	AFRICA_W_T0	SICILY_T1	GREECE_T2	-0.00317270784999432	0.000170924020494952	-18.5620946711116	6.51155555477754e-77	C_route	f4(MAGHREB_T2, Africa; SICILY_T1, GREECE_T2) [route via Italy]	YES
MAGHREB_T2	AFRICA_W_T0	SICILY_T1	LEVANT_T0	0.000652933557710745	6.96686268125671e-05	9.37198833367799	7.11787882877524e-21	C_route	f4(MAGHREB_T2, Africa; SICILY_T1, LEVANT_T0) [route via Italy]	YES
MAGHREB_T2	AFRICA_W_T0	SICILY_T1	LEVANT_T1	-0.000152445805960035	6.50736127529709e-05	-2.34266701218422	0.0191464626171773	C_route	f4(MAGHREB_T2, Africa; SICILY_T1, LEVANT_T1) [route via Italy]	YES
MAGHREB_T2	AFRICA_W_T0	SICILY_T1	LEVANT_T2	-0.00153862050547428	0.000107320983901368	-14.3366231797534	1.29190263514147e-46	C_route	f4(MAGHREB_T2, Africa; SICILY_T1, LEVANT_T2) [route via Italy]	YES
MAGHREB_T2	AFRICA_W_T0	SICILY_T1	LEVANT_T3	-0.00282533298769906	0.000152737231529414	-18.4979978974869	2.14287563138964e-76	C_route	f4(MAGHREB_T2, Africa; SICILY_T1, LEVANT_T3) [route via Italy]	YES
MAGHREB_T2	AFRICA_W_T0	SICILY_T2	BALKANS_T0	0.00291474856351613	0.000138883640943438	20.9869826548052	8.62501989309777e-98	C_route	f4(MAGHREB_T2, Africa; SICILY_T2, BALKANS_T0) [route via Italy]	YES
MAGHREB_T2	AFRICA_W_T0	SICILY_T2	BALKANS_T1	0.00304069454202941	0.000144103295330618	21.1007981118899	7.82049632818101e-99	C_route	f4(MAGHREB_T2, Africa; SICILY_T2, BALKANS_T1) [route via Italy]	YES
MAGHREB_T2	AFRICA_W_T0	SICILY_T2	BALKANS_T2	-68.769974593413	3.9812072187117	-17.2736486235114	7.42932894976836e-67	C_route	f4(MAGHREB_T2, Africa; SICILY_T2, BALKANS_T2) [route via Italy]	YES
MAGHREB_T2	AFRICA_W_T0	SICILY_T2	BALKANS_T4	-0.00116299736433887	0.000123552771807565	-9.41296052953195	4.8235536833424e-21	C_route	f4(MAGHREB_T2, Africa; SICILY_T2, BALKANS_T4) [route via Italy]	YES
MAGHREB_T2	AFRICA_W_T0	SICILY_T2	EUROPE_NW_T0	0.0038995576170227	0.000151451941605434	25.7478218878296	3.40966294012214e-146	C_route	f4(MAGHREB_T2, Africa; SICILY_T2, EUROPE_NW_T0) [route via Italy]	YES
MAGHREB_T2	AFRICA_W_T0	SICILY_T2	EUROPE_NW_T1	0.00353842579579921	0.00015148264755978	23.358621286328	1.12640938052044e-120	C_route	f4(MAGHREB_T2, Africa; SICILY_T2, EUROPE_NW_T1) [route via Italy]	YES
MAGHREB_T2	AFRICA_W_T0	SICILY_T2	EUROPE_NW_T2	0.00292912924889305	0.000137283040895373	21.3364245852146	5.21320910971998e-101	C_route	f4(MAGHREB_T2, Africa; SICILY_T2, EUROPE_NW_T2) [route via Italy]	YES
MAGHREB_T2	AFRICA_W_T0	SICILY_T2	EUROPE_NW_T3	-0.00119106055377398	0.000132593857736483	-8.98277321518991	2.64026352206698e-19	C_route	f4(MAGHREB_T2, Africa; SICILY_T2, EUROPE_NW_T3) [route via Italy]	YES
MAGHREB_T2	AFRICA_W_T0	SICILY_T2	EUROPE_NW_T4	-0.000203249449352851	0.000110100527137033	-1.84603520653342	0.0648870936407372	C_route	f4(MAGHREB_T2, Africa; SICILY_T2, EUROPE_NW_T4) [route via Italy]	YES
MAGHREB_T2	AFRICA_W_T0	SICILY_T2	GREECE_T0	-0.00137483500596388	0.000141780766575603	-9.6969076918537	3.10774787214544e-22	C_route	f4(MAGHREB_T2, Africa; SICILY_T2, GREECE_T0) [route via Italy]	PARTIAL
MAGHREB_T2	AFRICA_W_T0	SICILY_T2	GREECE_T1	0.00176357003710348	0.000109152114568323	16.1569937886965	1.01386746698815e-58	C_route	f4(MAGHREB_T2, Africa; SICILY_T2, GREECE_T1) [route via Italy]	YES
MAGHREB_T2	AFRICA_W_T0	SICILY_T2	GREECE_T2	-0.000951062386791291	0.000127123538502256	-7.48140272050729	7.35334610621952e-14	C_route	f4(MAGHREB_T2, Africa; SICILY_T2, GREECE_T2) [route via Italy]	YES
MAGHREB_T2	AFRICA_W_T0	SICILY_T2	LEVANT_T0	0.00287457902091378	0.000138175475694459	20.803829380477	3.99596343888238e-96	C_route	f4(MAGHREB_T2, Africa; SICILY_T2, LEVANT_T0) [route via Italy]	YES
MAGHREB_T2	AFRICA_W_T0	SICILY_T2	LEVANT_T1	0.002069199657243	0.000123298304116376	16.7820609705221	3.30175484106954e-63	C_route	f4(MAGHREB_T2, Africa; SICILY_T2, LEVANT_T1) [route via Italy]	YES
MAGHREB_T2	AFRICA_W_T0	SICILY_T2	LEVANT_T2	0.000683024957728749	0.000103709055424524	6.58597221749678	4.5191833007856e-11	C_route	f4(MAGHREB_T2, Africa; SICILY_T2, LEVANT_T2) [route via Italy]	YES
MAGHREB_T2	AFRICA_W_T0	SICILY_T2	LEVANT_T3	-0.000603687524496032	0.000112448281456345	-5.36857937424681	7.93592633975448e-08	C_route	f4(MAGHREB_T2, Africa; SICILY_T2, LEVANT_T3) [route via Italy]	YES
MAGHREB_T2	AFRICA_W_T0	SICILY_T3	BALKANS_T0	0.00409453899330167	0.000188198464989066	21.7564951634412	5.99597608602634e-105	C_route	f4(MAGHREB_T2, Africa; SICILY_T3, BALKANS_T0) [route via Italy]	PARTIAL
MAGHREB_T2	AFRICA_W_T0	SICILY_T3	BALKANS_T1	0.00422048497181495	0.000193138006371485	21.8521721907867	7.41222107248201e-106	C_route	f4(MAGHREB_T2, Africa; SICILY_T3, BALKANS_T1) [route via Italy]	PARTIAL
MAGHREB_T2	AFRICA_W_T0	SICILY_T3	BALKANS_T2	-68.7687948029831	3.981188809764	-17.2734321553214	7.45725332567018e-67	C_route	f4(MAGHREB_T2, Africa; SICILY_T3, BALKANS_T2) [route via Italy]	PARTIAL
MAGHREB_T2	AFRICA_W_T0	SICILY_T3	BALKANS_T4	1.67930654466701e-05	0.000127460296362199	0.131751344739933	0.895180972229738	C_route	f4(MAGHREB_T2, Africa; SICILY_T3, BALKANS_T4) [route via Italy]	PARTIAL
MAGHREB_T2	AFRICA_W_T0	SICILY_T3	EUROPE_NW_T0	0.00507934804680824	0.000201222447714749	25.2424523431336	1.37071297421115e-140	C_route	f4(MAGHREB_T2, Africa; SICILY_T3, EUROPE_NW_T0) [route via Italy]	PARTIAL
MAGHREB_T2	AFRICA_W_T0	SICILY_T3	EUROPE_NW_T1	0.00471821622558476	0.000199294542562206	23.6745881995843	6.58977000374624e-124	C_route	f4(MAGHREB_T2, Africa; SICILY_T3, EUROPE_NW_T1) [route via Italy]	PARTIAL
MAGHREB_T2	AFRICA_W_T0	SICILY_T3	EUROPE_NW_T2	0.0041089196786786	0.000188436355945646	21.8053446112267	2.06446120728299e-105	C_route	f4(MAGHREB_T2, Africa; SICILY_T3, EUROPE_NW_T2) [route via Italy]	PARTIAL
MAGHREB_T2	AFRICA_W_T0	SICILY_T3	EUROPE_NW_T3	-1.12701239884383e-05	0.000134598596959369	-0.0837313630530662	0.933270020585891	C_route	f4(MAGHREB_T2, Africa; SICILY_T3, EUROPE_NW_T3) [route via Italy]	PARTIAL
MAGHREB_T2	AFRICA_W_T0	SICILY_T3	EUROPE_NW_T4	0.000976540980432691	0.000144521440747536	6.75706646281371	1.40813607538162e-11	C_route	f4(MAGHREB_T2, Africa; SICILY_T3, EUROPE_NW_T4) [route via Italy]	PARTIAL
MAGHREB_T2	AFRICA_W_T0	SICILY_T3	GREECE_T0	-0.000195044576178336	0.000149995273833163	-1.30033814528903	0.193485099678587	C_route	f4(MAGHREB_T2, Africa; SICILY_T3, GREECE_T0) [route via Italy]	PARTIAL
MAGHREB_T2	AFRICA_W_T0	SICILY_T3	GREECE_T1	0.00294336046688902	0.000161529640019149	18.2217979718155	3.46577718747046e-74	C_route	f4(MAGHREB_T2, Africa; SICILY_T3, GREECE_T1) [route via Italy]	PARTIAL
MAGHREB_T2	AFRICA_W_T0	SICILY_T3	GREECE_T2	0.000228728042994253	0.000142039180861808	1.61031654510023	0.107328769090984	C_route	f4(MAGHREB_T2, Africa; SICILY_T3, GREECE_T2) [route via Italy]	PARTIAL
MAGHREB_T2	AFRICA_W_T0	SICILY_T3	LEVANT_T0	0.00405436945069932	0.000187657049196909	21.6052073079602	1.60466737386446e-103	C_route	f4(MAGHREB_T2, Africa; SICILY_T3, LEVANT_T0) [route via Italy]	PARTIAL
MAGHREB_T2	AFRICA_W_T0	SICILY_T3	LEVANT_T1	0.00324899008702854	0.000171755932625613	18.9163194386453	8.36992679443012e-80	C_route	f4(MAGHREB_T2, Africa; SICILY_T3, LEVANT_T1) [route via Italy]	PARTIAL
MAGHREB_T2	AFRICA_W_T0	SICILY_T3	LEVANT_T2	0.00186281538751429	0.000151339076044266	12.3088856903648	8.11356421910747e-35	C_route	f4(MAGHREB_T2, Africa; SICILY_T3, LEVANT_T2) [route via Italy]	PARTIAL
MAGHREB_T2	AFRICA_W_T0	SICILY_T3	LEVANT_T3	0.000576102905289512	0.000132584693276192	4.34516904669691	1.39168447285249e-05	C_route	f4(MAGHREB_T2, Africa; SICILY_T3, LEVANT_T3) [route via Italy]	PARTIAL
MAGHREB_T3	AFRICA_W_T0	IBERIA_T0	ANATOLIA_T0	-0.00134787002442802	9.32119012930751e-05	-14.4602782019227	2.15923326448267e-47	A	f4(MAGHREB_T3, Africa; IBERIA_T0, ANATOLIA_T0)	YES
MAGHREB_T3	AFRICA_W_T0	IBERIA_T0	ANATOLIA_T0	-0.00134787002442802	9.32119012930751e-05	-14.4602782019227	2.15923326448267e-47	A_cross	f4(MAGHREB_T3, Africa; IBERIA_T0, ANATOLIA_T0) [cross-layer]	YES
MAGHREB_T3	AFRICA_W_T0	IBERIA_T0	ANATOLIA_T0	-0.00134787002442802	9.32119012930751e-05	-14.4602782019227	2.15923326448267e-47	A	f4(MAGHREB_T3, Africa; IBERIA_T0, ANATOLIA_T0)	YES
MAGHREB_T3	AFRICA_W_T0	IBERIA_T0	ANATOLIA_T0	-0.00134787002442802	9.32119012930751e-05	-14.4602782019227	2.15923326448267e-47	A_cross	f4(MAGHREB_T3, Africa; IBERIA_T0, ANATOLIA_T0) [cross-layer]	YES
MAGHREB_T3	AFRICA_W_T0	IBERIA_T0	ANATOLIA_T1	-0.000654744383998928	6.38046223985132e-05	-10.2617076848994	1.04836145221263e-24	A_cross	f4(MAGHREB_T3, Africa; IBERIA_T0, ANATOLIA_T1) [cross-layer]	YES
MAGHREB_T3	AFRICA_W_T0	IBERIA_T0	ANATOLIA_T2	-0.000587070927838483	5.87889907040624e-05	-9.98606917396722	1.75399813801916e-23	A_cross	f4(MAGHREB_T3, Africa; IBERIA_T0, ANATOLIA_T2) [cross-layer]	YES
MAGHREB_T3	AFRICA_W_T0	IBERIA_T0	BALKANS_T0	-0.000393182397260873	5.30628607839195e-05	-7.4097474476918	1.26540160753243e-13	A	f4(MAGHREB_T3, Africa; IBERIA_T0, BALKANS_T0)	YES
MAGHREB_T3	AFRICA_W_T0	IBERIA_T0	BALKANS_T0	-0.000393182397260873	5.30628607839195e-05	-7.4097474476918	1.26540160753243e-13	A_cross	f4(MAGHREB_T3, Africa; IBERIA_T0, BALKANS_T0) [cross-layer]	YES
MAGHREB_T3	AFRICA_W_T0	IBERIA_T0	BALKANS_T0	-0.000393182397260873	5.30628607839195e-05	-7.4097474476918	1.26540160753243e-13	A	f4(MAGHREB_T3, Africa; IBERIA_T0, BALKANS_T0)	YES
MAGHREB_T3	AFRICA_W_T0	IBERIA_T0	BALKANS_T0	-0.000393182397260873	5.30628607839195e-05	-7.4097474476918	1.26540160753243e-13	A_cross	f4(MAGHREB_T3, Africa; IBERIA_T0, BALKANS_T0) [cross-layer]	YES
MAGHREB_T3	AFRICA_W_T0	IBERIA_T0	BALKANS_T1	1.7776954957821e-05	4.53617146380839e-05	0.391893364253391	0.695137006185676	A_cross	f4(MAGHREB_T3, Africa; IBERIA_T0, BALKANS_T1) [cross-layer]	YES
MAGHREB_T3	AFRICA_W_T0	IBERIA_T0	BALKANS_T2	-73.3829547033356	4.29795396366241	-17.0739275766472	2.32050369555746e-65	A_cross	f4(MAGHREB_T3, Africa; IBERIA_T0, BALKANS_T2) [cross-layer]	YES
MAGHREB_T3	AFRICA_W_T0	IBERIA_T0	BALKANS_T4	-0.00737407626359585	0.000242602535561157	-30.3957097832431	6.258965918778e-203	A_cross	f4(MAGHREB_T3, Africa; IBERIA_T0, BALKANS_T4) [cross-layer]	YES
MAGHREB_T3	AFRICA_W_T0	IBERIA_T0	EUROPE_CENTRAL_T0	0.000396963785471496	5.42757197394663e-05	7.31383733605003	2.59619400128703e-13	A	f4(MAGHREB_T3, Africa; IBERIA_T0, EUROPE_CENTRAL_T0)	YES
MAGHREB_T3	AFRICA_W_T0	IBERIA_T0	EUROPE_CENTRAL_T0	0.000396963785471496	5.42757197394663e-05	7.31383733605003	2.59619400128703e-13	A_cross	f4(MAGHREB_T3, Africa; IBERIA_T0, EUROPE_CENTRAL_T0) [cross-layer]	YES
MAGHREB_T3	AFRICA_W_T0	IBERIA_T0	EUROPE_CENTRAL_T0	0.000396963785471496	5.42757197394663e-05	7.31383733605003	2.59619400128703e-13	A	f4(MAGHREB_T3, Africa; IBERIA_T0, EUROPE_CENTRAL_T0)	YES
MAGHREB_T3	AFRICA_W_T0	IBERIA_T0	EUROPE_CENTRAL_T0	0.000396963785471496	5.42757197394663e-05	7.31383733605003	2.59619400128703e-13	A_cross	f4(MAGHREB_T3, Africa; IBERIA_T0, EUROPE_CENTRAL_T0) [cross-layer]	YES
MAGHREB_T3	AFRICA_W_T0	IBERIA_T0	EUROPE_CENTRAL_T1	0.00030724558440328	5.2924504983028e-05	5.80535584606428	6.42294448852865e-09	A_cross	f4(MAGHREB_T3, Africa; IBERIA_T0, EUROPE_CENTRAL_T1) [cross-layer]	YES
MAGHREB_T3	AFRICA_W_T0	IBERIA_T0	EUROPE_CENTRAL_T2	0.000135197030840767	4.85461649320045e-05	2.7849168112482	0.00535414575421211	A_cross	f4(MAGHREB_T3, Africa; IBERIA_T0, EUROPE_CENTRAL_T2) [cross-layer]	YES
MAGHREB_T3	AFRICA_W_T0	IBERIA_T0	EUROPE_CENTRAL_T3	-0.00658435239427563	0.00024485700446234	-26.8906025732596	2.8287360911662e-159	A	f4(MAGHREB_T3, Africa; IBERIA_T0, EUROPE_CENTRAL_T3)	YES
MAGHREB_T3	AFRICA_W_T0	IBERIA_T0	EUROPE_CENTRAL_T3	-0.00658435239427563	0.00024485700446234	-26.8906025732596	2.8287360911662e-159	A_cross	f4(MAGHREB_T3, Africa; IBERIA_T0, EUROPE_CENTRAL_T3) [cross-layer]	YES
MAGHREB_T3	AFRICA_W_T0	IBERIA_T0	EUROPE_CENTRAL_T3	-0.00658435239427563	0.00024485700446234	-26.8906025732596	2.8287360911662e-159	A	f4(MAGHREB_T3, Africa; IBERIA_T0, EUROPE_CENTRAL_T3)	YES
MAGHREB_T3	AFRICA_W_T0	IBERIA_T0	EUROPE_CENTRAL_T3	-0.00658435239427563	0.00024485700446234	-26.8906025732596	2.8287360911662e-159	A_cross	f4(MAGHREB_T3, Africa; IBERIA_T0, EUROPE_CENTRAL_T3) [cross-layer]	YES
MAGHREB_T3	AFRICA_W_T0	IBERIA_T0	EUROPE_CENTRAL_T4	-0.0050703192952695	0.000189621120561205	-26.7392117516409	1.64842589909811e-157	A_cross	f4(MAGHREB_T3, Africa; IBERIA_T0, EUROPE_CENTRAL_T4) [cross-layer]	YES
MAGHREB_T3	AFRICA_W_T0	IBERIA_T0	EUROPE_NW_T0	0.000438044888050464	5.37065666810014e-05	8.15626310004699	3.4554928651233e-16	A	f4(MAGHREB_T3, Africa; IBERIA_T0, EUROPE_NW_T0)	YES
MAGHREB_T3	AFRICA_W_T0	IBERIA_T0	EUROPE_NW_T0	0.000438044888050464	5.37065666810014e-05	8.15626310004699	3.4554928651233e-16	A_cross	f4(MAGHREB_T3, Africa; IBERIA_T0, EUROPE_NW_T0) [cross-layer]	YES
MAGHREB_T3	AFRICA_W_T0	IBERIA_T0	EUROPE_NW_T0	0.000438044888050464	5.37065666810014e-05	8.15626310004699	3.4554928651233e-16	A	f4(MAGHREB_T3, Africa; IBERIA_T0, EUROPE_NW_T0)	YES
MAGHREB_T3	AFRICA_W_T0	IBERIA_T0	EUROPE_NW_T0	0.000438044888050464	5.37065666810014e-05	8.15626310004699	3.4554928651233e-16	A_cross	f4(MAGHREB_T3, Africa; IBERIA_T0, EUROPE_NW_T0) [cross-layer]	YES
MAGHREB_T3	AFRICA_W_T0	IBERIA_T0	EUROPE_NW_T1	0.00038488543275993	5.34609213725466e-05	7.19937896464272	6.04874216303546e-13	A_cross	f4(MAGHREB_T3, Africa; IBERIA_T0, EUROPE_NW_T1) [cross-layer]	YES
MAGHREB_T3	AFRICA_W_T0	IBERIA_T0	EUROPE_NW_T2	-0.00053680684770216	5.31545759877288e-05	-10.0989771384139	5.58213674435541e-24	A_cross	f4(MAGHREB_T3, Africa; IBERIA_T0, EUROPE_NW_T2) [cross-layer]	YES
MAGHREB_T3	AFRICA_W_T0	IBERIA_T0	EUROPE_NW_T3	-0.00775054956518756	0.000264172194121579	-29.3390059122594	3.30052315311777e-189	A	f4(MAGHREB_T3, Africa; IBERIA_T0, EUROPE_NW_T3)	YES
MAGHREB_T3	AFRICA_W_T0	IBERIA_T0	EUROPE_NW_T3	-0.00775054956518756	0.000264172194121579	-29.3390059122594	3.30052315311777e-189	A_cross	f4(MAGHREB_T3, Africa; IBERIA_T0, EUROPE_NW_T3) [cross-layer]	YES
MAGHREB_T3	AFRICA_W_T0	IBERIA_T0	EUROPE_NW_T3	-0.00775054956518756	0.000264172194121579	-29.3390059122594	3.30052315311777e-189	A	f4(MAGHREB_T3, Africa; IBERIA_T0, EUROPE_NW_T3)	YES
MAGHREB_T3	AFRICA_W_T0	IBERIA_T0	EUROPE_NW_T3	-0.00775054956518756	0.000264172194121579	-29.3390059122594	3.30052315311777e-189	A_cross	f4(MAGHREB_T3, Africa; IBERIA_T0, EUROPE_NW_T3) [cross-layer]	YES
MAGHREB_T3	AFRICA_W_T0	IBERIA_T0	EUROPE_NW_T4	-0.00536659063222122	0.000200855071965939	-26.7187210145795	2.85274456055965e-157	A_cross	f4(MAGHREB_T3, Africa; IBERIA_T0, EUROPE_NW_T4) [cross-layer]	YES
MAGHREB_T3	AFRICA_W_T0	IBERIA_T0	GREECE_T0	-0.00728450862007378	0.000283092049496936	-25.7319434898246	5.1342643683117e-146	A	f4(MAGHREB_T3, Africa; IBERIA_T0, GREECE_T0)	PARTIAL
MAGHREB_T3	AFRICA_W_T0	IBERIA_T0	GREECE_T0	-0.00728450862007378	0.000283092049496936	-25.7319434898246	5.1342643683117e-146	A_cross	f4(MAGHREB_T3, Africa; IBERIA_T0, GREECE_T0) [cross-layer]	PARTIAL
MAGHREB_T3	AFRICA_W_T0	IBERIA_T0	GREECE_T0	-0.00728450862007378	0.000283092049496936	-25.7319434898246	5.1342643683117e-146	A	f4(MAGHREB_T3, Africa; IBERIA_T0, GREECE_T0)	PARTIAL
MAGHREB_T3	AFRICA_W_T0	IBERIA_T0	GREECE_T0	-0.00728450862007378	0.000283092049496936	-25.7319434898246	5.1342643683117e-146	A_cross	f4(MAGHREB_T3, Africa; IBERIA_T0, GREECE_T0) [cross-layer]	PARTIAL
MAGHREB_T3	AFRICA_W_T0	IBERIA_T0	GREECE_T1	-0.00192293530469337	0.000104072080283655	-18.4769565425452	3.16540758664417e-76	A_cross	f4(MAGHREB_T3, Africa; IBERIA_T0, GREECE_T1) [cross-layer]	YES
MAGHREB_T3	AFRICA_W_T0	IBERIA_T0	GREECE_T2	-0.00617023904818357	0.000227589792667705	-27.1112292684958	7.25951896884256e-162	A_cross	f4(MAGHREB_T3, Africa; IBERIA_T0, GREECE_T2) [cross-layer]	YES
MAGHREB_T3	AFRICA_W_T0	IBERIA_T0	ITALY_T0	-6.70950555225199e-05	4.76849907153288e-05	-1.40704767928059	0.159413251039219	A	f4(MAGHREB_T3, Africa; IBERIA_T0, ITALY_T0)	YES
MAGHREB_T3	AFRICA_W_T0	IBERIA_T0	ITALY_T0	-6.70950555225199e-05	4.76849907153288e-05	-1.40704767928059	0.159413251039219	A_cross	f4(MAGHREB_T3, Africa; IBERIA_T0, ITALY_T0) [cross-layer]	YES
MAGHREB_T3	AFRICA_W_T0	IBERIA_T0	ITALY_T0	-6.70950555225199e-05	4.76849907153288e-05	-1.40704767928059	0.159413251039219	A	f4(MAGHREB_T3, Africa; IBERIA_T0, ITALY_T0)	YES
MAGHREB_T3	AFRICA_W_T0	IBERIA_T0	ITALY_T0	-6.70950555225199e-05	4.76849907153288e-05	-1.40704767928059	0.159413251039219	A_cross	f4(MAGHREB_T3, Africa; IBERIA_T0, ITALY_T0) [cross-layer]	YES
MAGHREB_T3	AFRICA_W_T0	IBERIA_T0	ITALY_T1	-0.000870982508310192	6.63240741275963e-05	-13.1322226471578	2.15244765215678e-39	A_cross	f4(MAGHREB_T3, Africa; IBERIA_T0, ITALY_T1) [cross-layer]	YES
MAGHREB_T3	AFRICA_W_T0	IBERIA_T0	ITALY_T2	-0.00468777473507506	0.000188543976619271	-24.8630309974905	1.86942877362593e-136	A_cross	f4(MAGHREB_T3, Africa; IBERIA_T0, ITALY_T2) [cross-layer]	YES
MAGHREB_T3	AFRICA_W_T0	IBERIA_T0	ITALY_T3	-0.00765729296670332	0.000292081408719698	-26.2162970257782	1.73258038653638e-151	A	f4(MAGHREB_T3, Africa; IBERIA_T0, ITALY_T3)	PARTIAL
MAGHREB_T3	AFRICA_W_T0	IBERIA_T0	ITALY_T3	-0.00765729296670332	0.000292081408719698	-26.2162970257782	1.73258038653638e-151	A_cross	f4(MAGHREB_T3, Africa; IBERIA_T0, ITALY_T3) [cross-layer]	PARTIAL
MAGHREB_T3	AFRICA_W_T0	IBERIA_T0	ITALY_T3	-0.00765729296670332	0.000292081408719698	-26.2162970257782	1.73258038653638e-151	A	f4(MAGHREB_T3, Africa; IBERIA_T0, ITALY_T3)	PARTIAL
MAGHREB_T3	AFRICA_W_T0	IBERIA_T0	ITALY_T3	-0.00765729296670332	0.000292081408719698	-26.2162970257782	1.73258038653638e-151	A_cross	f4(MAGHREB_T3, Africa; IBERIA_T0, ITALY_T3) [cross-layer]	PARTIAL
MAGHREB_T3	AFRICA_W_T0	IBERIA_T0	ITALY_T4	-0.00864419793116484	0.000262721223135166	-32.9025490518424	2.02088776248542e-237	A_cross	f4(MAGHREB_T3, Africa; IBERIA_T0, ITALY_T4) [cross-layer]	PARTIAL
MAGHREB_T3	AFRICA_W_T0	IBERIA_T0	LEVANT_T0	-0.000842176107710089	6.85358021846431e-05	-12.2881192145555	1.04918705487684e-34	A	f4(MAGHREB_T3, Africa; IBERIA_T0, LEVANT_T0)	YES
MAGHREB_T3	AFRICA_W_T0	IBERIA_T0	LEVANT_T0	-0.000842176107710089	6.85358021846431e-05	-12.2881192145555	1.04918705487684e-34	A_cross	f4(MAGHREB_T3, Africa; IBERIA_T0, LEVANT_T0) [cross-layer]	YES
MAGHREB_T3	AFRICA_W_T0	IBERIA_T0	LEVANT_T0	-0.000842176107710089	6.85358021846431e-05	-12.2881192145555	1.04918705487684e-34	A	f4(MAGHREB_T3, Africa; IBERIA_T0, LEVANT_T0)	YES
MAGHREB_T3	AFRICA_W_T0	IBERIA_T0	LEVANT_T0	-0.000842176107710089	6.85358021846431e-05	-12.2881192145555	1.04918705487684e-34	A_cross	f4(MAGHREB_T3, Africa; IBERIA_T0, LEVANT_T0) [cross-layer]	YES
MAGHREB_T3	AFRICA_W_T0	IBERIA_T0	LEVANT_T1	-0.00130978069079278	7.93323134968439e-05	-16.5100528783254	3.10611039721408e-61	A_cross	f4(MAGHREB_T3, Africa; IBERIA_T0, LEVANT_T1) [cross-layer]	YES
MAGHREB_T3	AFRICA_W_T0	IBERIA_T0	LEVANT_T2	-0.00319822354078797	0.000149423134950048	-21.4038043162268	1.23139013575351e-101	A_cross	f4(MAGHREB_T3, Africa; IBERIA_T0, LEVANT_T2) [cross-layer]	YES
MAGHREB_T3	AFRICA_W_T0	IBERIA_T0	LEVANT_T3	-0.00591513144933295	0.00021949329478273	-26.9490302890034	5.85553416319757e-160	A	f4(MAGHREB_T3, Africa; IBERIA_T0, LEVANT_T3)	YES
MAGHREB_T3	AFRICA_W_T0	IBERIA_T0	LEVANT_T3	-0.00591513144933295	0.00021949329478273	-26.9490302890034	5.85553416319757e-160	A_cross	f4(MAGHREB_T3, Africa; IBERIA_T0, LEVANT_T3) [cross-layer]	YES
MAGHREB_T3	AFRICA_W_T0	IBERIA_T0	LEVANT_T3	-0.00591513144933295	0.00021949329478273	-26.9490302890034	5.85553416319757e-160	A	f4(MAGHREB_T3, Africa; IBERIA_T0, LEVANT_T3)	YES
MAGHREB_T3	AFRICA_W_T0	IBERIA_T0	LEVANT_T3	-0.00591513144933295	0.00021949329478273	-26.9490302890034	5.85553416319757e-160	A_cross	f4(MAGHREB_T3, Africa; IBERIA_T0, LEVANT_T3) [cross-layer]	YES
MAGHREB_T3	AFRICA_W_T0	IBERIA_T0	MALTA_T1	-0.00729441485174398	0.000274849912374455	-26.53962953354	3.38338389854926e-155	A_cross	f4(MAGHREB_T3, Africa; IBERIA_T0, MALTA_T1) [cross-layer]	PARTIAL
MAGHREB_T3	AFRICA_W_T0	IBERIA_T0	SARDINIA_T0	-0.00273777621241518	0.000134903608683657	-20.2943141338431	1.44354922929564e-91	A	f4(MAGHREB_T3, Africa; IBERIA_T0, SARDINIA_T0)	YES
MAGHREB_T3	AFRICA_W_T0	IBERIA_T0	SARDINIA_T0	-0.00273777621241518	0.000134903608683657	-20.2943141338431	1.44354922929564e-91	A_cross	f4(MAGHREB_T3, Africa; IBERIA_T0, SARDINIA_T0) [cross-layer]	YES
MAGHREB_T3	AFRICA_W_T0	IBERIA_T0	SARDINIA_T0	-0.00273777621241518	0.000134903608683657	-20.2943141338431	1.44354922929564e-91	A	f4(MAGHREB_T3, Africa; IBERIA_T0, SARDINIA_T0)	YES
MAGHREB_T3	AFRICA_W_T0	IBERIA_T0	SARDINIA_T0	-0.00273777621241518	0.000134903608683657	-20.2943141338431	1.44354922929564e-91	A_cross	f4(MAGHREB_T3, Africa; IBERIA_T0, SARDINIA_T0) [cross-layer]	YES
MAGHREB_T3	AFRICA_W_T0	IBERIA_T0	SARDINIA_T1	-0.00151893327411642	8.32892735195287e-05	-18.2368414314513	2.63236986061014e-74	A_cross	f4(MAGHREB_T3, Africa; IBERIA_T0, SARDINIA_T1) [cross-layer]	YES
MAGHREB_T3	AFRICA_W_T0	IBERIA_T0	SARDINIA_T2	-0.00756930077161508	0.000272286413731966	-27.7990395035507	4.45525575549987e-170	A_cross	f4(MAGHREB_T3, Africa; IBERIA_T0, SARDINIA_T2) [cross-layer]	PARTIAL
MAGHREB_T3	AFRICA_W_T0	IBERIA_T0	SICILY_T0	-0.00532624215217103	0.000215331636067708	-24.7350656384567	4.48891220074231e-135	A	f4(MAGHREB_T3, Africa; IBERIA_T0, SICILY_T0)	YES
MAGHREB_T3	AFRICA_W_T0	IBERIA_T0	SICILY_T0	-0.00532624215217103	0.000215331636067708	-24.7350656384567	4.48891220074231e-135	A_cross	f4(MAGHREB_T3, Africa; IBERIA_T0, SICILY_T0) [cross-layer]	YES
MAGHREB_T3	AFRICA_W_T0	IBERIA_T0	SICILY_T0	-0.00532624215217103	0.000215331636067708	-24.7350656384567	4.48891220074231e-135	A	f4(MAGHREB_T3, Africa; IBERIA_T0, SICILY_T0)	YES
MAGHREB_T3	AFRICA_W_T0	IBERIA_T0	SICILY_T0	-0.00532624215217103	0.000215331636067708	-24.7350656384567	4.48891220074231e-135	A_cross	f4(MAGHREB_T3, Africa; IBERIA_T0, SICILY_T0) [cross-layer]	YES
MAGHREB_T3	AFRICA_W_T0	IBERIA_T0	SICILY_T1	-0.000941203422136315	7.47566770214796e-05	-12.5902255107712	2.38989626476077e-36	A_cross	f4(MAGHREB_T3, Africa; IBERIA_T0, SICILY_T1) [cross-layer]	YES
MAGHREB_T3	AFRICA_W_T0	IBERIA_T0	SICILY_T2	-0.00433650779234698	0.000169277819433054	-25.6176964405073	9.68966915748563e-145	A_cross	f4(MAGHREB_T3, Africa; IBERIA_T0, SICILY_T2) [cross-layer]	YES
MAGHREB_T3	AFRICA_W_T0	IBERIA_T0	SICILY_T3	-0.00705624226062131	0.000263403499635811	-26.7887187162565	4.37347816696001e-158	A	f4(MAGHREB_T3, Africa; IBERIA_T0, SICILY_T3)	PARTIAL
MAGHREB_T3	AFRICA_W_T0	IBERIA_T0	SICILY_T3	-0.00705624226062131	0.000263403499635811	-26.7887187162565	4.37347816696001e-158	A_cross	f4(MAGHREB_T3, Africa; IBERIA_T0, SICILY_T3) [cross-layer]	PARTIAL
MAGHREB_T3	AFRICA_W_T0	IBERIA_T0	SICILY_T3	-0.00705624226062131	0.000263403499635811	-26.7887187162565	4.37347816696001e-158	A	f4(MAGHREB_T3, Africa; IBERIA_T0, SICILY_T3)	PARTIAL
MAGHREB_T3	AFRICA_W_T0	IBERIA_T0	SICILY_T3	-0.00705624226062131	0.000263403499635811	-26.7887187162565	4.37347816696001e-158	A_cross	f4(MAGHREB_T3, Africa; IBERIA_T0, SICILY_T3) [cross-layer]	PARTIAL
MAGHREB_T3	AFRICA_W_T0	IBERIA_T1	ANATOLIA_T0	-0.00140959052324933	0.000100621545662808	-14.0088339327741	1.37646451369265e-44	A_cross	f4(MAGHREB_T3, Africa; IBERIA_T1, ANATOLIA_T0) [cross-layer]	YES
MAGHREB_T3	AFRICA_W_T0	IBERIA_T1	ANATOLIA_T1	-0.000716464882820237	7.39249317819213e-05	-9.69178957017925	3.26752373841854e-22	A	f4(MAGHREB_T3, Africa; IBERIA_T1, ANATOLIA_T1)	YES
MAGHREB_T3	AFRICA_W_T0	IBERIA_T1	ANATOLIA_T1	-0.000716464882820237	7.39249317819213e-05	-9.69178957017925	3.26752373841854e-22	A_cross	f4(MAGHREB_T3, Africa; IBERIA_T1, ANATOLIA_T1) [cross-layer]	YES
MAGHREB_T3	AFRICA_W_T0	IBERIA_T1	ANATOLIA_T1	-0.000716464882820237	7.39249317819213e-05	-9.69178957017925	3.26752373841854e-22	A	f4(MAGHREB_T3, Africa; IBERIA_T1, ANATOLIA_T1)	YES
MAGHREB_T3	AFRICA_W_T0	IBERIA_T1	ANATOLIA_T1	-0.000716464882820237	7.39249317819213e-05	-9.69178957017925	3.26752373841854e-22	A_cross	f4(MAGHREB_T3, Africa; IBERIA_T1, ANATOLIA_T1) [cross-layer]	YES
MAGHREB_T3	AFRICA_W_T0	IBERIA_T1	ANATOLIA_T2	-0.000648791426659793	6.17498814433458e-05	-10.506763923993	8.04053531468447e-26	A_cross	f4(MAGHREB_T3, Africa; IBERIA_T1, ANATOLIA_T2) [cross-layer]	YES
MAGHREB_T3	AFRICA_W_T0	IBERIA_T1	BALKANS_T0	-0.000454902896082183	6.2543290754213e-05	-7.27340839595237	3.5052852551897e-13	A_cross	f4(MAGHREB_T3, Africa; IBERIA_T1, BALKANS_T0) [cross-layer]	YES
MAGHREB_T3	AFRICA_W_T0	IBERIA_T1	BALKANS_T1	-4.3943543863489e-05	4.83487968572506e-05	-0.908885985172121	0.363410312332848	A	f4(MAGHREB_T3, Africa; IBERIA_T1, BALKANS_T1)	YES
MAGHREB_T3	AFRICA_W_T0	IBERIA_T1	BALKANS_T1	-4.3943543863489e-05	4.83487968572506e-05	-0.908885985172121	0.363410312332848	A_cross	f4(MAGHREB_T3, Africa; IBERIA_T1, BALKANS_T1) [cross-layer]	YES
MAGHREB_T3	AFRICA_W_T0	IBERIA_T1	BALKANS_T1	-4.3943543863489e-05	4.83487968572506e-05	-0.908885985172121	0.363410312332848	A	f4(MAGHREB_T3, Africa; IBERIA_T1, BALKANS_T1)	YES
MAGHREB_T3	AFRICA_W_T0	IBERIA_T1	BALKANS_T1	-4.3943543863489e-05	4.83487968572506e-05	-0.908885985172121	0.363410312332848	A_cross	f4(MAGHREB_T3, Africa; IBERIA_T1, BALKANS_T1) [cross-layer]	YES
MAGHREB_T3	AFRICA_W_T0	IBERIA_T1	BALKANS_T2	-73.3830164238343	4.29796473466602	-17.0738991485784	2.32163413072044e-65	A_cross	f4(MAGHREB_T3, Africa; IBERIA_T1, BALKANS_T2) [cross-layer]	YES
MAGHREB_T3	AFRICA_W_T0	IBERIA_T1	BALKANS_T4	-0.00743579676241716	0.000241823363851197	-30.7488765518649	1.2658071358442e-207	A_cross	f4(MAGHREB_T3, Africa; IBERIA_T1, BALKANS_T4) [cross-layer]	YES
MAGHREB_T3	AFRICA_W_T0	IBERIA_T1	EUROPE_CENTRAL_T0	0.000335243286650186	4.06342266037754e-05	8.25026866929562	1.58038818988783e-16	A_cross	f4(MAGHREB_T3, Africa; IBERIA_T1, EUROPE_CENTRAL_T0) [cross-layer]	YES
MAGHREB_T3	AFRICA_W_T0	IBERIA_T1	EUROPE_CENTRAL_T1	0.00024552508558197	3.92829914134321e-05	6.25016264667707	4.10025466166592e-10	A	f4(MAGHREB_T3, Africa; IBERIA_T1, EUROPE_CENTRAL_T1)	YES
MAGHREB_T3	AFRICA_W_T0	IBERIA_T1	EUROPE_CENTRAL_T1	0.00024552508558197	3.92829914134321e-05	6.25016264667707	4.10025466166592e-10	A_cross	f4(MAGHREB_T3, Africa; IBERIA_T1, EUROPE_CENTRAL_T1) [cross-layer]	YES
MAGHREB_T3	AFRICA_W_T0	IBERIA_T1	EUROPE_CENTRAL_T1	0.00024552508558197	3.92829914134321e-05	6.25016264667707	4.10025466166592e-10	A	f4(MAGHREB_T3, Africa; IBERIA_T1, EUROPE_CENTRAL_T1)	YES
MAGHREB_T3	AFRICA_W_T0	IBERIA_T1	EUROPE_CENTRAL_T1	0.00024552508558197	3.92829914134321e-05	6.25016264667707	4.10025466166592e-10	A_cross	f4(MAGHREB_T3, Africa; IBERIA_T1, EUROPE_CENTRAL_T1) [cross-layer]	YES
MAGHREB_T3	AFRICA_W_T0	IBERIA_T1	EUROPE_CENTRAL_T2	7.34765320194568e-05	3.90316335662772e-05	1.88248672438192	0.0597699607085768	A_cross	f4(MAGHREB_T3, Africa; IBERIA_T1, EUROPE_CENTRAL_T2) [cross-layer]	YES
MAGHREB_T3	AFRICA_W_T0	IBERIA_T1	EUROPE_CENTRAL_T3	-0.00664607289309695	0.000247633784700794	-26.838312474718	1.15480456790115e-158	A	f4(MAGHREB_T3, Africa; IBERIA_T1, EUROPE_CENTRAL_T3)	YES
MAGHREB_T3	AFRICA_W_T0	IBERIA_T1	EUROPE_CENTRAL_T3	-0.00664607289309695	0.000247633784700794	-26.838312474718	1.15480456790115e-158	A_cross	f4(MAGHREB_T3, Africa; IBERIA_T1, EUROPE_CENTRAL_T3) [cross-layer]	YES
MAGHREB_T3	AFRICA_W_T0	IBERIA_T1	EUROPE_CENTRAL_T3	-0.00664607289309695	0.000247633784700794	-26.838312474718	1.15480456790115e-158	A	f4(MAGHREB_T3, Africa; IBERIA_T1, EUROPE_CENTRAL_T3)	YES
MAGHREB_T3	AFRICA_W_T0	IBERIA_T1	EUROPE_CENTRAL_T3	-0.00664607289309695	0.000247633784700794	-26.838312474718	1.15480456790115e-158	A_cross	f4(MAGHREB_T3, Africa; IBERIA_T1, EUROPE_CENTRAL_T3) [cross-layer]	YES
MAGHREB_T3	AFRICA_W_T0	IBERIA_T1	EUROPE_CENTRAL_T4	-0.00513203979409081	0.000191811195553685	-26.7556843033931	1.06035946099338e-157	A_cross	f4(MAGHREB_T3, Africa; IBERIA_T1, EUROPE_CENTRAL_T4) [cross-layer]	YES
MAGHREB_T3	AFRICA_W_T0	IBERIA_T1	EUROPE_NW_T0	0.000376324389229155	3.92153351218919e-05	9.5963578548911	8.28193138917991e-22	A_cross	f4(MAGHREB_T3, Africa; IBERIA_T1, EUROPE_NW_T0) [cross-layer]	YES
MAGHREB_T3	AFRICA_W_T0	IBERIA_T1	EUROPE_NW_T1	0.00032316493393862	3.88310778739458e-05	8.32232715732703	8.62528457838259e-17	A	f4(MAGHREB_T3, Africa; IBERIA_T1, EUROPE_NW_T1)	YES
MAGHREB_T3	AFRICA_W_T0	IBERIA_T1	EUROPE_NW_T1	0.00032316493393862	3.88310778739458e-05	8.32232715732703	8.62528457838259e-17	A_cross	f4(MAGHREB_T3, Africa; IBERIA_T1, EUROPE_NW_T1) [cross-layer]	YES
MAGHREB_T3	AFRICA_W_T0	IBERIA_T1	EUROPE_NW_T1	0.00032316493393862	3.88310778739458e-05	8.32232715732703	8.62528457838259e-17	A	f4(MAGHREB_T3, Africa; IBERIA_T1, EUROPE_NW_T1)	YES
MAGHREB_T3	AFRICA_W_T0	IBERIA_T1	EUROPE_NW_T1	0.00032316493393862	3.88310778739458e-05	8.32232715732703	8.62528457838259e-17	A_cross	f4(MAGHREB_T3, Africa; IBERIA_T1, EUROPE_NW_T1) [cross-layer]	YES
MAGHREB_T3	AFRICA_W_T0	IBERIA_T1	EUROPE_NW_T2	-0.00059852734652347	6.42513018603095e-05	-9.31541197133632	1.214801763272e-20	A_cross	f4(MAGHREB_T3, Africa; IBERIA_T1, EUROPE_NW_T2) [cross-layer]	YES
MAGHREB_T3	AFRICA_W_T0	IBERIA_T1	EUROPE_NW_T3	-0.00781227006400889	0.000259322265348864	-30.1257204177941	2.23144345199656e-199	A	f4(MAGHREB_T3, Africa; IBERIA_T1, EUROPE_NW_T3)	YES
MAGHREB_T3	AFRICA_W_T0	IBERIA_T1	EUROPE_NW_T3	-0.00781227006400889	0.000259322265348864	-30.1257204177941	2.23144345199656e-199	A_cross	f4(MAGHREB_T3, Africa; IBERIA_T1, EUROPE_NW_T3) [cross-layer]	YES
MAGHREB_T3	AFRICA_W_T0	IBERIA_T1	EUROPE_NW_T3	-0.00781227006400889	0.000259322265348864	-30.1257204177941	2.23144345199656e-199	A	f4(MAGHREB_T3, Africa; IBERIA_T1, EUROPE_NW_T3)	YES
MAGHREB_T3	AFRICA_W_T0	IBERIA_T1	EUROPE_NW_T3	-0.00781227006400889	0.000259322265348864	-30.1257204177941	2.23144345199656e-199	A_cross	f4(MAGHREB_T3, Africa; IBERIA_T1, EUROPE_NW_T3) [cross-layer]	YES
MAGHREB_T3	AFRICA_W_T0	IBERIA_T1	EUROPE_NW_T4	-0.00542831113104253	0.000199657082855123	-27.1881721069795	8.96293052891208e-163	A_cross	f4(MAGHREB_T3, Africa; IBERIA_T1, EUROPE_NW_T4) [cross-layer]	YES
MAGHREB_T3	AFRICA_W_T0	IBERIA_T1	GREECE_T0	-0.0073462291188951	0.000280411221423827	-26.1980568452061	2.79639049622419e-151	A_cross	f4(MAGHREB_T3, Africa; IBERIA_T1, GREECE_T0) [cross-layer]	PARTIAL
MAGHREB_T3	AFRICA_W_T0	IBERIA_T1	GREECE_T1	-0.00198465580351468	0.00010772447987575	-18.4234428962088	8.52073779397692e-76	A	f4(MAGHREB_T3, Africa; IBERIA_T1, GREECE_T1)	YES
MAGHREB_T3	AFRICA_W_T0	IBERIA_T1	GREECE_T1	-0.00198465580351468	0.00010772447987575	-18.4234428962088	8.52073779397692e-76	A_cross	f4(MAGHREB_T3, Africa; IBERIA_T1, GREECE_T1) [cross-layer]	YES
MAGHREB_T3	AFRICA_W_T0	IBERIA_T1	GREECE_T1	-0.00198465580351468	0.00010772447987575	-18.4234428962088	8.52073779397692e-76	A	f4(MAGHREB_T3, Africa; IBERIA_T1, GREECE_T1)	YES
MAGHREB_T3	AFRICA_W_T0	IBERIA_T1	GREECE_T1	-0.00198465580351468	0.00010772447987575	-18.4234428962088	8.52073779397692e-76	A_cross	f4(MAGHREB_T3, Africa; IBERIA_T1, GREECE_T1) [cross-layer]	YES
MAGHREB_T3	AFRICA_W_T0	IBERIA_T1	GREECE_T2	-0.00623195954700488	0.000228949321091623	-27.2198210385211	3.78467321558722e-163	A_cross	f4(MAGHREB_T3, Africa; IBERIA_T1, GREECE_T2) [cross-layer]	YES
MAGHREB_T3	AFRICA_W_T0	IBERIA_T1	ITALY_T0	-0.00012881555434383	5.30642572580737e-05	-2.42753900647937	0.0152016520626312	A_cross	f4(MAGHREB_T3, Africa; IBERIA_T1, ITALY_T0) [cross-layer]	YES
MAGHREB_T3	AFRICA_W_T0	IBERIA_T1	ITALY_T1	-0.000932703007131502	7.19036687667355e-05	-12.9715635256013	1.77374863017995e-38	A	f4(MAGHREB_T3, Africa; IBERIA_T1, ITALY_T1)	YES
MAGHREB_T3	AFRICA_W_T0	IBERIA_T1	ITALY_T1	-0.000932703007131502	7.19036687667355e-05	-12.9715635256013	1.77374863017995e-38	A_cross	f4(MAGHREB_T3, Africa; IBERIA_T1, ITALY_T1) [cross-layer]	YES
MAGHREB_T3	AFRICA_W_T0	IBERIA_T1	ITALY_T1	-0.000932703007131502	7.19036687667355e-05	-12.9715635256013	1.77374863017995e-38	A	f4(MAGHREB_T3, Africa; IBERIA_T1, ITALY_T1)	YES
MAGHREB_T3	AFRICA_W_T0	IBERIA_T1	ITALY_T1	-0.000932703007131502	7.19036687667355e-05	-12.9715635256013	1.77374863017995e-38	A_cross	f4(MAGHREB_T3, Africa; IBERIA_T1, ITALY_T1) [cross-layer]	YES
MAGHREB_T3	AFRICA_W_T0	IBERIA_T1	ITALY_T2	-0.00474949523389637	0.00018734862589472	-25.3511079209374	8.73714107658939e-142	A_cross	f4(MAGHREB_T3, Africa; IBERIA_T1, ITALY_T2) [cross-layer]	YES
MAGHREB_T3	AFRICA_W_T0	IBERIA_T1	ITALY_T3	-0.00771901346552462	0.000292465750217251	-26.3928800544705	1.65391358806557e-153	A	f4(MAGHREB_T3, Africa; IBERIA_T1, ITALY_T3)	PARTIAL
MAGHREB_T3	AFRICA_W_T0	IBERIA_T1	ITALY_T3	-0.00771901346552462	0.000292465750217251	-26.3928800544705	1.65391358806557e-153	A_cross	f4(MAGHREB_T3, Africa; IBERIA_T1, ITALY_T3) [cross-layer]	PARTIAL
MAGHREB_T3	AFRICA_W_T0	IBERIA_T1	ITALY_T3	-0.00771901346552462	0.000292465750217251	-26.3928800544705	1.65391358806557e-153	A	f4(MAGHREB_T3, Africa; IBERIA_T1, ITALY_T3)	PARTIAL
MAGHREB_T3	AFRICA_W_T0	IBERIA_T1	ITALY_T3	-0.00771901346552462	0.000292465750217251	-26.3928800544705	1.65391358806557e-153	A_cross	f4(MAGHREB_T3, Africa; IBERIA_T1, ITALY_T3) [cross-layer]	PARTIAL
MAGHREB_T3	AFRICA_W_T0	IBERIA_T1	ITALY_T4	-0.00870591842998616	0.000258412102651817	-33.6900568535541	8.08369888402453e-249	A_cross	f4(MAGHREB_T3, Africa; IBERIA_T1, ITALY_T4) [cross-layer]	PARTIAL
MAGHREB_T3	AFRICA_W_T0	IBERIA_T1	LEVANT_T0	-0.000903896606531399	7.39717094483443e-05	-12.2194905764968	2.44612699473059e-34	A_cross	f4(MAGHREB_T3, Africa; IBERIA_T1, LEVANT_T0) [cross-layer]	YES
MAGHREB_T3	AFRICA_W_T0	IBERIA_T1	LEVANT_T1	-0.00137150118961409	8.52381755906015e-05	-16.090222252074	2.98762945114145e-58	A	f4(MAGHREB_T3, Africa; IBERIA_T1, LEVANT_T1)	YES
MAGHREB_T3	AFRICA_W_T0	IBERIA_T1	LEVANT_T1	-0.00137150118961409	8.52381755906015e-05	-16.090222252074	2.98762945114145e-58	A_cross	f4(MAGHREB_T3, Africa; IBERIA_T1, LEVANT_T1) [cross-layer]	YES
MAGHREB_T3	AFRICA_W_T0	IBERIA_T1	LEVANT_T1	-0.00137150118961409	8.52381755906015e-05	-16.090222252074	2.98762945114145e-58	A	f4(MAGHREB_T3, Africa; IBERIA_T1, LEVANT_T1)	YES
MAGHREB_T3	AFRICA_W_T0	IBERIA_T1	LEVANT_T1	-0.00137150118961409	8.52381755906015e-05	-16.090222252074	2.98762945114145e-58	A_cross	f4(MAGHREB_T3, Africa; IBERIA_T1, LEVANT_T1) [cross-layer]	YES
MAGHREB_T3	AFRICA_W_T0	IBERIA_T1	LEVANT_T2	-0.00325994403960928	0.000149986103252702	-21.7349739003274	9.58375810615659e-105	A_cross	f4(MAGHREB_T3, Africa; IBERIA_T1, LEVANT_T2) [cross-layer]	YES
MAGHREB_T3	AFRICA_W_T0	IBERIA_T1	LEVANT_T3	-0.00597685194815425	0.000217800604417905	-27.4418519825875	8.69128787804805e-166	A	f4(MAGHREB_T3, Africa; IBERIA_T1, LEVANT_T3)	YES
MAGHREB_T3	AFRICA_W_T0	IBERIA_T1	LEVANT_T3	-0.00597685194815425	0.000217800604417905	-27.4418519825875	8.69128787804805e-166	A_cross	f4(MAGHREB_T3, Africa; IBERIA_T1, LEVANT_T3) [cross-layer]	YES
MAGHREB_T3	AFRICA_W_T0	IBERIA_T1	LEVANT_T3	-0.00597685194815425	0.000217800604417905	-27.4418519825875	8.69128787804805e-166	A	f4(MAGHREB_T3, Africa; IBERIA_T1, LEVANT_T3)	YES
MAGHREB_T3	AFRICA_W_T0	IBERIA_T1	LEVANT_T3	-0.00597685194815425	0.000217800604417905	-27.4418519825875	8.69128787804805e-166	A_cross	f4(MAGHREB_T3, Africa; IBERIA_T1, LEVANT_T3) [cross-layer]	YES
MAGHREB_T3	AFRICA_W_T0	IBERIA_T1	MALTA_T1	-0.00735613535056529	0.000271654002572527	-27.0790611620064	1.73761243623758e-161	A	f4(MAGHREB_T3, Africa; IBERIA_T1, MALTA_T1)	PARTIAL
MAGHREB_T3	AFRICA_W_T0	IBERIA_T1	MALTA_T1	-0.00735613535056529	0.000271654002572527	-27.0790611620064	1.73761243623758e-161	A_cross	f4(MAGHREB_T3, Africa; IBERIA_T1, MALTA_T1) [cross-layer]	PARTIAL
MAGHREB_T3	AFRICA_W_T0	IBERIA_T1	MALTA_T1	-0.00735613535056529	0.000271654002572527	-27.0790611620064	1.73761243623758e-161	A	f4(MAGHREB_T3, Africa; IBERIA_T1, MALTA_T1)	PARTIAL
MAGHREB_T3	AFRICA_W_T0	IBERIA_T1	MALTA_T1	-0.00735613535056529	0.000271654002572527	-27.0790611620064	1.73761243623758e-161	A_cross	f4(MAGHREB_T3, Africa; IBERIA_T1, MALTA_T1) [cross-layer]	PARTIAL
MAGHREB_T3	AFRICA_W_T0	IBERIA_T1	SARDINIA_T0	-0.00279949671123649	0.000136924441502788	-20.4455587367102	6.58005103405781e-93	A_cross	f4(MAGHREB_T3, Africa; IBERIA_T1, SARDINIA_T0) [cross-layer]	YES
MAGHREB_T3	AFRICA_W_T0	IBERIA_T1	SARDINIA_T1	-0.00158065377293772	8.88725471821107e-05	-17.7856247295216	9.1339618727201e-71	A	f4(MAGHREB_T3, Africa; IBERIA_T1, SARDINIA_T1)	YES
MAGHREB_T3	AFRICA_W_T0	IBERIA_T1	SARDINIA_T1	-0.00158065377293772	8.88725471821107e-05	-17.7856247295216	9.1339618727201e-71	A_cross	f4(MAGHREB_T3, Africa; IBERIA_T1, SARDINIA_T1) [cross-layer]	YES
MAGHREB_T3	AFRICA_W_T0	IBERIA_T1	SARDINIA_T1	-0.00158065377293772	8.88725471821107e-05	-17.7856247295216	9.1339618727201e-71	A	f4(MAGHREB_T3, Africa; IBERIA_T1, SARDINIA_T1)	YES
MAGHREB_T3	AFRICA_W_T0	IBERIA_T1	SARDINIA_T1	-0.00158065377293772	8.88725471821107e-05	-17.7856247295216	9.1339618727201e-71	A_cross	f4(MAGHREB_T3, Africa; IBERIA_T1, SARDINIA_T1) [cross-layer]	YES
MAGHREB_T3	AFRICA_W_T0	IBERIA_T1	SARDINIA_T2	-0.0076310212704364	0.000270448807194885	-28.216139496365	3.70687654855693e-175	A_cross	f4(MAGHREB_T3, Africa; IBERIA_T1, SARDINIA_T2) [cross-layer]	PARTIAL
MAGHREB_T3	AFRICA_W_T0	IBERIA_T1	SICILY_T0	-0.00538796265099233	0.000215046971357864	-25.0548176380783	1.54705821294991e-138	A_cross	f4(MAGHREB_T3, Africa; IBERIA_T1, SICILY_T0) [cross-layer]	YES
MAGHREB_T3	AFRICA_W_T0	IBERIA_T1	SICILY_T1	-0.00100292392095763	7.95941389766633e-05	-12.6004745305641	2.09877995949145e-36	A	f4(MAGHREB_T3, Africa; IBERIA_T1, SICILY_T1)	YES
MAGHREB_T3	AFRICA_W_T0	IBERIA_T1	SICILY_T1	-0.00100292392095763	7.95941389766633e-05	-12.6004745305641	2.09877995949145e-36	A_cross	f4(MAGHREB_T3, Africa; IBERIA_T1, SICILY_T1) [cross-layer]	YES
MAGHREB_T3	AFRICA_W_T0	IBERIA_T1	SICILY_T1	-0.00100292392095763	7.95941389766633e-05	-12.6004745305641	2.09877995949145e-36	A	f4(MAGHREB_T3, Africa; IBERIA_T1, SICILY_T1)	YES
MAGHREB_T3	AFRICA_W_T0	IBERIA_T1	SICILY_T1	-0.00100292392095763	7.95941389766633e-05	-12.6004745305641	2.09877995949145e-36	A_cross	f4(MAGHREB_T3, Africa; IBERIA_T1, SICILY_T1) [cross-layer]	YES
MAGHREB_T3	AFRICA_W_T0	IBERIA_T1	SICILY_T2	-0.00439822829116829	0.00016991339845637	-25.885117542968	9.79617683543277e-148	A_cross	f4(MAGHREB_T3, Africa; IBERIA_T1, SICILY_T2) [cross-layer]	YES
MAGHREB_T3	AFRICA_W_T0	IBERIA_T1	SICILY_T3	-0.00711796275944262	0.000260678434334542	-27.3055298096036	3.64646724017405e-164	A	f4(MAGHREB_T3, Africa; IBERIA_T1, SICILY_T3)	PARTIAL
MAGHREB_T3	AFRICA_W_T0	IBERIA_T1	SICILY_T3	-0.00711796275944262	0.000260678434334542	-27.3055298096036	3.64646724017405e-164	A_cross	f4(MAGHREB_T3, Africa; IBERIA_T1, SICILY_T3) [cross-layer]	PARTIAL
MAGHREB_T3	AFRICA_W_T0	IBERIA_T1	SICILY_T3	-0.00711796275944262	0.000260678434334542	-27.3055298096036	3.64646724017405e-164	A	f4(MAGHREB_T3, Africa; IBERIA_T1, SICILY_T3)	PARTIAL
MAGHREB_T3	AFRICA_W_T0	IBERIA_T1	SICILY_T3	-0.00711796275944262	0.000260678434334542	-27.3055298096036	3.64646724017405e-164	A_cross	f4(MAGHREB_T3, Africa; IBERIA_T1, SICILY_T3) [cross-layer]	PARTIAL
MAGHREB_T3	AFRICA_W_T0	IBERIA_T2	ANATOLIA_T0	0.00186703474796673	0.000105723860866584	17.6595399814504	8.59371881879483e-70	A_cross	f4(MAGHREB_T3, Africa; IBERIA_T2, ANATOLIA_T0) [cross-layer]	YES
MAGHREB_T3	AFRICA_W_T0	IBERIA_T2	ANATOLIA_T1	0.00256016038839583	0.000128709602120506	19.8909820729525	4.87117288312632e-88	A_cross	f4(MAGHREB_T3, Africa; IBERIA_T2, ANATOLIA_T1) [cross-layer]	YES
MAGHREB_T3	AFRICA_W_T0	IBERIA_T2	ANATOLIA_T2	0.00262783384455627	0.000133300657195358	19.7135850628633	1.64862863034237e-86	A	f4(MAGHREB_T3, Africa; IBERIA_T2, ANATOLIA_T2)	YES
MAGHREB_T3	AFRICA_W_T0	IBERIA_T2	ANATOLIA_T2	0.00262783384455627	0.000133300657195358	19.7135850628633	1.64862863034237e-86	A_cross	f4(MAGHREB_T3, Africa; IBERIA_T2, ANATOLIA_T2) [cross-layer]	YES
MAGHREB_T3	AFRICA_W_T0	IBERIA_T2	ANATOLIA_T2	0.00262783384455627	0.000133300657195358	19.7135850628633	1.64862863034237e-86	A	f4(MAGHREB_T3, Africa; IBERIA_T2, ANATOLIA_T2)	YES
MAGHREB_T3	AFRICA_W_T0	IBERIA_T2	ANATOLIA_T2	0.00262783384455627	0.000133300657195358	19.7135850628633	1.64862863034237e-86	A_cross	f4(MAGHREB_T3, Africa; IBERIA_T2, ANATOLIA_T2) [cross-layer]	YES
MAGHREB_T3	AFRICA_W_T0	IBERIA_T2	BALKANS_T0	0.00282172237513389	0.000134398555445721	20.9951838081585	7.25816638798441e-98	A_cross	f4(MAGHREB_T3, Africa; IBERIA_T2, BALKANS_T0) [cross-layer]	YES
MAGHREB_T3	AFRICA_W_T0	IBERIA_T2	BALKANS_T1	0.00323268172735258	0.000141984075892934	22.7679175078074	9.53708825527399e-115	A_cross	f4(MAGHREB_T3, Africa; IBERIA_T2, BALKANS_T1) [cross-layer]	YES
MAGHREB_T3	AFRICA_W_T0	IBERIA_T2	BALKANS_T2	-73.3797397985632	4.2979199608456	-17.0733146422126	2.34499891657953e-65	A	f4(MAGHREB_T3, Africa; IBERIA_T2, BALKANS_T2)	YES
MAGHREB_T3	AFRICA_W_T0	IBERIA_T2	BALKANS_T2	-73.3797397985632	4.2979199608456	-17.0733146422126	2.34499891657953e-65	A_cross	f4(MAGHREB_T3, Africa; IBERIA_T2, BALKANS_T2) [cross-layer]	YES
MAGHREB_T3	AFRICA_W_T0	IBERIA_T2	BALKANS_T2	-73.3797397985632	4.2979199608456	-17.0733146422126	2.34499891657953e-65	A	f4(MAGHREB_T3, Africa; IBERIA_T2, BALKANS_T2)	YES
MAGHREB_T3	AFRICA_W_T0	IBERIA_T2	BALKANS_T2	-73.3797397985632	4.2979199608456	-17.0733146422126	2.34499891657953e-65	A_cross	f4(MAGHREB_T3, Africa; IBERIA_T2, BALKANS_T2) [cross-layer]	YES
MAGHREB_T3	AFRICA_W_T0	IBERIA_T2	BALKANS_T4	-0.00415917149120109	0.000190318343618988	-21.8537604526847	7.15885120796578e-106	A_cross	f4(MAGHREB_T3, Africa; IBERIA_T2, BALKANS_T4) [cross-layer]	YES
MAGHREB_T3	AFRICA_W_T0	IBERIA_T2	EUROPE_CENTRAL_T0	0.00361186855786625	0.000153584038907876	23.5172130095677	2.71937882041688e-122	A_cross	f4(MAGHREB_T3, Africa; IBERIA_T2, EUROPE_CENTRAL_T0) [cross-layer]	YES
MAGHREB_T3	AFRICA_W_T0	IBERIA_T2	EUROPE_CENTRAL_T1	0.00352215035679803	0.000151323103275332	23.2756947258047	7.81613548938459e-120	A_cross	f4(MAGHREB_T3, Africa; IBERIA_T2, EUROPE_CENTRAL_T1) [cross-layer]	YES
MAGHREB_T3	AFRICA_W_T0	IBERIA_T2	EUROPE_CENTRAL_T2	0.00335010180323552	0.00014723389413012	22.7536045489282	1.32181184754245e-114	A	f4(MAGHREB_T3, Africa; IBERIA_T2, EUROPE_CENTRAL_T2)	YES
MAGHREB_T3	AFRICA_W_T0	IBERIA_T2	EUROPE_CENTRAL_T2	0.00335010180323552	0.00014723389413012	22.7536045489282	1.32181184754245e-114	A_cross	f4(MAGHREB_T3, Africa; IBERIA_T2, EUROPE_CENTRAL_T2) [cross-layer]	YES
MAGHREB_T3	AFRICA_W_T0	IBERIA_T2	EUROPE_CENTRAL_T2	0.00335010180323552	0.00014723389413012	22.7536045489282	1.32181184754245e-114	A	f4(MAGHREB_T3, Africa; IBERIA_T2, EUROPE_CENTRAL_T2)	YES
MAGHREB_T3	AFRICA_W_T0	IBERIA_T2	EUROPE_CENTRAL_T2	0.00335010180323552	0.00014723389413012	22.7536045489282	1.32181184754245e-114	A_cross	f4(MAGHREB_T3, Africa; IBERIA_T2, EUROPE_CENTRAL_T2) [cross-layer]	YES
MAGHREB_T3	AFRICA_W_T0	IBERIA_T2	EUROPE_CENTRAL_T3	-0.00336944762188088	0.000172940742282272	-19.4832494495792	1.52299617668031e-84	A	f4(MAGHREB_T3, Africa; IBERIA_T2, EUROPE_CENTRAL_T3)	YES
MAGHREB_T3	AFRICA_W_T0	IBERIA_T2	EUROPE_CENTRAL_T3	-0.00336944762188088	0.000172940742282272	-19.4832494495792	1.52299617668031e-84	A_cross	f4(MAGHREB_T3, Africa; IBERIA_T2, EUROPE_CENTRAL_T3) [cross-layer]	YES
MAGHREB_T3	AFRICA_W_T0	IBERIA_T2	EUROPE_CENTRAL_T3	-0.00336944762188088	0.000172940742282272	-19.4832494495792	1.52299617668031e-84	A	f4(MAGHREB_T3, Africa; IBERIA_T2, EUROPE_CENTRAL_T3)	YES
MAGHREB_T3	AFRICA_W_T0	IBERIA_T2	EUROPE_CENTRAL_T3	-0.00336944762188088	0.000172940742282272	-19.4832494495792	1.52299617668031e-84	A_cross	f4(MAGHREB_T3, Africa; IBERIA_T2, EUROPE_CENTRAL_T3) [cross-layer]	YES
MAGHREB_T3	AFRICA_W_T0	IBERIA_T2	EUROPE_CENTRAL_T4	-0.00185541452287474	0.000127017325422193	-14.6075703980345	2.51321788409847e-48	A_cross	f4(MAGHREB_T3, Africa; IBERIA_T2, EUROPE_CENTRAL_T4) [cross-layer]	YES
MAGHREB_T3	AFRICA_W_T0	IBERIA_T2	EUROPE_NW_T0	0.00365294966044522	0.000151179978013676	24.1629196434648	5.46201668491004e-129	A_cross	f4(MAGHREB_T3, Africa; IBERIA_T2, EUROPE_NW_T0) [cross-layer]	YES
MAGHREB_T3	AFRICA_W_T0	IBERIA_T2	EUROPE_NW_T1	0.00359979020515468	0.000153761777149626	23.4114763232199	3.26529625159117e-121	A_cross	f4(MAGHREB_T3, Africa; IBERIA_T2, EUROPE_NW_T1) [cross-layer]	YES
MAGHREB_T3	AFRICA_W_T0	IBERIA_T2	EUROPE_NW_T2	0.0026780979246926	0.000132349423994695	20.2350553849026	4.81085516936029e-91	A	f4(MAGHREB_T3, Africa; IBERIA_T2, EUROPE_NW_T2)	YES
MAGHREB_T3	AFRICA_W_T0	IBERIA_T2	EUROPE_NW_T2	0.0026780979246926	0.000132349423994695	20.2350553849026	4.81085516936029e-91	A_cross	f4(MAGHREB_T3, Africa; IBERIA_T2, EUROPE_NW_T2) [cross-layer]	YES
MAGHREB_T3	AFRICA_W_T0	IBERIA_T2	EUROPE_NW_T2	0.0026780979246926	0.000132349423994695	20.2350553849026	4.81085516936029e-91	A	f4(MAGHREB_T3, Africa; IBERIA_T2, EUROPE_NW_T2)	YES
MAGHREB_T3	AFRICA_W_T0	IBERIA_T2	EUROPE_NW_T2	0.0026780979246926	0.000132349423994695	20.2350553849026	4.81085516936029e-91	A_cross	f4(MAGHREB_T3, Africa; IBERIA_T2, EUROPE_NW_T2) [cross-layer]	YES
MAGHREB_T3	AFRICA_W_T0	IBERIA_T2	EUROPE_NW_T3	-0.00453564479279281	0.000224377500480856	-20.2143476198488	7.3206722700579e-91	A	f4(MAGHREB_T3, Africa; IBERIA_T2, EUROPE_NW_T3)	YES
MAGHREB_T3	AFRICA_W_T0	IBERIA_T2	EUROPE_NW_T3	-0.00453564479279281	0.000224377500480856	-20.2143476198488	7.3206722700579e-91	A_cross	f4(MAGHREB_T3, Africa; IBERIA_T2, EUROPE_NW_T3) [cross-layer]	YES
MAGHREB_T3	AFRICA_W_T0	IBERIA_T2	EUROPE_NW_T3	-0.00453564479279281	0.000224377500480856	-20.2143476198488	7.3206722700579e-91	A	f4(MAGHREB_T3, Africa; IBERIA_T2, EUROPE_NW_T3)	YES
MAGHREB_T3	AFRICA_W_T0	IBERIA_T2	EUROPE_NW_T3	-0.00453564479279281	0.000224377500480856	-20.2143476198488	7.3206722700579e-91	A_cross	f4(MAGHREB_T3, Africa; IBERIA_T2, EUROPE_NW_T3) [cross-layer]	YES
MAGHREB_T3	AFRICA_W_T0	IBERIA_T2	EUROPE_NW_T4	-0.00215168585982647	0.000140363837253288	-15.3293462328458	4.86861935631295e-53	A_cross	f4(MAGHREB_T3, Africa; IBERIA_T2, EUROPE_NW_T4) [cross-layer]	YES
MAGHREB_T3	AFRICA_W_T0	IBERIA_T2	GREECE_T0	-0.00406960384767904	0.000240929935742349	-16.8912336905742	5.21999953675175e-64	A_cross	f4(MAGHREB_T3, Africa; IBERIA_T2, GREECE_T0) [cross-layer]	PARTIAL
MAGHREB_T3	AFRICA_W_T0	IBERIA_T2	GREECE_T1	0.00129196946770138	0.000100520704644369	12.8527697082131	8.29849152135602e-38	A_cross	f4(MAGHREB_T3, Africa; IBERIA_T2, GREECE_T1) [cross-layer]	YES
MAGHREB_T3	AFRICA_W_T0	IBERIA_T2	GREECE_T2	-0.00295533427578881	0.000172675169076246	-17.1149928017957	1.14729882106042e-65	A	f4(MAGHREB_T3, Africa; IBERIA_T2, GREECE_T2)	YES
MAGHREB_T3	AFRICA_W_T0	IBERIA_T2	GREECE_T2	-0.00295533427578881	0.000172675169076246	-17.1149928017957	1.14729882106042e-65	A_cross	f4(MAGHREB_T3, Africa; IBERIA_T2, GREECE_T2) [cross-layer]	YES
MAGHREB_T3	AFRICA_W_T0	IBERIA_T2	GREECE_T2	-0.00295533427578881	0.000172675169076246	-17.1149928017957	1.14729882106042e-65	A	f4(MAGHREB_T3, Africa; IBERIA_T2, GREECE_T2)	YES
MAGHREB_T3	AFRICA_W_T0	IBERIA_T2	GREECE_T2	-0.00295533427578881	0.000172675169076246	-17.1149928017957	1.14729882106042e-65	A_cross	f4(MAGHREB_T3, Africa; IBERIA_T2, GREECE_T2) [cross-layer]	YES
MAGHREB_T3	AFRICA_W_T0	IBERIA_T2	ITALY_T0	0.00314780971687224	0.000137358394503593	22.9167625921101	3.16233858754993e-116	A_cross	f4(MAGHREB_T3, Africa; IBERIA_T2, ITALY_T0) [cross-layer]	YES
MAGHREB_T3	AFRICA_W_T0	IBERIA_T2	ITALY_T1	0.00234392226408457	0.000124088321852355	18.8891446761078	1.40097297076847e-79	A_cross	f4(MAGHREB_T3, Africa; IBERIA_T2, ITALY_T1) [cross-layer]	YES
MAGHREB_T3	AFRICA_W_T0	IBERIA_T2	ITALY_T2	-0.0014728699626803	0.000120838389741747	-12.1887586041827	3.56815339659602e-34	A	f4(MAGHREB_T3, Africa; IBERIA_T2, ITALY_T2)	YES
MAGHREB_T3	AFRICA_W_T0	IBERIA_T2	ITALY_T2	-0.0014728699626803	0.000120838389741747	-12.1887586041827	3.56815339659602e-34	A_cross	f4(MAGHREB_T3, Africa; IBERIA_T2, ITALY_T2) [cross-layer]	YES
MAGHREB_T3	AFRICA_W_T0	IBERIA_T2	ITALY_T2	-0.0014728699626803	0.000120838389741747	-12.1887586041827	3.56815339659602e-34	A	f4(MAGHREB_T3, Africa; IBERIA_T2, ITALY_T2)	YES
MAGHREB_T3	AFRICA_W_T0	IBERIA_T2	ITALY_T2	-0.0014728699626803	0.000120838389741747	-12.1887586041827	3.56815339659602e-34	A_cross	f4(MAGHREB_T3, Africa; IBERIA_T2, ITALY_T2) [cross-layer]	YES
MAGHREB_T3	AFRICA_W_T0	IBERIA_T2	ITALY_T3	-0.00444238819430855	0.000243967059602374	-18.2089672333179	4.38133696894069e-74	A	f4(MAGHREB_T3, Africa; IBERIA_T2, ITALY_T3)	PARTIAL
MAGHREB_T3	AFRICA_W_T0	IBERIA_T2	ITALY_T3	-0.00444238819430855	0.000243967059602374	-18.2089672333179	4.38133696894069e-74	A_cross	f4(MAGHREB_T3, Africa; IBERIA_T2, ITALY_T3) [cross-layer]	PARTIAL
MAGHREB_T3	AFRICA_W_T0	IBERIA_T2	ITALY_T3	-0.00444238819430855	0.000243967059602374	-18.2089672333179	4.38133696894069e-74	A	f4(MAGHREB_T3, Africa; IBERIA_T2, ITALY_T3)	PARTIAL
MAGHREB_T3	AFRICA_W_T0	IBERIA_T2	ITALY_T3	-0.00444238819430855	0.000243967059602374	-18.2089672333179	4.38133696894069e-74	A_cross	f4(MAGHREB_T3, Africa; IBERIA_T2, ITALY_T3) [cross-layer]	PARTIAL
MAGHREB_T3	AFRICA_W_T0	IBERIA_T2	ITALY_T4	-0.00542929315877009	0.000236202785082322	-22.9857287960337	6.4756113177336e-117	A_cross	f4(MAGHREB_T3, Africa; IBERIA_T2, ITALY_T4) [cross-layer]	PARTIAL
MAGHREB_T3	AFRICA_W_T0	IBERIA_T2	LEVANT_T0	0.00237272866468466	0.000125838413048012	18.8553606741637	2.65521975949521e-79	A_cross	f4(MAGHREB_T3, Africa; IBERIA_T2, LEVANT_T0) [cross-layer]	YES
MAGHREB_T3	AFRICA_W_T0	IBERIA_T2	LEVANT_T1	0.00190512408160198	0.000117640576577728	16.194446992898	5.51916565488646e-59	A_cross	f4(MAGHREB_T3, Africa; IBERIA_T2, LEVANT_T1) [cross-layer]	YES
MAGHREB_T3	AFRICA_W_T0	IBERIA_T2	LEVANT_T2	1.66812316067817e-05	0.000108139504933956	0.154256593064389	0.877407421310783	A	f4(MAGHREB_T3, Africa; IBERIA_T2, LEVANT_T2)	YES
MAGHREB_T3	AFRICA_W_T0	IBERIA_T2	LEVANT_T2	1.66812316067817e-05	0.000108139504933956	0.154256593064389	0.877407421310783	A_cross	f4(MAGHREB_T3, Africa; IBERIA_T2, LEVANT_T2) [cross-layer]	YES
MAGHREB_T3	AFRICA_W_T0	IBERIA_T2	LEVANT_T2	1.66812316067817e-05	0.000108139504933956	0.154256593064389	0.877407421310783	A	f4(MAGHREB_T3, Africa; IBERIA_T2, LEVANT_T2)	YES
MAGHREB_T3	AFRICA_W_T0	IBERIA_T2	LEVANT_T2	1.66812316067817e-05	0.000108139504933956	0.154256593064389	0.877407421310783	A_cross	f4(MAGHREB_T3, Africa; IBERIA_T2, LEVANT_T2) [cross-layer]	YES
MAGHREB_T3	AFRICA_W_T0	IBERIA_T2	LEVANT_T3	-0.00270022667693819	0.000154351368589783	-17.4940248447977	1.59112559155918e-68	A	f4(MAGHREB_T3, Africa; IBERIA_T2, LEVANT_T3)	YES
MAGHREB_T3	AFRICA_W_T0	IBERIA_T2	LEVANT_T3	-0.00270022667693819	0.000154351368589783	-17.4940248447977	1.59112559155918e-68	A_cross	f4(MAGHREB_T3, Africa; IBERIA_T2, LEVANT_T3) [cross-layer]	YES
MAGHREB_T3	AFRICA_W_T0	IBERIA_T2	LEVANT_T3	-0.00270022667693819	0.000154351368589783	-17.4940248447977	1.59112559155918e-68	A	f4(MAGHREB_T3, Africa; IBERIA_T2, LEVANT_T3)	YES
MAGHREB_T3	AFRICA_W_T0	IBERIA_T2	LEVANT_T3	-0.00270022667693819	0.000154351368589783	-17.4940248447977	1.59112559155918e-68	A_cross	f4(MAGHREB_T3, Africa; IBERIA_T2, LEVANT_T3) [cross-layer]	YES
MAGHREB_T3	AFRICA_W_T0	IBERIA_T2	MALTA_T1	-0.00407951007934922	0.000233727948602583	-17.4540961136222	3.2040929855955e-68	A_cross	f4(MAGHREB_T3, Africa; IBERIA_T2, MALTA_T1) [cross-layer]	PARTIAL
MAGHREB_T3	AFRICA_W_T0	IBERIA_T2	SARDINIA_T0	0.000477128559979577	9.94092992655306e-05	4.79963709134622	1.58953398900944e-06	A_cross	f4(MAGHREB_T3, Africa; IBERIA_T2, SARDINIA_T0) [cross-layer]	YES
MAGHREB_T3	AFRICA_W_T0	IBERIA_T2	SARDINIA_T1	0.00169597149827834	0.000110704068876032	15.3198659769002	5.63335430099938e-53	A_cross	f4(MAGHREB_T3, Africa; IBERIA_T2, SARDINIA_T1) [cross-layer]	YES
MAGHREB_T3	AFRICA_W_T0	IBERIA_T2	SARDINIA_T2	-0.00435439599922032	0.000235131577103246	-18.5189758554135	1.45172357062414e-76	A	f4(MAGHREB_T3, Africa; IBERIA_T2, SARDINIA_T2)	PARTIAL
MAGHREB_T3	AFRICA_W_T0	IBERIA_T2	SARDINIA_T2	-0.00435439599922032	0.000235131577103246	-18.5189758554135	1.45172357062414e-76	A_cross	f4(MAGHREB_T3, Africa; IBERIA_T2, SARDINIA_T2) [cross-layer]	PARTIAL
MAGHREB_T3	AFRICA_W_T0	IBERIA_T2	SARDINIA_T2	-0.00435439599922032	0.000235131577103246	-18.5189758554135	1.45172357062414e-76	A	f4(MAGHREB_T3, Africa; IBERIA_T2, SARDINIA_T2)	PARTIAL
MAGHREB_T3	AFRICA_W_T0	IBERIA_T2	SARDINIA_T2	-0.00435439599922032	0.000235131577103246	-18.5189758554135	1.45172357062414e-76	A_cross	f4(MAGHREB_T3, Africa; IBERIA_T2, SARDINIA_T2) [cross-layer]	PARTIAL
MAGHREB_T3	AFRICA_W_T0	IBERIA_T2	SICILY_T0	-0.00211133737977627	0.000151611034983149	-13.9260138947731	4.40249351693115e-44	A_cross	f4(MAGHREB_T3, Africa; IBERIA_T2, SICILY_T0) [cross-layer]	YES
MAGHREB_T3	AFRICA_W_T0	IBERIA_T2	SICILY_T1	0.00227370135025844	0.000116983319977777	19.4361157700975	3.82017220134033e-84	A_cross	f4(MAGHREB_T3, Africa; IBERIA_T2, SICILY_T1) [cross-layer]	YES
MAGHREB_T3	AFRICA_W_T0	IBERIA_T2	SICILY_T2	-0.00112160301995222	0.000119286221428497	-9.40262007229847	5.3220969317336e-21	A	f4(MAGHREB_T3, Africa; IBERIA_T2, SICILY_T2)	YES
MAGHREB_T3	AFRICA_W_T0	IBERIA_T2	SICILY_T2	-0.00112160301995222	0.000119286221428497	-9.40262007229847	5.3220969317336e-21	A_cross	f4(MAGHREB_T3, Africa; IBERIA_T2, SICILY_T2) [cross-layer]	YES
MAGHREB_T3	AFRICA_W_T0	IBERIA_T2	SICILY_T2	-0.00112160301995222	0.000119286221428497	-9.40262007229847	5.3220969317336e-21	A	f4(MAGHREB_T3, Africa; IBERIA_T2, SICILY_T2)	YES
MAGHREB_T3	AFRICA_W_T0	IBERIA_T2	SICILY_T2	-0.00112160301995222	0.000119286221428497	-9.40262007229847	5.3220969317336e-21	A_cross	f4(MAGHREB_T3, Africa; IBERIA_T2, SICILY_T2) [cross-layer]	YES
MAGHREB_T3	AFRICA_W_T0	IBERIA_T2	SICILY_T3	-0.00384133748822655	0.000216303790087265	-17.7589929731551	1.46845584449079e-70	A	f4(MAGHREB_T3, Africa; IBERIA_T2, SICILY_T3)	PARTIAL
MAGHREB_T3	AFRICA_W_T0	IBERIA_T2	SICILY_T3	-0.00384133748822655	0.000216303790087265	-17.7589929731551	1.46845584449079e-70	A_cross	f4(MAGHREB_T3, Africa; IBERIA_T2, SICILY_T3) [cross-layer]	PARTIAL
MAGHREB_T3	AFRICA_W_T0	IBERIA_T2	SICILY_T3	-0.00384133748822655	0.000216303790087265	-17.7589929731551	1.46845584449079e-70	A	f4(MAGHREB_T3, Africa; IBERIA_T2, SICILY_T3)	PARTIAL
MAGHREB_T3	AFRICA_W_T0	IBERIA_T2	SICILY_T3	-0.00384133748822655	0.000216303790087265	-17.7589929731551	1.46845584449079e-70	A_cross	f4(MAGHREB_T3, Africa; IBERIA_T2, SICILY_T3) [cross-layer]	PARTIAL
MAGHREB_T3	AFRICA_W_T0	ITALY_T0	BALKANS_T0	-0.000326087341738353	5.2654751668765e-05	-6.19293285798153	5.90548898608861e-10	C_route	f4(MAGHREB_T3, Africa; ITALY_T0, BALKANS_T0) [route via Italy]	YES
MAGHREB_T3	AFRICA_W_T0	ITALY_T0	BALKANS_T1	8.48720104803408e-05	4.71098422395165e-05	1.80157704729372	0.0716119751670685	C_route	f4(MAGHREB_T3, Africa; ITALY_T0, BALKANS_T1) [route via Italy]	YES
MAGHREB_T3	AFRICA_W_T0	ITALY_T0	BALKANS_T2	-73.3828876082802	4.29795236910239	-17.0739183002174	2.32087251019592e-65	C_route	f4(MAGHREB_T3, Africa; ITALY_T0, BALKANS_T2) [route via Italy]	YES
MAGHREB_T3	AFRICA_W_T0	ITALY_T0	BALKANS_T4	-0.00730698120807334	0.000236576610740151	-30.8863212860004	1.82341817793164e-209	C_route	f4(MAGHREB_T3, Africa; ITALY_T0, BALKANS_T4) [route via Italy]	YES
MAGHREB_T3	AFRICA_W_T0	ITALY_T0	EUROPE_NW_T0	0.000505139943572985	5.41008885915611e-05	9.33699901653331	9.91031875057791e-21	C_route	f4(MAGHREB_T3, Africa; ITALY_T0, EUROPE_NW_T0) [route via Italy]	YES
MAGHREB_T3	AFRICA_W_T0	ITALY_T0	EUROPE_NW_T1	0.00045198048828245	5.43695868137223e-05	8.31311243602048	9.32241149836097e-17	C_route	f4(MAGHREB_T3, Africa; ITALY_T0, EUROPE_NW_T1) [route via Italy]	YES
MAGHREB_T3	AFRICA_W_T0	ITALY_T0	EUROPE_NW_T2	-0.00046971179217964	5.38227092045008e-05	-8.72701874584123	2.61473755518614e-18	C_route	f4(MAGHREB_T3, Africa; ITALY_T0, EUROPE_NW_T2) [route via Italy]	YES
MAGHREB_T3	AFRICA_W_T0	ITALY_T0	EUROPE_NW_T3	-0.00768345450966504	0.000260990290574234	-29.4396182047991	1.70971119543169e-190	C_route	f4(MAGHREB_T3, Africa; ITALY_T0, EUROPE_NW_T3) [route via Italy]	YES
MAGHREB_T3	AFRICA_W_T0	ITALY_T0	EUROPE_NW_T4	-0.0052994955766987	0.000192530497005851	-27.5254863988517	8.69971735857736e-167	C_route	f4(MAGHREB_T3, Africa; ITALY_T0, EUROPE_NW_T4) [route via Italy]	YES
MAGHREB_T3	AFRICA_W_T0	ITALY_T0	GREECE_T0	-0.00721741356455128	0.000274263640482694	-26.3156047657243	1.27126789524978e-152	C_route	f4(MAGHREB_T3, Africa; ITALY_T0, GREECE_T0) [route via Italy]	PARTIAL
MAGHREB_T3	AFRICA_W_T0	ITALY_T0	GREECE_T1	-0.00185584024917085	9.72712639952421e-05	-19.0790185399629	3.77276880075461e-81	C_route	f4(MAGHREB_T3, Africa; ITALY_T0, GREECE_T1) [route via Italy]	YES
MAGHREB_T3	AFRICA_W_T0	ITALY_T0	GREECE_T2	-0.00610314399266104	0.00022043224420541	-27.687165344893	9.96678151726674e-169	C_route	f4(MAGHREB_T3, Africa; ITALY_T0, GREECE_T2) [route via Italy]	YES
MAGHREB_T3	AFRICA_W_T0	ITALY_T0	LEVANT_T0	-0.000775081052187568	6.69142404330211e-05	-11.5832003348136	5.01386238507251e-31	C_route	f4(MAGHREB_T3, Africa; ITALY_T0, LEVANT_T0) [route via Italy]	YES
MAGHREB_T3	AFRICA_W_T0	ITALY_T0	LEVANT_T1	-0.00124268563527026	7.35149553044784e-05	-16.9038480690548	4.21480764808701e-64	C_route	f4(MAGHREB_T3, Africa; ITALY_T0, LEVANT_T1) [route via Italy]	YES
MAGHREB_T3	AFRICA_W_T0	ITALY_T0	LEVANT_T2	-0.00313112848526545	0.000140382132652714	-22.3043233928596	3.3547163432754e-110	C_route	f4(MAGHREB_T3, Africa; ITALY_T0, LEVANT_T2) [route via Italy]	YES
MAGHREB_T3	AFRICA_W_T0	ITALY_T0	LEVANT_T3	-0.00584803639381043	0.000211252747462731	-27.6826524816779	1.12949814503861e-168	C_route	f4(MAGHREB_T3, Africa; ITALY_T0, LEVANT_T3) [route via Italy]	YES
MAGHREB_T3	AFRICA_W_T0	ITALY_T1	BALKANS_T0	0.000477800111049319	6.24785233666277e-05	7.64742963346876	2.05036378998744e-14	C_route	f4(MAGHREB_T3, Africa; ITALY_T1, BALKANS_T0) [route via Italy]	YES
MAGHREB_T3	AFRICA_W_T0	ITALY_T1	BALKANS_T1	0.000888759463268014	6.79602871966435e-05	13.0776295970672	4.42009953169212e-39	C_route	f4(MAGHREB_T3, Africa; ITALY_T1, BALKANS_T1) [route via Italy]	YES
MAGHREB_T3	AFRICA_W_T0	ITALY_T1	BALKANS_T2	-73.3820837208273	4.29794006807459	-17.0737801268833	2.32637296126865e-65	C_route	f4(MAGHREB_T3, Africa; ITALY_T1, BALKANS_T2) [route via Italy]	YES
MAGHREB_T3	AFRICA_W_T0	ITALY_T1	BALKANS_T4	-0.00650309375528566	0.00022844130766382	-28.4672409810216	2.98161910930472e-178	C_route	f4(MAGHREB_T3, Africa; ITALY_T1, BALKANS_T4) [route via Italy]	YES
MAGHREB_T3	AFRICA_W_T0	ITALY_T1	EUROPE_NW_T0	0.00130902739636066	7.82991125987811e-05	16.7182915988889	9.64445112959563e-63	C_route	f4(MAGHREB_T3, Africa; ITALY_T1, EUROPE_NW_T0) [route via Italy]	YES
MAGHREB_T3	AFRICA_W_T0	ITALY_T1	EUROPE_NW_T1	0.00125586794107012	8.01823971060087e-05	15.6626390130211	2.72357275759661e-55	C_route	f4(MAGHREB_T3, Africa; ITALY_T1, EUROPE_NW_T1) [route via Italy]	YES
MAGHREB_T3	AFRICA_W_T0	ITALY_T1	EUROPE_NW_T2	0.000334175660608032	6.39105301196106e-05	5.2288043923687	1.706097553611e-07	C_route	f4(MAGHREB_T3, Africa; ITALY_T1, EUROPE_NW_T2) [route via Italy]	YES
MAGHREB_T3	AFRICA_W_T0	ITALY_T1	EUROPE_NW_T3	-0.00687956705687737	0.000253375023918101	-27.1517174443408	2.41650295749274e-162	C_route	f4(MAGHREB_T3, Africa; ITALY_T1, EUROPE_NW_T3) [route via Italy]	YES
MAGHREB_T3	AFRICA_W_T0	ITALY_T1	EUROPE_NW_T4	-0.00449560812391103	0.000184127888778999	-24.4156827828886	1.1655309892714e-131	C_route	f4(MAGHREB_T3, Africa; ITALY_T1, EUROPE_NW_T4) [route via Italy]	YES
MAGHREB_T3	AFRICA_W_T0	ITALY_T1	GREECE_T0	-0.0064135261117636	0.0002698958101766	-23.7629702645887	8.06937256562124e-125	C_route	f4(MAGHREB_T3, Africa; ITALY_T1, GREECE_T0) [route via Italy]	PARTIAL
MAGHREB_T3	AFRICA_W_T0	ITALY_T1	GREECE_T1	-0.00105195279638318	8.37580775051555e-05	-12.5594190759504	3.52914349892787e-36	C_route	f4(MAGHREB_T3, Africa; ITALY_T1, GREECE_T1) [route via Italy]	YES
MAGHREB_T3	AFRICA_W_T0	ITALY_T1	GREECE_T2	-0.00529925653987337	0.000208132285751806	-25.4610019811757	5.33282637710817e-143	C_route	f4(MAGHREB_T3, Africa; ITALY_T1, GREECE_T2) [route via Italy]	YES
MAGHREB_T3	AFRICA_W_T0	ITALY_T1	LEVANT_T0	2.88064006001033e-05	6.74510077786806e-05	0.427071463403815	0.66932727719512	C_route	f4(MAGHREB_T3, Africa; ITALY_T1, LEVANT_T0) [route via Italy]	YES
MAGHREB_T3	AFRICA_W_T0	ITALY_T1	LEVANT_T1	-0.000438798182482588	6.40033835215704e-05	-6.85585914898865	7.08851937699935e-12	C_route	f4(MAGHREB_T3, Africa; ITALY_T1, LEVANT_T1) [route via Italy]	YES
MAGHREB_T3	AFRICA_W_T0	ITALY_T1	LEVANT_T2	-0.00232724103247778	0.000128404053880655	-18.1243579321946	2.04718780647526e-73	C_route	f4(MAGHREB_T3, Africa; ITALY_T1, LEVANT_T2) [route via Italy]	YES
MAGHREB_T3	AFRICA_W_T0	ITALY_T1	LEVANT_T3	-0.00504414894102275	0.00020013608571936	-25.203595458022	3.65814026102475e-140	C_route	f4(MAGHREB_T3, Africa; ITALY_T1, LEVANT_T3) [route via Italy]	YES
MAGHREB_T3	AFRICA_W_T0	ITALY_T2	BALKANS_T0	0.00429459233781419	0.000179189161082464	23.9668086611432	6.17280557352241e-127	C_route	f4(MAGHREB_T3, Africa; ITALY_T2, BALKANS_T0) [route via Italy]	YES
MAGHREB_T3	AFRICA_W_T0	ITALY_T2	BALKANS_T1	0.00470555169003288	0.000186286845328174	25.2597100012259	8.85923374415125e-141	C_route	f4(MAGHREB_T3, Africa; ITALY_T2, BALKANS_T1) [route via Italy]	YES
MAGHREB_T3	AFRICA_W_T0	ITALY_T2	BALKANS_T2	-73.3782669286005	4.29791709553394	-17.0729833306579	2.35834651894709e-65	C_route	f4(MAGHREB_T3, Africa; ITALY_T2, BALKANS_T2) [route via Italy]	YES
MAGHREB_T3	AFRICA_W_T0	ITALY_T2	BALKANS_T4	-0.00268630152852079	0.000165799266151932	-16.2021315948357	4.8708985873897e-59	C_route	f4(MAGHREB_T3, Africa; ITALY_T2, BALKANS_T4) [route via Italy]	YES
MAGHREB_T3	AFRICA_W_T0	ITALY_T2	EUROPE_NW_T0	0.00512581962312553	0.000191828654319772	26.7208235458971	2.69668679697561e-157	C_route	f4(MAGHREB_T3, Africa; ITALY_T2, EUROPE_NW_T0) [route via Italy]	YES
MAGHREB_T3	AFRICA_W_T0	ITALY_T2	EUROPE_NW_T1	0.00507266016783499	0.000192477828576504	26.354516805133	4.55568347993373e-153	C_route	f4(MAGHREB_T3, Africa; ITALY_T2, EUROPE_NW_T1) [route via Italy]	YES
MAGHREB_T3	AFRICA_W_T0	ITALY_T2	EUROPE_NW_T2	0.0041509678873729	0.00017701011239538	23.4504561982372	1.30781363007308e-121	C_route	f4(MAGHREB_T3, Africa; ITALY_T2, EUROPE_NW_T2) [route via Italy]	YES
MAGHREB_T3	AFRICA_W_T0	ITALY_T2	EUROPE_NW_T3	-0.0030627748301125	0.000209328196139025	-14.6314490193112	1.76977393959697e-48	C_route	f4(MAGHREB_T3, Africa; ITALY_T2, EUROPE_NW_T3) [route via Italy]	YES
MAGHREB_T3	AFRICA_W_T0	ITALY_T2	EUROPE_NW_T4	-0.000678815897146165	0.000131441077616055	-5.16441214160624	2.41195732098904e-07	C_route	f4(MAGHREB_T3, Africa; ITALY_T2, EUROPE_NW_T4) [route via Italy]	YES
MAGHREB_T3	AFRICA_W_T0	ITALY_T2	GREECE_T0	-0.00259673388499874	0.000228381674696043	-11.3701499406849	5.88863453435269e-30	C_route	f4(MAGHREB_T3, Africa; ITALY_T2, GREECE_T0) [route via Italy]	PARTIAL
MAGHREB_T3	AFRICA_W_T0	ITALY_T2	GREECE_T1	0.00276483943038169	0.000146272736090307	18.9019464890211	1.09921465370121e-79	C_route	f4(MAGHREB_T3, Africa; ITALY_T2, GREECE_T1) [route via Italy]	YES
MAGHREB_T3	AFRICA_W_T0	ITALY_T2	GREECE_T2	-0.0014824643131085	0.000161050055179513	-9.20499102875863	3.41699769380067e-20	C_route	f4(MAGHREB_T3, Africa; ITALY_T2, GREECE_T2) [route via Italy]	YES
MAGHREB_T3	AFRICA_W_T0	ITALY_T2	LEVANT_T0	0.00384559862736497	0.000174531745576344	22.0338060257515	1.36599406450482e-107	C_route	f4(MAGHREB_T3, Africa; ITALY_T2, LEVANT_T0) [route via Italy]	YES
MAGHREB_T3	AFRICA_W_T0	ITALY_T2	LEVANT_T1	0.00337799404428228	0.000164442312449251	20.5421219999248	9.0520010159851e-94	C_route	f4(MAGHREB_T3, Africa; ITALY_T2, LEVANT_T1) [route via Italy]	YES
MAGHREB_T3	AFRICA_W_T0	ITALY_T2	LEVANT_T2	0.00148955119428709	0.000134118582610287	11.1062252918026	1.17001470333384e-28	C_route	f4(MAGHREB_T3, Africa; ITALY_T2, LEVANT_T2) [route via Italy]	YES
MAGHREB_T3	AFRICA_W_T0	ITALY_T2	LEVANT_T3	-0.00122735671425788	0.000142615889565515	-8.60603063233047	7.56340612476833e-18	C_route	f4(MAGHREB_T3, Africa; ITALY_T2, LEVANT_T3) [route via Italy]	YES
MAGHREB_T3	AFRICA_W_T0	ITALY_T3	BALKANS_T0	0.00726411056944243	0.000288429697168638	25.1850299769766	5.84410824489019e-140	C_route	f4(MAGHREB_T3, Africa; ITALY_T3, BALKANS_T0) [route via Italy]	PARTIAL
MAGHREB_T3	AFRICA_W_T0	ITALY_T3	BALKANS_T1	0.00767506992166113	0.000293209493248883	26.1760621616243	4.97857168437402e-151	C_route	f4(MAGHREB_T3, Africa; ITALY_T3, BALKANS_T1) [route via Italy]	PARTIAL
MAGHREB_T3	AFRICA_W_T0	ITALY_T3	BALKANS_T2	-73.3752974103689	4.29790995765776	-17.0723207636384	2.38526700281423e-65	C_route	f4(MAGHREB_T3, Africa; ITALY_T3, BALKANS_T2) [route via Italy]	PARTIAL
MAGHREB_T3	AFRICA_W_T0	ITALY_T3	BALKANS_T4	0.000283216703107464	0.000206607583648638	1.37079529272802	0.170438778772168	C_route	f4(MAGHREB_T3, Africa; ITALY_T3, BALKANS_T4) [route via Italy]	PARTIAL
MAGHREB_T3	AFRICA_W_T0	ITALY_T3	EUROPE_NW_T0	0.00809533785475377	0.000295763700421644	27.3709648723389	6.08043846200571e-165	C_route	f4(MAGHREB_T3, Africa; ITALY_T3, EUROPE_NW_T0) [route via Italy]	PARTIAL
MAGHREB_T3	AFRICA_W_T0	ITALY_T3	EUROPE_NW_T1	0.00804217839946324	0.000294230047889426	27.3329609166415	1.72178277979138e-164	C_route	f4(MAGHREB_T3, Africa; ITALY_T3, EUROPE_NW_T1) [route via Italy]	PARTIAL
MAGHREB_T3	AFRICA_W_T0	ITALY_T3	EUROPE_NW_T2	0.00712048611900114	0.000284170810584932	25.0570637580421	1.46226585910225e-138	C_route	f4(MAGHREB_T3, Africa; ITALY_T3, EUROPE_NW_T2) [route via Italy]	PARTIAL
MAGHREB_T3	AFRICA_W_T0	ITALY_T3	EUROPE_NW_T3	-9.3256598484255e-05	0.000224759828645759	-0.414916664806839	0.678202909865816	C_route	f4(MAGHREB_T3, Africa; ITALY_T3, EUROPE_NW_T3) [route via Italy]	PARTIAL
MAGHREB_T3	AFRICA_W_T0	ITALY_T3	EUROPE_NW_T4	0.00229070233448208	0.000219262404752695	10.44731009434	1.50739992075815e-25	C_route	f4(MAGHREB_T3, Africa; ITALY_T3, EUROPE_NW_T4) [route via Italy]	PARTIAL
MAGHREB_T3	AFRICA_W_T0	ITALY_T3	GREECE_T0	0.000372784346629514	0.00024431885699505	1.5258107835576	0.127056994345661	C_route	f4(MAGHREB_T3, Africa; ITALY_T3, GREECE_T0) [route via Italy]	PARTIAL
MAGHREB_T3	AFRICA_W_T0	ITALY_T3	GREECE_T1	0.00573435766200993	0.000264250243242016	21.7004820569193	2.03023328643429e-104	C_route	f4(MAGHREB_T3, Africa; ITALY_T3, GREECE_T1) [route via Italy]	PARTIAL
MAGHREB_T3	AFRICA_W_T0	ITALY_T3	GREECE_T2	0.00148705391851975	0.000219030776604325	6.78924643182034	1.12720758347408e-11	C_route	f4(MAGHREB_T3, Africa; ITALY_T3, GREECE_T2) [route via Italy]	PARTIAL
MAGHREB_T3	AFRICA_W_T0	ITALY_T3	LEVANT_T0	0.00681511685899322	0.000283418931308195	24.0460890440037	9.17247343590413e-128	C_route	f4(MAGHREB_T3, Africa; ITALY_T3, LEVANT_T0) [route via Italy]	PARTIAL
MAGHREB_T3	AFRICA_W_T0	ITALY_T3	LEVANT_T1	0.00634751227591053	0.000277035170856375	22.912297584054	3.50369979457259e-116	C_route	f4(MAGHREB_T3, Africa; ITALY_T3, LEVANT_T1) [route via Italy]	PARTIAL
MAGHREB_T3	AFRICA_W_T0	ITALY_T3	LEVANT_T2	0.00445906942591533	0.000249217976091883	17.8922463613593	1.3553275868633e-71	C_route	f4(MAGHREB_T3, Africa; ITALY_T3, LEVANT_T2) [route via Italy]	PARTIAL
MAGHREB_T3	AFRICA_W_T0	ITALY_T3	LEVANT_T3	0.00174216151737037	0.000205819331461651	8.46451839580955	2.57213323075506e-17	C_route	f4(MAGHREB_T3, Africa; ITALY_T3, LEVANT_T3) [route via Italy]	PARTIAL
MAGHREB_T3	AFRICA_W_T0	ITALY_T4	BALKANS_T0	0.00825101553390398	0.000261693998727131	31.5292500937606	3.45227719242893e-218	C_route	f4(MAGHREB_T3, Africa; ITALY_T4, BALKANS_T0) [route via Italy]	PARTIAL
MAGHREB_T3	AFRICA_W_T0	ITALY_T4	BALKANS_T1	0.00866197488612268	0.000261328874600163	33.1458775819382	6.49341912301939e-241	C_route	f4(MAGHREB_T3, Africa; ITALY_T4, BALKANS_T1) [route via Italy]	PARTIAL
MAGHREB_T3	AFRICA_W_T0	ITALY_T4	BALKANS_T2	-73.3743105054043	4.29792479758599	-17.0720321925168	2.39708734722005e-65	C_route	f4(MAGHREB_T3, Africa; ITALY_T4, BALKANS_T2) [route via Italy]	PARTIAL
MAGHREB_T3	AFRICA_W_T0	ITALY_T4	BALKANS_T4	0.00127012166756901	0.000220372552019679	5.76352025662246	8.23773608408384e-09	C_route	f4(MAGHREB_T3, Africa; ITALY_T4, BALKANS_T4) [route via Italy]	PARTIAL
MAGHREB_T3	AFRICA_W_T0	ITALY_T4	EUROPE_NW_T0	0.0090822428192153	0.000262442657217746	34.6065800258982	2.01160995174722e-262	C_route	f4(MAGHREB_T3, Africa; ITALY_T4, EUROPE_NW_T0) [route via Italy]	PARTIAL
MAGHREB_T3	AFRICA_W_T0	ITALY_T4	EUROPE_NW_T1	0.00902908336392479	0.000261085977892876	34.5827969651799	4.58316259461814e-262	C_route	f4(MAGHREB_T3, Africa; ITALY_T4, EUROPE_NW_T1) [route via Italy]	PARTIAL
MAGHREB_T3	AFRICA_W_T0	ITALY_T4	EUROPE_NW_T2	0.00810739108346269	0.000255341542005427	31.7511636367042	3.05995191135174e-221	C_route	f4(MAGHREB_T3, Africa; ITALY_T4, EUROPE_NW_T2) [route via Italy]	PARTIAL
MAGHREB_T3	AFRICA_W_T0	ITALY_T4	EUROPE_NW_T3	0.000893648365977286	0.000221037044083012	4.0429800791295	5.27761061410365e-05	C_route	f4(MAGHREB_T3, Africa; ITALY_T4, EUROPE_NW_T3) [route via Italy]	PARTIAL
MAGHREB_T3	AFRICA_W_T0	ITALY_T4	EUROPE_NW_T4	0.00327760729894363	0.000206895305845024	15.8418640072904	1.60006538658974e-56	C_route	f4(MAGHREB_T3, Africa; ITALY_T4, EUROPE_NW_T4) [route via Italy]	PARTIAL
MAGHREB_T3	AFRICA_W_T0	ITALY_T4	GREECE_T0	0.00135968931109106	0.00020696979829397	6.5695059003721	5.0482494497128e-11	C_route	f4(MAGHREB_T3, Africa; ITALY_T4, GREECE_T0) [route via Italy]	PARTIAL
MAGHREB_T3	AFRICA_W_T0	ITALY_T4	GREECE_T1	0.00672126262647148	0.000247234366021909	27.1857943319897	9.56230680164903e-163	C_route	f4(MAGHREB_T3, Africa; ITALY_T4, GREECE_T1) [route via Italy]	PARTIAL
MAGHREB_T3	AFRICA_W_T0	ITALY_T4	GREECE_T2	0.00247395888298129	0.000203316004120413	12.1680479295476	4.59950902964229e-34	C_route	f4(MAGHREB_T3, Africa; ITALY_T4, GREECE_T2) [route via Italy]	PARTIAL
MAGHREB_T3	AFRICA_W_T0	ITALY_T4	LEVANT_T0	0.00780202182345476	0.000259980967214249	30.0099730647788	7.27306877056277e-198	C_route	f4(MAGHREB_T3, Africa; ITALY_T4, LEVANT_T0) [route via Italy]	PARTIAL
MAGHREB_T3	AFRICA_W_T0	ITALY_T4	LEVANT_T1	0.00733441724037207	0.000254377056426721	28.8328567969137	8.31241550651298e-183	C_route	f4(MAGHREB_T3, Africa; ITALY_T4, LEVANT_T1) [route via Italy]	PARTIAL
MAGHREB_T3	AFRICA_W_T0	ITALY_T4	LEVANT_T2	0.00544597439037688	0.000234620672456637	23.2118267045859	3.45864132362295e-119	C_route	f4(MAGHREB_T3, Africa; ITALY_T4, LEVANT_T2) [route via Italy]	PARTIAL
MAGHREB_T3	AFRICA_W_T0	ITALY_T4	LEVANT_T3	0.00272906648183191	0.000205266785394045	13.2952171321483	2.46755870086807e-40	C_route	f4(MAGHREB_T3, Africa; ITALY_T4, LEVANT_T3) [route via Italy]	PARTIAL
MAGHREB_T3	AFRICA_W_T0	LEVANT_T0	EUROPE_NW_T0	0.00128022099576055	7.98344308883767e-05	16.0359506733447	7.16782505182943e-58	C_route	f4(MAGHREB_T3, Africa; LEVANT_T0, EUROPE_NW_T0) [route via Levant]	YES
MAGHREB_T3	AFRICA_W_T0	LEVANT_T0	EUROPE_NW_T1	0.00122706154047002	8.27206974962459e-05	14.8337910294544	8.85855182280538e-50	C_route	f4(MAGHREB_T3, Africa; LEVANT_T0, EUROPE_NW_T1) [route via Levant]	YES
MAGHREB_T3	AFRICA_W_T0	LEVANT_T0	EUROPE_NW_T2	0.000305369260007929	6.62826553905728e-05	4.60707643965876	4.08369911834772e-06	C_route	f4(MAGHREB_T3, Africa; LEVANT_T0, EUROPE_NW_T2) [route via Levant]	YES
MAGHREB_T3	AFRICA_W_T0	LEVANT_T0	EUROPE_NW_T3	-0.00690837345747748	0.000257964659384438	-26.7803096515717	5.47999619902236e-158	C_route	f4(MAGHREB_T3, Africa; LEVANT_T0, EUROPE_NW_T3) [route via Levant]	YES
MAGHREB_T3	AFRICA_W_T0	LEVANT_T0	EUROPE_NW_T4	-0.00452441452451114	0.000188789815834646	-23.965352709883	6.39238496553179e-127	C_route	f4(MAGHREB_T3, Africa; LEVANT_T0, EUROPE_NW_T4) [route via Levant]	YES
MAGHREB_T3	AFRICA_W_T0	LEVANT_T0	IBERIA_T0	0.000842176107710089	6.85358021846458e-05	12.288119214555	1.04918705488316e-34	C_route	f4(MAGHREB_T3, Africa; LEVANT_T0, IBERIA_T0) [route via Levant]	YES
MAGHREB_T3	AFRICA_W_T0	LEVANT_T0	IBERIA_T1	0.000903896606531398	7.39717094483457e-05	12.2194905764965	2.44612699473807e-34	C_route	f4(MAGHREB_T3, Africa; LEVANT_T0, IBERIA_T1) [route via Levant]	YES
MAGHREB_T3	AFRICA_W_T0	LEVANT_T0	IBERIA_T2	-0.00237272866468466	0.000125838413048009	-18.8553606741642	2.65521975947399e-79	C_route	f4(MAGHREB_T3, Africa; LEVANT_T0, IBERIA_T2) [route via Levant]	YES
MAGHREB_T3	AFRICA_W_T0	LEVANT_T0	ITALY_T0	0.000775081052187569	6.69142404330219e-05	11.5832003348135	5.01386238507968e-31	C_route	f4(MAGHREB_T3, Africa; LEVANT_T0, ITALY_T0) [route via Levant]	YES
MAGHREB_T3	AFRICA_W_T0	LEVANT_T0	ITALY_T1	-2.88064006001032e-05	6.74510077786834e-05	-0.427071463403796	0.669327277195134	C_route	f4(MAGHREB_T3, Africa; LEVANT_T0, ITALY_T1) [route via Levant]	YES
MAGHREB_T3	AFRICA_W_T0	LEVANT_T0	ITALY_T2	-0.00384559862736497	0.000174531745576339	-22.033806025752	1.36599406448896e-107	C_route	f4(MAGHREB_T3, Africa; LEVANT_T0, ITALY_T2) [route via Levant]	YES
MAGHREB_T3	AFRICA_W_T0	LEVANT_T0	ITALY_T3	-0.00681511685899322	0.0002834189313082	-24.0460890440033	9.17247343599519e-128	C_route	f4(MAGHREB_T3, Africa; LEVANT_T0, ITALY_T3) [route via Levant]	PARTIAL
MAGHREB_T3	AFRICA_W_T0	LEVANT_T0	ITALY_T4	-0.00780202182345476	0.000259980967214252	-30.0099730647785	7.27306877062876e-198	C_route	f4(MAGHREB_T3, Africa; LEVANT_T0, ITALY_T4) [route via Levant]	PARTIAL
MAGHREB_T3	AFRICA_W_T0	LEVANT_T1	EUROPE_NW_T0	0.00174782557884325	8.99072490445211e-05	19.4403187442399	3.51972226119651e-84	C_route	f4(MAGHREB_T3, Africa; LEVANT_T1, EUROPE_NW_T0) [route via Levant]	YES
MAGHREB_T3	AFRICA_W_T0	LEVANT_T1	EUROPE_NW_T1	0.00169466612355271	9.16938052465792e-05	18.4817951332206	2.89390663242691e-76	C_route	f4(MAGHREB_T3, Africa; LEVANT_T1, EUROPE_NW_T1) [route via Levant]	YES
MAGHREB_T3	AFRICA_W_T0	LEVANT_T1	EUROPE_NW_T2	0.00077297384309062	7.12221200629713e-05	10.8530024437238	1.92980042488798e-27	C_route	f4(MAGHREB_T3, Africa; LEVANT_T1, EUROPE_NW_T2) [route via Levant]	YES
MAGHREB_T3	AFRICA_W_T0	LEVANT_T1	EUROPE_NW_T3	-0.00644076887439478	0.000257181508737676	-25.0436701534571	2.04630325916247e-138	C_route	f4(MAGHREB_T3, Africa; LEVANT_T1, EUROPE_NW_T3) [route via Levant]	YES
MAGHREB_T3	AFRICA_W_T0	LEVANT_T1	EUROPE_NW_T4	-0.00405680994142845	0.000181088296513491	-22.4023861261858	3.73053512692248e-111	C_route	f4(MAGHREB_T3, Africa; LEVANT_T1, EUROPE_NW_T4) [route via Levant]	YES
MAGHREB_T3	AFRICA_W_T0	LEVANT_T1	IBERIA_T0	0.00130978069079278	7.93323134968426e-05	16.5100528783257	3.1061103972e-61	C_route	f4(MAGHREB_T3, Africa; LEVANT_T1, IBERIA_T0) [route via Levant]	YES
MAGHREB_T3	AFRICA_W_T0	LEVANT_T1	IBERIA_T1	0.00137150118961409	8.52381755905977e-05	16.0902222520747	2.98762945110699e-58	C_route	f4(MAGHREB_T3, Africa; LEVANT_T1, IBERIA_T1) [route via Levant]	YES
MAGHREB_T3	AFRICA_W_T0	LEVANT_T1	IBERIA_T2	-0.00190512408160198	0.000117640576577729	-16.1944469928979	5.5191656548957e-59	C_route	f4(MAGHREB_T3, Africa; LEVANT_T1, IBERIA_T2) [route via Levant]	YES
MAGHREB_T3	AFRICA_W_T0	LEVANT_T1	ITALY_T0	0.00124268563527026	7.35149553044755e-05	16.9038480690555	4.21480764804027e-64	C_route	f4(MAGHREB_T3, Africa; LEVANT_T1, ITALY_T0) [route via Levant]	YES
MAGHREB_T3	AFRICA_W_T0	LEVANT_T1	ITALY_T1	0.000438798182482588	6.40033835215707e-05	6.85585914898862	7.08851937700089e-12	C_route	f4(MAGHREB_T3, Africa; LEVANT_T1, ITALY_T1) [route via Levant]	YES
MAGHREB_T3	AFRICA_W_T0	LEVANT_T1	ITALY_T2	-0.00337799404428228	0.00016444231244925	-20.542121999925	9.05200101596391e-94	C_route	f4(MAGHREB_T3, Africa; LEVANT_T1, ITALY_T2) [route via Levant]	YES
MAGHREB_T3	AFRICA_W_T0	LEVANT_T1	ITALY_T3	-0.00634751227591053	0.000277035170856374	-22.9122975840541	3.50369979456573e-116	C_route	f4(MAGHREB_T3, Africa; LEVANT_T1, ITALY_T3) [route via Levant]	PARTIAL
MAGHREB_T3	AFRICA_W_T0	LEVANT_T1	ITALY_T4	-0.00733441724037207	0.000254377056426721	-28.8328567969137	8.31241550651895e-183	C_route	f4(MAGHREB_T3, Africa; LEVANT_T1, ITALY_T4) [route via Levant]	PARTIAL
MAGHREB_T3	AFRICA_W_T0	LEVANT_T2	EUROPE_NW_T0	0.00363626842883844	0.000155535779848392	23.378983487805	6.99301424516135e-121	C_route	f4(MAGHREB_T3, Africa; LEVANT_T2, EUROPE_NW_T0) [route via Levant]	YES
MAGHREB_T3	AFRICA_W_T0	LEVANT_T2	EUROPE_NW_T1	0.0035831089735479	0.000158607298595945	22.5910724491685	5.30442958554173e-113	C_route	f4(MAGHREB_T3, Africa; LEVANT_T2, EUROPE_NW_T1) [route via Levant]	YES
MAGHREB_T3	AFRICA_W_T0	LEVANT_T2	EUROPE_NW_T2	0.00266141669308581	0.000134855392402645	19.7353375765611	1.07228294883261e-86	C_route	f4(MAGHREB_T3, Africa; LEVANT_T2, EUROPE_NW_T2) [route via Levant]	YES
MAGHREB_T3	AFRICA_W_T0	LEVANT_T2	EUROPE_NW_T3	-0.00455232602439959	0.000225888308234232	-20.1529953452886	2.53313124274369e-90	C_route	f4(MAGHREB_T3, Africa; LEVANT_T2, EUROPE_NW_T3) [route via Levant]	YES
MAGHREB_T3	AFRICA_W_T0	LEVANT_T2	EUROPE_NW_T4	-0.00216836709143325	0.000145460274093122	-14.9069366529936	2.97072456624823e-50	C_route	f4(MAGHREB_T3, Africa; LEVANT_T2, EUROPE_NW_T4) [route via Levant]	YES
MAGHREB_T3	AFRICA_W_T0	LEVANT_T2	IBERIA_T0	0.00319822354078797	0.000149423134950046	21.403804316227	1.2313901357461e-101	C_route	f4(MAGHREB_T3, Africa; LEVANT_T2, IBERIA_T0) [route via Levant]	YES
MAGHREB_T3	AFRICA_W_T0	LEVANT_T2	IBERIA_T1	0.00325994403960928	0.000149986103252702	21.7349739003274	9.58375810614992e-105	C_route	f4(MAGHREB_T3, Africa; LEVANT_T2, IBERIA_T1) [route via Levant]	YES
MAGHREB_T3	AFRICA_W_T0	LEVANT_T2	IBERIA_T2	-1.66812316067817e-05	0.000108139504933958	-0.154256593064385	0.877407421310786	C_route	f4(MAGHREB_T3, Africa; LEVANT_T2, IBERIA_T2) [route via Levant]	YES
MAGHREB_T3	AFRICA_W_T0	LEVANT_T2	ITALY_T0	0.00313112848526545	0.000140382132652713	22.3043233928598	3.35471634326688e-110	C_route	f4(MAGHREB_T3, Africa; LEVANT_T2, ITALY_T0) [route via Levant]	YES
MAGHREB_T3	AFRICA_W_T0	LEVANT_T2	ITALY_T1	0.00232724103247778	0.000128404053880653	18.1243579321947	2.04718780646944e-73	C_route	f4(MAGHREB_T3, Africa; LEVANT_T2, ITALY_T1) [route via Levant]	YES
MAGHREB_T3	AFRICA_W_T0	LEVANT_T2	ITALY_T2	-0.00148955119428709	0.000134118582610283	-11.1062252918029	1.17001470332958e-28	C_route	f4(MAGHREB_T3, Africa; LEVANT_T2, ITALY_T2) [route via Levant]	YES
MAGHREB_T3	AFRICA_W_T0	LEVANT_T2	ITALY_T3	-0.00445906942591533	0.000249217976091889	-17.8922463613589	1.35532758687462e-71	C_route	f4(MAGHREB_T3, Africa; LEVANT_T2, ITALY_T3) [route via Levant]	PARTIAL
MAGHREB_T3	AFRICA_W_T0	LEVANT_T2	ITALY_T4	-0.00544597439037688	0.000234620672456635	-23.2118267045862	3.4586413236038e-119	C_route	f4(MAGHREB_T3, Africa; LEVANT_T2, ITALY_T4) [route via Levant]	PARTIAL
MAGHREB_T3	AFRICA_W_T0	LEVANT_T3	EUROPE_NW_T0	0.00635317633738341	0.000222889088804084	28.5037566059043	1.05234596847606e-178	C_route	f4(MAGHREB_T3, Africa; LEVANT_T3, EUROPE_NW_T0) [route via Levant]	YES
MAGHREB_T3	AFRICA_W_T0	LEVANT_T3	EUROPE_NW_T1	0.00630001688209288	0.000223345363837322	28.2075113351429	4.72993221059412e-175	C_route	f4(MAGHREB_T3, Africa; LEVANT_T3, EUROPE_NW_T1) [route via Levant]	YES
MAGHREB_T3	AFRICA_W_T0	LEVANT_T3	EUROPE_NW_T2	0.00537832460163078	0.000205723354443776	26.1434809682761	1.16896223631141e-150	C_route	f4(MAGHREB_T3, Africa; LEVANT_T3, EUROPE_NW_T2) [route via Levant]	YES
MAGHREB_T3	AFRICA_W_T0	LEVANT_T3	EUROPE_NW_T3	-0.00183541811585462	0.000203386404324793	-9.02429108743965	1.80862568343575e-19	C_route	f4(MAGHREB_T3, Africa; LEVANT_T3, EUROPE_NW_T3) [route via Levant]	YES
MAGHREB_T3	AFRICA_W_T0	LEVANT_T3	EUROPE_NW_T4	0.000548540817111716	0.000135347730501389	4.052826117436	5.06026132555426e-05	C_route	f4(MAGHREB_T3, Africa; LEVANT_T3, EUROPE_NW_T4) [route via Levant]	YES
MAGHREB_T3	AFRICA_W_T0	LEVANT_T3	IBERIA_T0	0.00591513144933295	0.000219493294782731	26.9490302890034	5.85553416321104e-160	C_route	f4(MAGHREB_T3, Africa; LEVANT_T3, IBERIA_T0) [route via Levant]	YES
MAGHREB_T3	AFRICA_W_T0	LEVANT_T3	IBERIA_T1	0.00597685194815425	0.000217800604417904	27.4418519825876	8.69128787802005e-166	C_route	f4(MAGHREB_T3, Africa; LEVANT_T3, IBERIA_T1) [route via Levant]	YES
MAGHREB_T3	AFRICA_W_T0	LEVANT_T3	IBERIA_T2	0.00270022667693819	0.000154351368589784	17.4940248447976	1.59112559156275e-68	C_route	f4(MAGHREB_T3, Africa; LEVANT_T3, IBERIA_T2) [route via Levant]	YES
MAGHREB_T3	AFRICA_W_T0	LEVANT_T3	ITALY_T0	0.00584803639381043	0.00021125274746273	27.682652481678	1.12949814503505e-168	C_route	f4(MAGHREB_T3, Africa; LEVANT_T3, ITALY_T0) [route via Levant]	YES
MAGHREB_T3	AFRICA_W_T0	LEVANT_T3	ITALY_T1	0.00504414894102275	0.00020013608571936	25.2035954580219	3.65814026103197e-140	C_route	f4(MAGHREB_T3, Africa; LEVANT_T3, ITALY_T1) [route via Levant]	YES
MAGHREB_T3	AFRICA_W_T0	LEVANT_T3	ITALY_T2	0.00122735671425788	0.000142615889565516	8.60603063233042	7.56340612477161e-18	C_route	f4(MAGHREB_T3, Africa; LEVANT_T3, ITALY_T2) [route via Levant]	YES
MAGHREB_T3	AFRICA_W_T0	LEVANT_T3	ITALY_T3	-0.00174216151737037	0.000205819331461648	-8.46451839580968	2.57213323075212e-17	C_route	f4(MAGHREB_T3, Africa; LEVANT_T3, ITALY_T3) [route via Levant]	PARTIAL
MAGHREB_T3	AFRICA_W_T0	LEVANT_T3	ITALY_T4	-0.00272906648183191	0.000205266785394047	-13.2952171321482	2.4675587008724e-40	C_route	f4(MAGHREB_T3, Africa; LEVANT_T3, ITALY_T4) [route via Levant]	PARTIAL
MAGHREB_T3	AFRICA_W_T0	SARDINIA_T0	BALKANS_T0	0.00234459381515431	0.000125006281082719	18.7558080669791	1.73559718245825e-78	C_route	f4(MAGHREB_T3, Africa; SARDINIA_T0, BALKANS_T0) [route via Italy]	YES
MAGHREB_T3	AFRICA_W_T0	SARDINIA_T0	BALKANS_T1	0.002755553167373	0.000132109670357369	20.8580731442215	1.287552820852e-96	C_route	f4(MAGHREB_T3, Africa; SARDINIA_T0, BALKANS_T1) [route via Italy]	YES
MAGHREB_T3	AFRICA_W_T0	SARDINIA_T0	BALKANS_T2	-73.3802169271233	4.29791950179785	-17.0734274796044	2.34047022688417e-65	C_route	f4(MAGHREB_T3, Africa; SARDINIA_T0, BALKANS_T2) [route via Italy]	YES
MAGHREB_T3	AFRICA_W_T0	SARDINIA_T0	BALKANS_T4	-0.00463630005118066	0.000205343060468687	-22.5783137769472	7.07987088504018e-113	C_route	f4(MAGHREB_T3, Africa; SARDINIA_T0, BALKANS_T4) [route via Italy]	YES
MAGHREB_T3	AFRICA_W_T0	SARDINIA_T0	EUROPE_NW_T0	0.00317582110046564	0.000142695176522631	22.2559807406102	9.8710869263033e-110	C_route	f4(MAGHREB_T3, Africa; SARDINIA_T0, EUROPE_NW_T0) [route via Italy]	YES
MAGHREB_T3	AFRICA_W_T0	SARDINIA_T0	EUROPE_NW_T1	0.00312266164517511	0.000146505386162619	21.3143129202703	8.36258330916991e-101	C_route	f4(MAGHREB_T3, Africa; SARDINIA_T0, EUROPE_NW_T1) [route via Italy]	YES
MAGHREB_T3	AFRICA_W_T0	SARDINIA_T0	EUROPE_NW_T2	0.00220096936471302	0.000124003330194954	17.7492762593772	1.74589465663747e-70	C_route	f4(MAGHREB_T3, Africa; SARDINIA_T0, EUROPE_NW_T2) [route via Italy]	YES
MAGHREB_T3	AFRICA_W_T0	SARDINIA_T0	EUROPE_NW_T3	-0.00501277335277238	0.000234554861895755	-21.3714323048236	2.46455431763584e-101	C_route	f4(MAGHREB_T3, Africa; SARDINIA_T0, EUROPE_NW_T3) [route via Italy]	YES
MAGHREB_T3	AFRICA_W_T0	SARDINIA_T0	EUROPE_NW_T4	-0.00262881441980605	0.000153108042299251	-17.1696690802695	4.47966541086908e-66	C_route	f4(MAGHREB_T3, Africa; SARDINIA_T0, EUROPE_NW_T4) [route via Italy]	YES
MAGHREB_T3	AFRICA_W_T0	SARDINIA_T0	GREECE_T0	-0.00454673240765861	0.000249024673456142	-18.2581603041812	1.78194769434498e-74	C_route	f4(MAGHREB_T3, Africa; SARDINIA_T0, GREECE_T0) [route via Italy]	PARTIAL
MAGHREB_T3	AFRICA_W_T0	SARDINIA_T0	GREECE_T1	0.000814840907721806	0.000102530779345875	7.94728093281181	1.90649733797067e-15	C_route	f4(MAGHREB_T3, Africa; SARDINIA_T0, GREECE_T1) [route via Italy]	YES
MAGHREB_T3	AFRICA_W_T0	SARDINIA_T0	GREECE_T2	-0.00343246283576838	0.000185293513877345	-18.5244629665802	1.31104723806817e-76	C_route	f4(MAGHREB_T3, Africa; SARDINIA_T0, GREECE_T2) [route via Italy]	YES
MAGHREB_T3	AFRICA_W_T0	SARDINIA_T0	LEVANT_T0	0.00189560010470509	0.000116681888657919	16.2458812289412	2.38883930432297e-59	C_route	f4(MAGHREB_T3, Africa; SARDINIA_T0, LEVANT_T0) [route via Italy]	YES
MAGHREB_T3	AFRICA_W_T0	SARDINIA_T0	LEVANT_T1	0.0014279955216224	0.000110434759295506	12.9306708388915	3.02170743532526e-38	C_route	f4(MAGHREB_T3, Africa; SARDINIA_T0, LEVANT_T1) [route via Italy]	YES
MAGHREB_T3	AFRICA_W_T0	SARDINIA_T0	LEVANT_T2	-0.000460447328372795	0.000108932472268938	-4.22690607109345	2.36926509432536e-05	C_route	f4(MAGHREB_T3, Africa; SARDINIA_T0, LEVANT_T2) [route via Italy]	YES
MAGHREB_T3	AFRICA_W_T0	SARDINIA_T0	LEVANT_T3	-0.00317735523691777	0.000168558880054999	-18.850120716755	2.93172615356264e-79	C_route	f4(MAGHREB_T3, Africa; SARDINIA_T0, LEVANT_T3) [route via Italy]	YES
MAGHREB_T3	AFRICA_W_T0	SARDINIA_T1	BALKANS_T0	0.00112575087685554	7.55439679599506e-05	14.9019293963001	3.20197947829816e-50	C_route	f4(MAGHREB_T3, Africa; SARDINIA_T1, BALKANS_T0) [route via Italy]	YES
MAGHREB_T3	AFRICA_W_T0	SARDINIA_T1	BALKANS_T1	0.00153671022907424	8.42562169695555e-05	18.2385381678066	2.5519237675734e-74	C_route	f4(MAGHREB_T3, Africa; SARDINIA_T1, BALKANS_T1) [route via Italy]	YES
MAGHREB_T3	AFRICA_W_T0	SARDINIA_T1	BALKANS_T2	-73.3814357700615	4.29793383416508	-17.0736541327693	2.33139990143551e-65	C_route	f4(MAGHREB_T3, Africa; SARDINIA_T1, BALKANS_T2) [route via Italy]	YES
MAGHREB_T3	AFRICA_W_T0	SARDINIA_T1	BALKANS_T4	-0.00585514298947943	0.00022049530640041	-26.554501703754	2.27847245649426e-155	C_route	f4(MAGHREB_T3, Africa; SARDINIA_T1, BALKANS_T4) [route via Italy]	YES
MAGHREB_T3	AFRICA_W_T0	SARDINIA_T1	EUROPE_NW_T0	0.00195697816216688	9.72817885906798e-05	20.11659315189	5.28147793993342e-90	C_route	f4(MAGHREB_T3, Africa; SARDINIA_T1, EUROPE_NW_T0) [route via Italy]	YES
MAGHREB_T3	AFRICA_W_T0	SARDINIA_T1	EUROPE_NW_T1	0.00190381870687635	9.78968980997835e-05	19.4471811041024	3.07898803600159e-84	C_route	f4(MAGHREB_T3, Africa; SARDINIA_T1, EUROPE_NW_T1) [route via Italy]	YES
MAGHREB_T3	AFRICA_W_T0	SARDINIA_T1	EUROPE_NW_T2	0.000982126426414255	7.52237922266706e-05	13.0560610857643	5.8686607320532e-39	C_route	f4(MAGHREB_T3, Africa; SARDINIA_T1, EUROPE_NW_T2) [route via Italy]	YES
MAGHREB_T3	AFRICA_W_T0	SARDINIA_T1	EUROPE_NW_T3	-0.00623161629107114	0.000247464088560244	-25.1819014521538	6.32395595341967e-140	C_route	f4(MAGHREB_T3, Africa; SARDINIA_T1, EUROPE_NW_T3) [route via Italy]	YES
MAGHREB_T3	AFRICA_W_T0	SARDINIA_T1	EUROPE_NW_T4	-0.00384765735810481	0.000177943228801013	-21.6229489822707	1.09267541130959e-103	C_route	f4(MAGHREB_T3, Africa; SARDINIA_T1, EUROPE_NW_T4) [route via Italy]	YES
MAGHREB_T3	AFRICA_W_T0	SARDINIA_T1	GREECE_T0	-0.00576557534595738	0.00026593772916349	-21.6801706327758	3.15707072765858e-104	C_route	f4(MAGHREB_T3, Africa; SARDINIA_T1, GREECE_T0) [route via Italy]	PARTIAL
MAGHREB_T3	AFRICA_W_T0	SARDINIA_T1	GREECE_T1	-0.000404002030576957	7.7679968716761e-05	-5.20085212765779	1.98376890400923e-07	C_route	f4(MAGHREB_T3, Africa; SARDINIA_T1, GREECE_T1) [route via Italy]	YES
MAGHREB_T3	AFRICA_W_T0	SARDINIA_T1	GREECE_T2	-0.00465130577406714	0.00020270420815057	-22.9462713996155	1.60536013947757e-116	C_route	f4(MAGHREB_T3, Africa; SARDINIA_T1, GREECE_T2) [route via Italy]	YES
MAGHREB_T3	AFRICA_W_T0	SARDINIA_T1	LEVANT_T0	0.000676757166406326	7.54832850475913e-05	8.96565598568794	3.08439378325908e-19	C_route	f4(MAGHREB_T3, Africa; SARDINIA_T1, LEVANT_T0) [route via Italy]	YES
MAGHREB_T3	AFRICA_W_T0	SARDINIA_T1	LEVANT_T1	0.000209152583323636	7.12849285543918e-05	2.9340365146617	0.00334584844030916	C_route	f4(MAGHREB_T3, Africa; SARDINIA_T1, LEVANT_T1) [route via Italy]	YES
MAGHREB_T3	AFRICA_W_T0	SARDINIA_T1	LEVANT_T2	-0.00167929026667156	0.000121062280136364	-13.8712922371858	9.45577694930338e-44	C_route	f4(MAGHREB_T3, Africa; SARDINIA_T1, LEVANT_T2) [route via Italy]	YES
MAGHREB_T3	AFRICA_W_T0	SARDINIA_T1	LEVANT_T3	-0.00439619817521653	0.000194357218502504	-22.6191659311069	2.80736903680884e-113	C_route	f4(MAGHREB_T3, Africa; SARDINIA_T1, LEVANT_T3) [route via Italy]	YES
MAGHREB_T3	AFRICA_W_T0	SARDINIA_T2	BALKANS_T0	0.00717611837435421	0.000268517301126635	26.7249757994919	2.41309148989456e-157	C_route	f4(MAGHREB_T3, Africa; SARDINIA_T2, BALKANS_T0) [route via Italy]	PARTIAL
MAGHREB_T3	AFRICA_W_T0	SARDINIA_T2	BALKANS_T1	0.00758707772657291	0.000271280798874668	27.9676179001454	4.02569431161135e-172	C_route	f4(MAGHREB_T3, Africa; SARDINIA_T2, BALKANS_T1) [route via Italy]	PARTIAL
MAGHREB_T3	AFRICA_W_T0	SARDINIA_T2	BALKANS_T2	-73.3753854025641	4.29791453567192	-17.0723230519271	2.38517350329939e-65	C_route	f4(MAGHREB_T3, Africa; SARDINIA_T2, BALKANS_T2) [route via Italy]	PARTIAL
MAGHREB_T3	AFRICA_W_T0	SARDINIA_T2	BALKANS_T4	0.000195224508019231	0.00020876158726197	0.935155315590931	0.349708262936768	C_route	f4(MAGHREB_T3, Africa; SARDINIA_T2, BALKANS_T4) [route via Italy]	PARTIAL
MAGHREB_T3	AFRICA_W_T0	SARDINIA_T2	EUROPE_NW_T0	0.00800734565966554	0.000274352778652451	29.1863115037345	2.89319411718888e-187	C_route	f4(MAGHREB_T3, Africa; SARDINIA_T2, EUROPE_NW_T0) [route via Italy]	PARTIAL
MAGHREB_T3	AFRICA_W_T0	SARDINIA_T2	EUROPE_NW_T1	0.00795418620437501	0.000273381531932606	29.0955506326444	4.08670726957966e-186	C_route	f4(MAGHREB_T3, Africa; SARDINIA_T2, EUROPE_NW_T1) [route via Italy]	PARTIAL
MAGHREB_T3	AFRICA_W_T0	SARDINIA_T2	EUROPE_NW_T2	0.00703249392391292	0.000263361985429673	26.702767722682	4.37104204495596e-157	C_route	f4(MAGHREB_T3, Africa; SARDINIA_T2, EUROPE_NW_T2) [route via Italy]	PARTIAL
MAGHREB_T3	AFRICA_W_T0	SARDINIA_T2	EUROPE_NW_T3	-0.000181248793572487	0.000224691551207323	-0.806656025109057	0.419864686117607	C_route	f4(MAGHREB_T3, Africa; SARDINIA_T2, EUROPE_NW_T3) [route via Italy]	PARTIAL
MAGHREB_T3	AFRICA_W_T0	SARDINIA_T2	EUROPE_NW_T4	0.00220271013939385	0.00020724014561272	10.6287810833243	2.1895540493293e-26	C_route	f4(MAGHREB_T3, Africa; SARDINIA_T2, EUROPE_NW_T4) [route via Italy]	PARTIAL
MAGHREB_T3	AFRICA_W_T0	SARDINIA_T2	GREECE_T0	0.000284792151541282	0.000233049033956407	1.2220267413533	0.221697514595742	C_route	f4(MAGHREB_T3, Africa; SARDINIA_T2, GREECE_T0) [route via Italy]	PARTIAL
MAGHREB_T3	AFRICA_W_T0	SARDINIA_T2	GREECE_T1	0.00564636546692171	0.000253508529652341	22.2728816054635	6.77043788116145e-110	C_route	f4(MAGHREB_T3, Africa; SARDINIA_T2, GREECE_T1) [route via Italy]	PARTIAL
MAGHREB_T3	AFRICA_W_T0	SARDINIA_T2	GREECE_T2	0.00139906172343152	0.000201893559558629	6.92969962236579	4.21735130393402e-12	C_route	f4(MAGHREB_T3, Africa; SARDINIA_T2, GREECE_T2) [route via Italy]	PARTIAL
MAGHREB_T3	AFRICA_W_T0	SARDINIA_T2	LEVANT_T0	0.00672712466390499	0.000266406615231625	25.2513424190167	1.09475781018413e-140	C_route	f4(MAGHREB_T3, Africa; SARDINIA_T2, LEVANT_T0) [route via Italy]	PARTIAL
MAGHREB_T3	AFRICA_W_T0	SARDINIA_T2	LEVANT_T1	0.0062595200808223	0.000264087363267546	23.7024596836949	3.40114351572669e-124	C_route	f4(MAGHREB_T3, Africa; SARDINIA_T2, LEVANT_T1) [route via Italy]	PARTIAL
MAGHREB_T3	AFRICA_W_T0	SARDINIA_T2	LEVANT_T2	0.0043710772308271	0.000233926191964189	18.685711053238	6.47108747122262e-78	C_route	f4(MAGHREB_T3, Africa; SARDINIA_T2, LEVANT_T2) [route via Italy]	PARTIAL
MAGHREB_T3	AFRICA_W_T0	SARDINIA_T2	LEVANT_T3	0.00165416932228214	0.000195895462251112	8.44414313263526	3.0628372984921e-17	C_route	f4(MAGHREB_T3, Africa; SARDINIA_T2, LEVANT_T3) [route via Italy]	PARTIAL
MAGHREB_T3	AFRICA_W_T0	SICILY_T0	BALKANS_T0	0.00493305975491014	0.00021069877910054	23.4128540087848	3.16147047672172e-121	C_route	f4(MAGHREB_T3, Africa; SICILY_T0, BALKANS_T0) [route via Italy]	YES
MAGHREB_T3	AFRICA_W_T0	SICILY_T0	BALKANS_T1	0.00534401910712885	0.000214922657660831	24.8648475004541	1.78674347093178e-136	C_route	f4(MAGHREB_T3, Africa; SICILY_T0, BALKANS_T1) [route via Italy]	YES
MAGHREB_T3	AFRICA_W_T0	SICILY_T0	BALKANS_T2	-73.3776284611833	4.29791117714931	-17.0728582878376	2.36340379679463e-65	C_route	f4(MAGHREB_T3, Africa; SICILY_T0, BALKANS_T2) [route via Italy]	YES
MAGHREB_T3	AFRICA_W_T0	SICILY_T0	BALKANS_T4	-0.00204783411142482	0.000182763941922696	-11.204803802552	3.86208510930495e-29	C_route	f4(MAGHREB_T3, Africa; SICILY_T0, BALKANS_T4) [route via Italy]	YES
MAGHREB_T3	AFRICA_W_T0	SICILY_T0	EUROPE_NW_T0	0.00576428704022148	0.000220563830981334	26.134325898199	1.48552626911868e-150	C_route	f4(MAGHREB_T3, Africa; SICILY_T0, EUROPE_NW_T0) [route via Italy]	YES
MAGHREB_T3	AFRICA_W_T0	SICILY_T0	EUROPE_NW_T1	0.00571112758493095	0.000222864639998815	25.6259924632338	7.83168802202799e-145	C_route	f4(MAGHREB_T3, Africa; SICILY_T0, EUROPE_NW_T1) [route via Italy]	YES
MAGHREB_T3	AFRICA_W_T0	SICILY_T0	EUROPE_NW_T2	0.00478943530446886	0.000205648672630213	23.2894053883877	5.67678092190774e-120	C_route	f4(MAGHREB_T3, Africa; SICILY_T0, EUROPE_NW_T2) [route via Italy]	YES
MAGHREB_T3	AFRICA_W_T0	SICILY_T0	EUROPE_NW_T3	-0.00242430741301654	0.000194810781287973	-12.4444211813559	1.49967584182201e-35	C_route	f4(MAGHREB_T3, Africa; SICILY_T0, EUROPE_NW_T3) [route via Italy]	YES
MAGHREB_T3	AFRICA_W_T0	SICILY_T0	EUROPE_NW_T4	-4.03484800502053e-05	0.000144008840497639	-0.280180577183849	0.779338967303642	C_route	f4(MAGHREB_T3, Africa; SICILY_T0, EUROPE_NW_T4) [route via Italy]	YES
MAGHREB_T3	AFRICA_W_T0	SICILY_T0	GREECE_T0	-0.00195826646790278	0.000210640321892059	-9.29673127306688	1.44829688082757e-20	C_route	f4(MAGHREB_T3, Africa; SICILY_T0, GREECE_T0) [route via Italy]	PARTIAL
MAGHREB_T3	AFRICA_W_T0	SICILY_T0	GREECE_T1	0.00340330684747765	0.000176257046928113	19.3087703827564	4.53235039780739e-83	C_route	f4(MAGHREB_T3, Africa; SICILY_T0, GREECE_T1) [route via Italy]	YES
MAGHREB_T3	AFRICA_W_T0	SICILY_T0	GREECE_T2	-0.00084399689601254	0.000149410447082256	-5.64884793864441	1.61526652034675e-08	C_route	f4(MAGHREB_T3, Africa; SICILY_T0, GREECE_T2) [route via Italy]	YES
MAGHREB_T3	AFRICA_W_T0	SICILY_T0	LEVANT_T0	0.00448406604446093	0.000205538292868356	21.8162074905084	1.62815174018997e-105	C_route	f4(MAGHREB_T3, Africa; SICILY_T0, LEVANT_T0) [route via Italy]	YES
MAGHREB_T3	AFRICA_W_T0	SICILY_T0	LEVANT_T1	0.00401646146137824	0.000195036232310037	20.5934118692035	3.14428246343206e-94	C_route	f4(MAGHREB_T3, Africa; SICILY_T0, LEVANT_T1) [route via Italy]	YES
MAGHREB_T3	AFRICA_W_T0	SICILY_T0	LEVANT_T2	0.00212801861138305	0.000161352117022657	13.1886624771352	1.01978522865381e-39	C_route	f4(MAGHREB_T3, Africa; SICILY_T0, LEVANT_T2) [route via Italy]	YES
MAGHREB_T3	AFRICA_W_T0	SICILY_T0	LEVANT_T3	-0.000588889297161922	0.000152672396636234	-3.85720870397445	0.000114689232274959	C_route	f4(MAGHREB_T3, Africa; SICILY_T0, LEVANT_T3) [route via Italy]	YES
MAGHREB_T3	AFRICA_W_T0	SICILY_T1	BALKANS_T0	0.000548021024875442	6.79264465232118e-05	8.06785947043723	7.15413225319034e-16	C_route	f4(MAGHREB_T3, Africa; SICILY_T1, BALKANS_T0) [route via Italy]	YES
MAGHREB_T3	AFRICA_W_T0	SICILY_T1	BALKANS_T1	0.000958980377094136	7.43318643034566e-05	12.9013362718731	4.423592520757e-38	C_route	f4(MAGHREB_T3, Africa; SICILY_T1, BALKANS_T1) [route via Italy]	YES
MAGHREB_T3	AFRICA_W_T0	SICILY_T1	BALKANS_T2	-73.3820134999135	4.29793343608915	-17.0737901345179	2.32597413791024e-65	C_route	f4(MAGHREB_T3, Africa; SICILY_T1, BALKANS_T2) [route via Italy]	YES
MAGHREB_T3	AFRICA_W_T0	SICILY_T1	BALKANS_T4	-0.00643287284145953	0.000224818668730912	-28.6136061465568	4.55031746477837e-180	C_route	f4(MAGHREB_T3, Africa; SICILY_T1, BALKANS_T4) [route via Italy]	YES
MAGHREB_T3	AFRICA_W_T0	SICILY_T1	EUROPE_NW_T0	0.00137924831018678	8.65685488276161e-05	15.932441156352	3.7733364481721e-57	C_route	f4(MAGHREB_T3, Africa; SICILY_T1, EUROPE_NW_T0) [route via Italy]	YES
MAGHREB_T3	AFRICA_W_T0	SICILY_T1	EUROPE_NW_T1	0.00132608885489624	8.88830529114346e-05	14.9194791522023	2.46187523933657e-50	C_route	f4(MAGHREB_T3, Africa; SICILY_T1, EUROPE_NW_T1) [route via Italy]	YES
MAGHREB_T3	AFRICA_W_T0	SICILY_T1	EUROPE_NW_T2	0.000404396574434155	6.51024177977425e-05	6.21169824583962	5.24150086104293e-10	C_route	f4(MAGHREB_T3, Africa; SICILY_T1, EUROPE_NW_T2) [route via Italy]	YES
MAGHREB_T3	AFRICA_W_T0	SICILY_T1	EUROPE_NW_T3	-0.00680934614305124	0.000249317623378965	-27.3119326695208	3.06078372192528e-164	C_route	f4(MAGHREB_T3, Africa; SICILY_T1, EUROPE_NW_T3) [route via Italy]	YES
MAGHREB_T3	AFRICA_W_T0	SICILY_T1	EUROPE_NW_T4	-0.00442538721008491	0.000179189424375118	-24.6966986222397	1.16049569815531e-134	C_route	f4(MAGHREB_T3, Africa; SICILY_T1, EUROPE_NW_T4) [route via Italy]	YES
MAGHREB_T3	AFRICA_W_T0	SICILY_T1	GREECE_T0	-0.00634330519793748	0.000268028270596578	-23.6665527252724	7.97300115205976e-124	C_route	f4(MAGHREB_T3, Africa; SICILY_T1, GREECE_T0) [route via Italy]	PARTIAL
MAGHREB_T3	AFRICA_W_T0	SICILY_T1	GREECE_T1	-0.000981731882557057	8.10525885696247e-05	-12.1122829003017	9.09276794507424e-34	C_route	f4(MAGHREB_T3, Africa; SICILY_T1, GREECE_T1) [route via Italy]	YES
MAGHREB_T3	AFRICA_W_T0	SICILY_T1	GREECE_T2	-0.00522903562604725	0.000208389152980219	-25.0926478238702	5.98282180112053e-139	C_route	f4(MAGHREB_T3, Africa; SICILY_T1, GREECE_T2) [route via Italy]	YES
MAGHREB_T3	AFRICA_W_T0	SICILY_T1	LEVANT_T0	9.90273144262261e-05	6.73044039789895e-05	1.47133483950232	0.141200585795377	C_route	f4(MAGHREB_T3, Africa; SICILY_T1, LEVANT_T0) [route via Italy]	YES
MAGHREB_T3	AFRICA_W_T0	SICILY_T1	LEVANT_T1	-0.000368577268656465	7.35463888039331e-05	-5.01149376129197	5.40091348249028e-07	C_route	f4(MAGHREB_T3, Africa; SICILY_T1, LEVANT_T1) [route via Italy]	YES
MAGHREB_T3	AFRICA_W_T0	SICILY_T1	LEVANT_T2	-0.00225702011865166	0.000128042123210493	-17.6271687946104	1.52410285420755e-69	C_route	f4(MAGHREB_T3, Africa; SICILY_T1, LEVANT_T2) [route via Italy]	YES
MAGHREB_T3	AFRICA_W_T0	SICILY_T1	LEVANT_T3	-0.00497392802719663	0.000197049978290967	-25.2419618126121	1.38781763841966e-140	C_route	f4(MAGHREB_T3, Africa; SICILY_T1, LEVANT_T3) [route via Italy]	YES
MAGHREB_T3	AFRICA_W_T0	SICILY_T2	BALKANS_T0	0.00394332539508611	0.00016201519165329	24.3392323574493	7.53809439570784e-131	C_route	f4(MAGHREB_T3, Africa; SICILY_T2, BALKANS_T0) [route via Italy]	YES
MAGHREB_T3	AFRICA_W_T0	SICILY_T2	BALKANS_T1	0.0043542847473048	0.000166852809898615	26.096562293141	3.98853594514001e-150	C_route	f4(MAGHREB_T3, Africa; SICILY_T2, BALKANS_T1) [route via Italy]	YES
MAGHREB_T3	AFRICA_W_T0	SICILY_T2	BALKANS_T2	-73.3786181955433	4.29792141623682	-17.0730478966719	2.35573941093528e-65	C_route	f4(MAGHREB_T3, Africa; SICILY_T2, BALKANS_T2) [route via Italy]	YES
MAGHREB_T3	AFRICA_W_T0	SICILY_T2	BALKANS_T4	-0.00303756847124886	0.000175907859410945	-17.2679519915747	8.20011843375315e-67	C_route	f4(MAGHREB_T3, Africa; SICILY_T2, BALKANS_T4) [route via Italy]	YES
MAGHREB_T3	AFRICA_W_T0	SICILY_T2	EUROPE_NW_T0	0.00477455268039744	0.000173001422847748	27.5983434228709	1.16482977286266e-167	C_route	f4(MAGHREB_T3, Africa; SICILY_T2, EUROPE_NW_T0) [route via Italy]	YES
MAGHREB_T3	AFRICA_W_T0	SICILY_T2	EUROPE_NW_T1	0.00472139322510692	0.000174007726919953	27.1332389008153	3.99304406137508e-162	C_route	f4(MAGHREB_T3, Africa; SICILY_T2, EUROPE_NW_T1) [route via Italy]	YES
MAGHREB_T3	AFRICA_W_T0	SICILY_T2	EUROPE_NW_T2	0.00379970094464482	0.000156342641117448	24.3036763194399	1.79250825492535e-130	C_route	f4(MAGHREB_T3, Africa; SICILY_T2, EUROPE_NW_T2) [route via Italy]	YES
MAGHREB_T3	AFRICA_W_T0	SICILY_T2	EUROPE_NW_T3	-0.00341404177284058	0.000212232400883589	-16.0863362927945	3.18113596222376e-58	C_route	f4(MAGHREB_T3, Africa; SICILY_T2, EUROPE_NW_T3) [route via Italy]	YES
MAGHREB_T3	AFRICA_W_T0	SICILY_T2	EUROPE_NW_T4	-0.00103008283987425	0.000130518466868744	-7.89223827544763	2.96814334731303e-15	C_route	f4(MAGHREB_T3, Africa; SICILY_T2, EUROPE_NW_T4) [route via Italy]	YES
MAGHREB_T3	AFRICA_W_T0	SICILY_T2	GREECE_T0	-0.00294800082772682	0.000215576188024167	-13.6749835626388	1.43239649588662e-42	C_route	f4(MAGHREB_T3, Africa; SICILY_T2, GREECE_T0) [route via Italy]	PARTIAL
MAGHREB_T3	AFRICA_W_T0	SICILY_T2	GREECE_T1	0.00241357248765361	0.000137639867952988	17.5354170528409	7.68834607056282e-69	C_route	f4(MAGHREB_T3, Africa; SICILY_T2, GREECE_T1) [route via Italy]	YES
MAGHREB_T3	AFRICA_W_T0	SICILY_T2	GREECE_T2	-0.00183373125583658	0.000148421047106073	-12.354927360983	4.58169810162311e-35	C_route	f4(MAGHREB_T3, Africa; SICILY_T2, GREECE_T2) [route via Italy]	YES
MAGHREB_T3	AFRICA_W_T0	SICILY_T2	LEVANT_T0	0.00349433168463689	0.00015956140212016	21.8996050310803	2.62042180961943e-106	C_route	f4(MAGHREB_T3, Africa; SICILY_T2, LEVANT_T0) [route via Italy]	YES
MAGHREB_T3	AFRICA_W_T0	SICILY_T2	LEVANT_T1	0.0030267271015542	0.000148304540739631	20.408863319081	1.3949106155667e-92	C_route	f4(MAGHREB_T3, Africa; SICILY_T2, LEVANT_T1) [route via Italy]	YES
MAGHREB_T3	AFRICA_W_T0	SICILY_T2	LEVANT_T2	0.00113828425155901	0.00012212262397685	9.32083028100336	1.15433410006004e-20	C_route	f4(MAGHREB_T3, Africa; SICILY_T2, LEVANT_T2) [route via Italy]	YES
MAGHREB_T3	AFRICA_W_T0	SICILY_T2	LEVANT_T3	-0.00157862365698596	0.000142216880942804	-11.1001144626484	1.25283335602184e-28	C_route	f4(MAGHREB_T3, Africa; SICILY_T2, LEVANT_T3) [route via Italy]	YES
MAGHREB_T3	AFRICA_W_T0	SICILY_T3	BALKANS_T0	0.00666305986336043	0.000258974870428604	25.7285961851552	5.59679061594169e-146	C_route	f4(MAGHREB_T3, Africa; SICILY_T3, BALKANS_T0) [route via Italy]	PARTIAL
MAGHREB_T3	AFRICA_W_T0	SICILY_T3	BALKANS_T1	0.00707401921557913	0.000261776850719239	27.023089307336	7.91432462293914e-161	C_route	f4(MAGHREB_T3, Africa; SICILY_T3, BALKANS_T1) [route via Italy]	PARTIAL
MAGHREB_T3	AFRICA_W_T0	SICILY_T3	BALKANS_T2	-73.3758984610749	4.29789988369359	-17.0725006274497	2.3779288930325e-65	C_route	f4(MAGHREB_T3, Africa; SICILY_T3, BALKANS_T2) [route via Italy]	PARTIAL
MAGHREB_T3	AFRICA_W_T0	SICILY_T3	BALKANS_T4	-0.000317834002974537	0.000202960426125835	-1.56599002594466	0.117350952187544	C_route	f4(MAGHREB_T3, Africa; SICILY_T3, BALKANS_T4) [route via Italy]	PARTIAL
MAGHREB_T3	AFRICA_W_T0	SICILY_T3	EUROPE_NW_T0	0.00749428714867177	0.000266005129187386	28.1734685777148	1.23641042895348e-174	C_route	f4(MAGHREB_T3, Africa; SICILY_T3, EUROPE_NW_T0) [route via Italy]	PARTIAL
MAGHREB_T3	AFRICA_W_T0	SICILY_T3	EUROPE_NW_T1	0.00744112769338124	0.000266230481511087	27.949946419157	6.60218682346789e-172	C_route	f4(MAGHREB_T3, Africa; SICILY_T3, EUROPE_NW_T1) [route via Italy]	PARTIAL
MAGHREB_T3	AFRICA_W_T0	SICILY_T3	EUROPE_NW_T2	0.00651943541291915	0.000256860809953079	25.3811993122269	4.06778063360764e-142	C_route	f4(MAGHREB_T3, Africa; SICILY_T3, EUROPE_NW_T2) [route via Italy]	PARTIAL
MAGHREB_T3	AFRICA_W_T0	SICILY_T3	EUROPE_NW_T3	-0.000694307304566256	0.000195980168029565	-3.54274267415423	0.000395988895855697	C_route	f4(MAGHREB_T3, Africa; SICILY_T3, EUROPE_NW_T3) [route via Italy]	PARTIAL
MAGHREB_T3	AFRICA_W_T0	SICILY_T3	EUROPE_NW_T4	0.00168965162840008	0.000192819090180936	8.76288559817682	1.90314777329499e-18	C_route	f4(MAGHREB_T3, Africa; SICILY_T3, EUROPE_NW_T4) [route via Italy]	PARTIAL
MAGHREB_T3	AFRICA_W_T0	SICILY_T3	GREECE_T0	-0.000228266359452486	0.000214592512136417	-1.06372005798309	0.287455535182595	C_route	f4(MAGHREB_T3, Africa; SICILY_T3, GREECE_T0) [route via Italy]	PARTIAL
MAGHREB_T3	AFRICA_W_T0	SICILY_T3	GREECE_T1	0.00513330695592794	0.000234676168070156	21.8740019412339	4.59454651079426e-106	C_route	f4(MAGHREB_T3, Africa; SICILY_T3, GREECE_T1) [route via Italy]	PARTIAL
MAGHREB_T3	AFRICA_W_T0	SICILY_T3	GREECE_T2	0.00088600321243775	0.00019025669767498	4.6568831650349	3.21032506369117e-06	C_route	f4(MAGHREB_T3, Africa; SICILY_T3, GREECE_T2) [route via Italy]	PARTIAL
MAGHREB_T3	AFRICA_W_T0	SICILY_T3	LEVANT_T0	0.00621406615291123	0.000255643802320876	24.3075173209618	1.63248038271748e-130	C_route	f4(MAGHREB_T3, Africa; SICILY_T3, LEVANT_T0) [route via Italy]	PARTIAL
MAGHREB_T3	AFRICA_W_T0	SICILY_T3	LEVANT_T1	0.00574646156982853	0.000250356379847809	22.9531261528937	1.37126823699606e-116	C_route	f4(MAGHREB_T3, Africa; SICILY_T3, LEVANT_T1) [route via Italy]	PARTIAL
MAGHREB_T3	AFRICA_W_T0	SICILY_T3	LEVANT_T2	0.00385801871983334	0.000225421055345892	17.1147221093145	1.15264453904308e-65	C_route	f4(MAGHREB_T3, Africa; SICILY_T3, LEVANT_T2) [route via Italy]	PARTIAL
MAGHREB_T3	AFRICA_W_T0	SICILY_T3	LEVANT_T3	0.00114111081128837	0.00019095126942381	5.97592681489701	2.28785698944091e-09	C_route	f4(MAGHREB_T3, Africa; SICILY_T3, LEVANT_T3) [route via Italy]	PARTIAL
NORTH_AFRICA_EAST_T0	AFRICA_W_T0	IBERIA_T0	AFRICA_W_T0	0.00193090220643548	8.84593662100978e-05	21.8281261686799	1.25459170302781e-105	D_nae	f4(NORTH_AFRICA_EAST_T0, Africa; IBERIA_T0, AFRICA_W_T0) [N.Africa.E control]	YES
NORTH_AFRICA_EAST_T0	AFRICA_W_T0	IBERIA_T0	AFRICA_W_T1	-0.00218111632060603	0.000135978850256528	-16.0401144478814	6.70307166415336e-58	D_nae	f4(NORTH_AFRICA_EAST_T0, Africa; IBERIA_T0, AFRICA_W_T1) [N.Africa.E control]	PARTIAL
NORTH_AFRICA_EAST_T0	AFRICA_W_T0	IBERIA_T0	AFRICA_W_T2	-0.00202810855129921	0.00012521966670943	-16.1964059208479	5.34617298702149e-59	D_nae	f4(NORTH_AFRICA_EAST_T0, Africa; IBERIA_T0, AFRICA_W_T2) [N.Africa.E control]	PARTIAL
NORTH_AFRICA_EAST_T0	AFRICA_W_T0	IBERIA_T0	ITALY_T0	-0.000140731696166541	4.40499446088081e-05	-3.19482118346185	0.0013991750229378	D_nae	f4(NORTH_AFRICA_EAST_T0, Africa; IBERIA_T0, ITALY_T0) [N.Africa.E control]	YES
NORTH_AFRICA_EAST_T0	AFRICA_W_T0	IBERIA_T0	ITALY_T1	-0.000543987522065576	5.5981107373773e-05	-9.71734121716272	2.54335737030105e-22	D_nae	f4(NORTH_AFRICA_EAST_T0, Africa; IBERIA_T0, ITALY_T1) [N.Africa.E control]	YES
NORTH_AFRICA_EAST_T0	AFRICA_W_T0	IBERIA_T0	ITALY_T2	-0.00207023960902233	9.98017979874048e-05	-20.7435101448132	1.4030407387563e-95	D_nae	f4(NORTH_AFRICA_EAST_T0, Africa; IBERIA_T0, ITALY_T2) [N.Africa.E control]	YES
NORTH_AFRICA_EAST_T0	AFRICA_W_T0	IBERIA_T0	ITALY_T3	-0.0019434488610704	0.000118078233058056	-16.4589934210385	7.22926307307919e-61	D_nae	f4(NORTH_AFRICA_EAST_T0, Africa; IBERIA_T0, ITALY_T3) [N.Africa.E control]	PARTIAL
NORTH_AFRICA_EAST_T0	AFRICA_W_T0	IBERIA_T0	ITALY_T4	-0.00195338733298439	0.000129205687847539	-15.1184314369299	1.2242408962064e-51	D_nae	f4(NORTH_AFRICA_EAST_T0, Africa; IBERIA_T0, ITALY_T4) [N.Africa.E control]	PARTIAL
NORTH_AFRICA_EAST_T0	AFRICA_W_T0	IBERIA_T0	LEVANT_T0	-0.000346763479502409	5.41308276523069e-05	-6.40602581822211	1.49361682355364e-10	D_nae	f4(NORTH_AFRICA_EAST_T0, Africa; IBERIA_T0, LEVANT_T0) [N.Africa.E control]	YES
NORTH_AFRICA_EAST_T0	AFRICA_W_T0	IBERIA_T0	LEVANT_T1	-0.00105769626375866	6.24816128635169e-05	-16.9281203746942	2.7915276752495e-64	D_nae	f4(NORTH_AFRICA_EAST_T0, Africa; IBERIA_T0, LEVANT_T1) [N.Africa.E control]	YES
NORTH_AFRICA_EAST_T0	AFRICA_W_T0	IBERIA_T0	LEVANT_T2	-0.00173350264970905	8.82927723845995e-05	-19.6335736537753	7.98928140896163e-86	D_nae	f4(NORTH_AFRICA_EAST_T0, Africa; IBERIA_T0, LEVANT_T2) [N.Africa.E control]	YES
NORTH_AFRICA_EAST_T0	AFRICA_W_T0	IBERIA_T0	LEVANT_T3	-0.00202146705171174	0.000104845615827014	-19.2804156451041	7.84436592823887e-83	D_nae	f4(NORTH_AFRICA_EAST_T0, Africa; IBERIA_T0, LEVANT_T3) [N.Africa.E control]	YES
NORTH_AFRICA_EAST_T0	AFRICA_W_T0	IBERIA_T1	AFRICA_W_T0	0.00213447370861646	8.25990435523504e-05	25.841385285093	3.04089342926293e-147	D_nae	f4(NORTH_AFRICA_EAST_T0, Africa; IBERIA_T1, AFRICA_W_T0) [N.Africa.E control]	YES
NORTH_AFRICA_EAST_T0	AFRICA_W_T0	IBERIA_T1	AFRICA_W_T1	-0.00197754481842505	0.000138178388084945	-14.3115348632476	1.85376346634991e-46	D_nae	f4(NORTH_AFRICA_EAST_T0, Africa; IBERIA_T1, AFRICA_W_T1) [N.Africa.E control]	PARTIAL
NORTH_AFRICA_EAST_T0	AFRICA_W_T0	IBERIA_T1	AFRICA_W_T2	-0.00182453704911822	0.000126517577224699	-14.4212139462471	3.80589044898166e-47	D_nae	f4(NORTH_AFRICA_EAST_T0, Africa; IBERIA_T1, AFRICA_W_T2) [N.Africa.E control]	PARTIAL
NORTH_AFRICA_EAST_T0	AFRICA_W_T0	IBERIA_T1	ITALY_T0	6.28398060144408e-05	4.74620718213062e-05	1.32400048297578	0.185502884310915	D_nae	f4(NORTH_AFRICA_EAST_T0, Africa; IBERIA_T1, ITALY_T0) [N.Africa.E control]	YES
NORTH_AFRICA_EAST_T0	AFRICA_W_T0	IBERIA_T1	ITALY_T1	-0.000340416019884594	6.05231225229069e-05	-5.62456141874954	1.85979876351041e-08	D_nae	f4(NORTH_AFRICA_EAST_T0, Africa; IBERIA_T1, ITALY_T1) [N.Africa.E control]	YES
NORTH_AFRICA_EAST_T0	AFRICA_W_T0	IBERIA_T1	ITALY_T2	-0.00186666810684135	0.00010617165191541	-17.5816055714059	3.40787968168266e-69	D_nae	f4(NORTH_AFRICA_EAST_T0, Africa; IBERIA_T1, ITALY_T2) [N.Africa.E control]	YES
NORTH_AFRICA_EAST_T0	AFRICA_W_T0	IBERIA_T1	ITALY_T3	-0.00173987735888942	0.000121215016714727	-14.3536453324436	1.01081367360402e-46	D_nae	f4(NORTH_AFRICA_EAST_T0, Africa; IBERIA_T1, ITALY_T3) [N.Africa.E control]	PARTIAL
NORTH_AFRICA_EAST_T0	AFRICA_W_T0	IBERIA_T1	ITALY_T4	-0.00174981583080341	0.000130306113845143	-13.4285013892971	4.11657936315835e-41	D_nae	f4(NORTH_AFRICA_EAST_T0, Africa; IBERIA_T1, ITALY_T4) [N.Africa.E control]	PARTIAL
NORTH_AFRICA_EAST_T0	AFRICA_W_T0	IBERIA_T1	LEVANT_T0	-0.000143191977321428	5.95373265042716e-05	-2.40507906096781	0.0161689673329338	D_nae	f4(NORTH_AFRICA_EAST_T0, Africa; IBERIA_T1, LEVANT_T0) [N.Africa.E control]	YES
NORTH_AFRICA_EAST_T0	AFRICA_W_T0	IBERIA_T1	LEVANT_T1	-0.000854124761577676	6.9144575352263e-05	-12.3527371052069	4.7081864398331e-35	D_nae	f4(NORTH_AFRICA_EAST_T0, Africa; IBERIA_T1, LEVANT_T1) [N.Africa.E control]	YES
NORTH_AFRICA_EAST_T0	AFRICA_W_T0	IBERIA_T1	LEVANT_T2	-0.00152993114752807	9.30247356435693e-05	-16.4464982022642	8.88595298654615e-61	D_nae	f4(NORTH_AFRICA_EAST_T0, Africa; IBERIA_T1, LEVANT_T2) [N.Africa.E control]	YES
NORTH_AFRICA_EAST_T0	AFRICA_W_T0	IBERIA_T1	LEVANT_T3	-0.00181789554953076	0.00010703033571462	-16.9848626316365	1.06302215097244e-64	D_nae	f4(NORTH_AFRICA_EAST_T0, Africa; IBERIA_T1, LEVANT_T3) [N.Africa.E control]	YES
NORTH_AFRICA_EAST_T0	AFRICA_W_T0	IBERIA_T2	AFRICA_W_T0	0.00351988373905124	0.000130387003399507	26.9956640407348	1.66170013693004e-160	D_nae	f4(NORTH_AFRICA_EAST_T0, Africa; IBERIA_T2, AFRICA_W_T0) [N.Africa.E control]	YES
NORTH_AFRICA_EAST_T0	AFRICA_W_T0	IBERIA_T2	AFRICA_W_T1	-0.000592134787990267	0.000107024003256441	-5.53272882692911	3.15286716349231e-08	D_nae	f4(NORTH_AFRICA_EAST_T0, Africa; IBERIA_T2, AFRICA_W_T1) [N.Africa.E control]	PARTIAL
NORTH_AFRICA_EAST_T0	AFRICA_W_T0	IBERIA_T2	AFRICA_W_T2	-0.00043912701868344	9.27728223681311e-05	-4.73335840685049	2.20835034943465e-06	D_nae	f4(NORTH_AFRICA_EAST_T0, Africa; IBERIA_T2, AFRICA_W_T2) [N.Africa.E control]	PARTIAL
NORTH_AFRICA_EAST_T0	AFRICA_W_T0	IBERIA_T2	ITALY_T0	0.00144824983644923	9.09858926342875e-05	15.9173009630227	4.80668957148485e-57	D_nae	f4(NORTH_AFRICA_EAST_T0, Africa; IBERIA_T2, ITALY_T0) [N.Africa.E control]	YES
NORTH_AFRICA_EAST_T0	AFRICA_W_T0	IBERIA_T2	ITALY_T1	0.00104499401055019	7.33944027743793e-05	14.2380613650143	5.31820052810444e-46	D_nae	f4(NORTH_AFRICA_EAST_T0, Africa; IBERIA_T2, ITALY_T1) [N.Africa.E control]	YES
NORTH_AFRICA_EAST_T0	AFRICA_W_T0	IBERIA_T2	ITALY_T2	-0.000481258076406562	7.08510071786078e-05	-6.7925368399261	1.1017866746068e-11	D_nae	f4(NORTH_AFRICA_EAST_T0, Africa; IBERIA_T2, ITALY_T2) [N.Africa.E control]	YES
NORTH_AFRICA_EAST_T0	AFRICA_W_T0	IBERIA_T2	ITALY_T3	-0.000354467328454631	9.2144930288197e-05	-3.8468456956447	0.000119648269658986	D_nae	f4(NORTH_AFRICA_EAST_T0, Africa; IBERIA_T2, ITALY_T3) [N.Africa.E control]	PARTIAL
NORTH_AFRICA_EAST_T0	AFRICA_W_T0	IBERIA_T2	ITALY_T4	-0.00036440580036862	9.84418185596846e-05	-3.70173779497666	0.000214127841883979	D_nae	f4(NORTH_AFRICA_EAST_T0, Africa; IBERIA_T2, ITALY_T4) [N.Africa.E control]	PARTIAL
NORTH_AFRICA_EAST_T0	AFRICA_W_T0	IBERIA_T2	LEVANT_T0	0.00124221805311336	7.92053229757406e-05	15.6835172996369	1.96088525924805e-55	D_nae	f4(NORTH_AFRICA_EAST_T0, Africa; IBERIA_T2, LEVANT_T0) [N.Africa.E control]	YES
NORTH_AFRICA_EAST_T0	AFRICA_W_T0	IBERIA_T2	LEVANT_T1	0.000531285268857109	7.8472631411631e-05	6.77032564474909	1.284928496306e-11	D_nae	f4(NORTH_AFRICA_EAST_T0, Africa; IBERIA_T2, LEVANT_T1) [N.Africa.E control]	YES
NORTH_AFRICA_EAST_T0	AFRICA_W_T0	IBERIA_T2	LEVANT_T2	-0.000144521117093279	7.04912779447821e-05	-2.05019856792052	0.0403450576955207	D_nae	f4(NORTH_AFRICA_EAST_T0, Africa; IBERIA_T2, LEVANT_T2) [N.Africa.E control]	YES
NORTH_AFRICA_EAST_T0	AFRICA_W_T0	IBERIA_T2	LEVANT_T3	-0.000432485519095973	7.77059652825461e-05	-5.56566690244971	2.61151685012993e-08	D_nae	f4(NORTH_AFRICA_EAST_T0, Africa; IBERIA_T2, LEVANT_T3) [N.Africa.E control]	YES
SARDINIA_T0	AFRICA_W_T0	IBERIA_T0	EUROPE_NW_T0	0.000419684128080152	4.87034289988421e-05	8.61713716482119	6.86488798946188e-18	C_reverse	f4(SARDINIA_T0, Africa; IBERIA_T0, EUROPE_NW_T0) [Italy→Iberia?]	YES
SARDINIA_T0	AFRICA_W_T0	IBERIA_T0	EUROPE_NW_T1	0.000410928444976974	4.76234242399792e-05	8.62870428859261	6.20508900480769e-18	C_reverse	f4(SARDINIA_T0, Africa; IBERIA_T0, EUROPE_NW_T1) [Italy→Iberia?]	YES
SARDINIA_T0	AFRICA_W_T0	IBERIA_T0	EUROPE_NW_T2	-0.000170661677961695	4.49400017735985e-05	-3.79754497610982	0.000146136267098247	C_reverse	f4(SARDINIA_T0, Africa; IBERIA_T0, EUROPE_NW_T2) [Italy→Iberia?]	YES
SARDINIA_T0	AFRICA_W_T0	IBERIA_T0	EUROPE_NW_T3	-0.00255112522434407	0.000134674003450144	-18.9429671576406	5.04709761383963e-80	C_reverse	f4(SARDINIA_T0, Africa; IBERIA_T0, EUROPE_NW_T3) [Italy→Iberia?]	YES
SARDINIA_T0	AFRICA_W_T0	IBERIA_T0	EUROPE_NW_T4	-0.00201221479309324	0.000112655179773268	-17.861715698675	2.34324462371349e-71	C_reverse	f4(SARDINIA_T0, Africa; IBERIA_T0, EUROPE_NW_T4) [Italy→Iberia?]	YES
SARDINIA_T0	AFRICA_W_T0	IBERIA_T0	GREECE_T0	-0.00262044860619284	0.000130102269707237	-20.1414518908049	3.19822160811449e-90	C_reverse	f4(SARDINIA_T0, Africa; IBERIA_T0, GREECE_T0) [Italy→Iberia?]	PARTIAL
SARDINIA_T0	AFRICA_W_T0	IBERIA_T0	GREECE_T1	-0.000985940951676201	8.1567418165366e-05	-12.0874360602827	1.23067634116808e-33	C_reverse	f4(SARDINIA_T0, Africa; IBERIA_T0, GREECE_T1) [Italy→Iberia?]	YES
SARDINIA_T0	AFRICA_W_T0	IBERIA_T0	GREECE_T2	-0.0025822746575871	0.000124002713049002	-20.8243400010666	2.60489923888367e-96	C_reverse	f4(SARDINIA_T0, Africa; IBERIA_T0, GREECE_T2) [Italy→Iberia?]	YES
SARDINIA_T0	AFRICA_W_T0	IBERIA_T0	LEVANT_T0	-0.00131389628449128	5.44441816766668e-05	-24.1329053725933	1.12891125755464e-128	C_reverse	f4(SARDINIA_T0, Africa; IBERIA_T0, LEVANT_T0) [Italy→Iberia?]	YES
SARDINIA_T0	AFRICA_W_T0	IBERIA_T0	LEVANT_T1	-0.000736518727870537	6.13877546014126e-05	-11.9978118217992	3.64814167344458e-33	C_reverse	f4(SARDINIA_T0, Africa; IBERIA_T0, LEVANT_T1) [Italy→Iberia?]	YES
SARDINIA_T0	AFRICA_W_T0	IBERIA_T0	LEVANT_T2	-0.00161046054357639	9.42395401526367e-05	-17.0890110559536	1.79186898915572e-65	C_reverse	f4(SARDINIA_T0, Africa; IBERIA_T0, LEVANT_T2) [Italy→Iberia?]	YES
SARDINIA_T0	AFRICA_W_T0	IBERIA_T0	LEVANT_T3	-0.00221491322973761	0.000122822785426054	-18.0334066032976	1.06521943010438e-72	C_reverse	f4(SARDINIA_T0, Africa; IBERIA_T0, LEVANT_T3) [Italy→Iberia?]	YES
SARDINIA_T0	AFRICA_W_T0	IBERIA_T1	EUROPE_NW_T0	0.000262101843451129	3.44917487246867e-05	7.59897230909419	2.98491635615334e-14	C_reverse	f4(SARDINIA_T0, Africa; IBERIA_T1, EUROPE_NW_T0) [Italy→Iberia?]	YES
SARDINIA_T0	AFRICA_W_T0	IBERIA_T1	EUROPE_NW_T1	0.00025334616034795	3.73259933328029e-05	6.78739231637018	1.14178420385459e-11	C_reverse	f4(SARDINIA_T0, Africa; IBERIA_T1, EUROPE_NW_T1) [Italy→Iberia?]	YES
SARDINIA_T0	AFRICA_W_T0	IBERIA_T1	EUROPE_NW_T2	-0.000328243962590719	4.93012870717108e-05	-6.65791872965252	2.77732265419885e-11	C_reverse	f4(SARDINIA_T0, Africa; IBERIA_T1, EUROPE_NW_T2) [Italy→Iberia?]	YES
SARDINIA_T0	AFRICA_W_T0	IBERIA_T1	EUROPE_NW_T3	-0.00270870750897309	0.000135602676249259	-19.97532485269	9.02945503837883e-89	C_reverse	f4(SARDINIA_T0, Africa; IBERIA_T1, EUROPE_NW_T3) [Italy→Iberia?]	YES
SARDINIA_T0	AFRICA_W_T0	IBERIA_T1	EUROPE_NW_T4	-0.00216979707772226	0.000116785857741813	-18.5792793723294	4.72811494571961e-77	C_reverse	f4(SARDINIA_T0, Africa; IBERIA_T1, EUROPE_NW_T4) [Italy→Iberia?]	YES
SARDINIA_T0	AFRICA_W_T0	IBERIA_T1	GREECE_T0	-0.00277803089082187	0.000131370042283158	-21.1466087894989	2.96506151568542e-99	C_reverse	f4(SARDINIA_T0, Africa; IBERIA_T1, GREECE_T0) [Italy→Iberia?]	PARTIAL
SARDINIA_T0	AFRICA_W_T0	IBERIA_T1	GREECE_T1	-0.00114352323630522	8.73775012359936e-05	-13.0871588238343	3.89922176498595e-39	C_reverse	f4(SARDINIA_T0, Africa; IBERIA_T1, GREECE_T1) [Italy→Iberia?]	YES
SARDINIA_T0	AFRICA_W_T0	IBERIA_T1	GREECE_T2	-0.00273985694221612	0.000126443561732828	-21.6686156627363	4.05772489784302e-104	C_reverse	f4(SARDINIA_T0, Africa; IBERIA_T1, GREECE_T2) [Italy→Iberia?]	YES
SARDINIA_T0	AFRICA_W_T0	IBERIA_T1	LEVANT_T0	-0.0014714785691203	5.92905724595619e-05	-24.8180867223689	5.71947672954114e-136	C_reverse	f4(SARDINIA_T0, Africa; IBERIA_T1, LEVANT_T0) [Italy→Iberia?]	YES
SARDINIA_T0	AFRICA_W_T0	IBERIA_T1	LEVANT_T1	-0.00089410101249956	6.73586955348973e-05	-13.2737281415485	3.28806405439162e-40	C_reverse	f4(SARDINIA_T0, Africa; IBERIA_T1, LEVANT_T1) [Italy→Iberia?]	YES
SARDINIA_T0	AFRICA_W_T0	IBERIA_T1	LEVANT_T2	-0.00176804282820542	0.00010029030780205	-17.6292491961947	1.46904851545645e-69	C_reverse	f4(SARDINIA_T0, Africa; IBERIA_T1, LEVANT_T2) [Italy→Iberia?]	YES
SARDINIA_T0	AFRICA_W_T0	IBERIA_T1	LEVANT_T3	-0.00237249551436663	0.000123398908966561	-19.2262276403881	2.23291753529776e-82	C_reverse	f4(SARDINIA_T0, Africa; IBERIA_T1, LEVANT_T3) [Italy→Iberia?]	YES
SARDINIA_T0	AFRICA_W_T0	IBERIA_T2	EUROPE_NW_T0	0.00196419057164986	0.00010402361845841	18.8821596552631	1.59911677550978e-79	C_reverse	f4(SARDINIA_T0, Africa; IBERIA_T2, EUROPE_NW_T0) [Italy→Iberia?]	YES
SARDINIA_T0	AFRICA_W_T0	IBERIA_T2	EUROPE_NW_T1	0.00195543488854669	0.000105740356004853	18.4927965294248	2.35992456058533e-76	C_reverse	f4(SARDINIA_T0, Africa; IBERIA_T2, EUROPE_NW_T1) [Italy→Iberia?]	YES
SARDINIA_T0	AFRICA_W_T0	IBERIA_T2	EUROPE_NW_T2	0.00137384476560802	8.68050978004704e-05	15.8267751597484	2.03381145299703e-56	C_reverse	f4(SARDINIA_T0, Africa; IBERIA_T2, EUROPE_NW_T2) [Italy→Iberia?]	YES
SARDINIA_T0	AFRICA_W_T0	IBERIA_T2	EUROPE_NW_T3	-0.00100661878077436	9.43892572297793e-05	-10.6645481733569	1.49122067766168e-26	C_reverse	f4(SARDINIA_T0, Africa; IBERIA_T2, EUROPE_NW_T3) [Italy→Iberia?]	YES
SARDINIA_T0	AFRICA_W_T0	IBERIA_T2	EUROPE_NW_T4	-0.000467708349523528	7.94517855689718e-05	-5.886694001578	3.93997212643948e-09	C_reverse	f4(SARDINIA_T0, Africa; IBERIA_T2, EUROPE_NW_T4) [Italy→Iberia?]	YES
SARDINIA_T0	AFRICA_W_T0	IBERIA_T2	GREECE_T0	-0.00107594216262313	9.51208663141876e-05	-11.3113158480838	1.15346555860541e-29	C_reverse	f4(SARDINIA_T0, Africa; IBERIA_T2, GREECE_T0) [Italy→Iberia?]	PARTIAL
SARDINIA_T0	AFRICA_W_T0	IBERIA_T2	GREECE_T1	0.000558565491893511	7.58005541277691e-05	7.36888401834102	1.72062268322787e-13	C_reverse	f4(SARDINIA_T0, Africa; IBERIA_T2, GREECE_T1) [Italy→Iberia?]	YES
SARDINIA_T0	AFRICA_W_T0	IBERIA_T2	GREECE_T2	-0.00103776821401739	8.70245594963933e-05	-11.9250039301883	8.76798882102543e-33	C_reverse	f4(SARDINIA_T0, Africa; IBERIA_T2, GREECE_T2) [Italy→Iberia?]	YES
SARDINIA_T0	AFRICA_W_T0	IBERIA_T2	LEVANT_T0	0.000230610159078434	7.95349094324156e-05	2.8994835189244	0.00373777994826464	C_reverse	f4(SARDINIA_T0, Africa; IBERIA_T2, LEVANT_T0) [Italy→Iberia?]	YES
SARDINIA_T0	AFRICA_W_T0	IBERIA_T2	LEVANT_T1	0.000807987715699177	7.38943280566309e-05	10.9343671828229	7.89549012248494e-28	C_reverse	f4(SARDINIA_T0, Africa; IBERIA_T2, LEVANT_T1) [Italy→Iberia?]	YES
SARDINIA_T0	AFRICA_W_T0	IBERIA_T2	LEVANT_T2	-6.59541000066783e-05	6.97419701643515e-05	-0.945687365172696	0.344308068748839	C_reverse	f4(SARDINIA_T0, Africa; IBERIA_T2, LEVANT_T2) [Italy→Iberia?]	YES
SARDINIA_T0	AFRICA_W_T0	IBERIA_T2	LEVANT_T3	-0.000670406786167897	8.31466397831661e-05	-8.06294503200872	7.44780185831735e-16	C_reverse	f4(SARDINIA_T0, Africa; IBERIA_T2, LEVANT_T3) [Italy→Iberia?]	YES
SARDINIA_T1	AFRICA_W_T0	IBERIA_T0	EUROPE_NW_T0	0.000242006204248221	4.19813726669184e-05	5.76460913196685	8.18473032626826e-09	C_reverse	f4(SARDINIA_T1, Africa; IBERIA_T0, EUROPE_NW_T0) [Italy→Iberia?]	YES
SARDINIA_T1	AFRICA_W_T0	IBERIA_T0	EUROPE_NW_T1	2.63211602166665e-05	4.03723535809205e-05	0.651960014268418	0.514426967699338	C_reverse	f4(SARDINIA_T1, Africa; IBERIA_T0, EUROPE_NW_T1) [Italy→Iberia?]	YES
SARDINIA_T1	AFRICA_W_T0	IBERIA_T0	EUROPE_NW_T2	-0.000327483146510824	4.89688495901305e-05	-6.68758096732636	2.26889686639447e-11	C_reverse	f4(SARDINIA_T1, Africa; IBERIA_T0, EUROPE_NW_T2) [Italy→Iberia?]	YES
SARDINIA_T1	AFRICA_W_T0	IBERIA_T0	EUROPE_NW_T3	-0.00128235198000921	8.69014640565957e-05	-14.7563909760377	2.79861255526971e-49	C_reverse	f4(SARDINIA_T1, Africa; IBERIA_T0, EUROPE_NW_T3) [Italy→Iberia?]	YES
SARDINIA_T1	AFRICA_W_T0	IBERIA_T0	EUROPE_NW_T4	-0.000982695724283486	8.00063394947214e-05	-12.2827232253054	1.12158315043725e-34	C_reverse	f4(SARDINIA_T1, Africa; IBERIA_T0, EUROPE_NW_T4) [Italy→Iberia?]	YES
SARDINIA_T1	AFRICA_W_T0	IBERIA_T0	GREECE_T0	-0.00123159707321866	9.2174639422133e-05	-13.3615610642999	1.01414755709551e-40	C_reverse	f4(SARDINIA_T1, Africa; IBERIA_T0, GREECE_T0) [Italy→Iberia?]	PARTIAL
SARDINIA_T1	AFRICA_W_T0	IBERIA_T0	GREECE_T1	-0.000922103349442836	6.26616525744222e-05	-14.7155925762997	5.11957974158662e-49	C_reverse	f4(SARDINIA_T1, Africa; IBERIA_T0, GREECE_T1) [Italy→Iberia?]	YES
SARDINIA_T1	AFRICA_W_T0	IBERIA_T0	GREECE_T2	-0.00141104012646935	8.24726824647941e-05	-17.1091819048288	1.2676746051561e-65	C_reverse	f4(SARDINIA_T1, Africa; IBERIA_T0, GREECE_T2) [Italy→Iberia?]	YES
SARDINIA_T1	AFRICA_W_T0	IBERIA_T0	LEVANT_T0	-0.00028502843001135	5.23933680969544e-05	-5.44016237864117	5.32320302363859e-08	C_reverse	f4(SARDINIA_T1, Africa; IBERIA_T0, LEVANT_T0) [Italy→Iberia?]	YES
SARDINIA_T1	AFRICA_W_T0	IBERIA_T0	LEVANT_T1	-0.000841475994686176	5.70253116011471e-05	-14.7561840708863	2.80720920925763e-49	C_reverse	f4(SARDINIA_T1, Africa; IBERIA_T0, LEVANT_T1) [Italy→Iberia?]	YES
SARDINIA_T1	AFRICA_W_T0	IBERIA_T0	LEVANT_T2	-0.00120954171251234	6.9998701114397e-05	-17.2794879512924	6.71414321888928e-67	C_reverse	f4(SARDINIA_T1, Africa; IBERIA_T0, LEVANT_T2) [Italy→Iberia?]	YES
SARDINIA_T1	AFRICA_W_T0	IBERIA_T0	LEVANT_T3	-0.0012980141078972	7.73547190719446e-05	-16.7800248448962	3.41693139946119e-63	C_reverse	f4(SARDINIA_T1, Africa; IBERIA_T0, LEVANT_T3) [Italy→Iberia?]	YES
SARDINIA_T1	AFRICA_W_T0	IBERIA_T1	EUROPE_NW_T0	0.00044439784002048	3.40754692057202e-05	13.0415765469747	7.09741001699283e-39	C_reverse	f4(SARDINIA_T1, Africa; IBERIA_T1, EUROPE_NW_T0) [Italy→Iberia?]	YES
SARDINIA_T1	AFRICA_W_T0	IBERIA_T1	EUROPE_NW_T1	0.000228712795988925	3.57191662888876e-05	6.403083267374	1.52270091705373e-10	C_reverse	f4(SARDINIA_T1, Africa; IBERIA_T1, EUROPE_NW_T1) [Italy→Iberia?]	YES
SARDINIA_T1	AFRICA_W_T0	IBERIA_T1	EUROPE_NW_T2	-0.000125091510738564	5.23076034822955e-05	-2.39145941337007	0.0167815392865664	C_reverse	f4(SARDINIA_T1, Africa; IBERIA_T1, EUROPE_NW_T2) [Italy→Iberia?]	YES
SARDINIA_T1	AFRICA_W_T0	IBERIA_T1	EUROPE_NW_T3	-0.00107996034423695	8.91199520666924e-05	-12.118053468305	8.47480746161222e-34	C_reverse	f4(SARDINIA_T1, Africa; IBERIA_T1, EUROPE_NW_T3) [Italy→Iberia?]	YES
SARDINIA_T1	AFRICA_W_T0	IBERIA_T1	EUROPE_NW_T4	-0.000780304088511227	8.17287724235112e-05	-9.5474832837053	1.32885124643778e-21	C_reverse	f4(SARDINIA_T1, Africa; IBERIA_T1, EUROPE_NW_T4) [Italy→Iberia?]	YES
SARDINIA_T1	AFRICA_W_T0	IBERIA_T1	GREECE_T0	-0.0010292054374464	9.52950245658538e-05	-10.8002011871581	3.43450187364278e-27	C_reverse	f4(SARDINIA_T1, Africa; IBERIA_T1, GREECE_T0) [Italy→Iberia?]	PARTIAL
SARDINIA_T1	AFRICA_W_T0	IBERIA_T1	GREECE_T1	-0.000719711713670578	6.99880163941099e-05	-10.2833563622922	8.37589151773398e-25	C_reverse	f4(SARDINIA_T1, Africa; IBERIA_T1, GREECE_T1) [Italy→Iberia?]	YES
SARDINIA_T1	AFRICA_W_T0	IBERIA_T1	GREECE_T2	-0.00120864849069709	8.83909350982903e-05	-13.6738964165621	1.45396411731142e-42	C_reverse	f4(SARDINIA_T1, Africa; IBERIA_T1, GREECE_T2) [Italy→Iberia?]	YES
SARDINIA_T1	AFRICA_W_T0	IBERIA_T1	LEVANT_T0	-8.26367942390908e-05	5.79210000533445e-05	-1.4267155981938	0.153661887729543	C_reverse	f4(SARDINIA_T1, Africa; IBERIA_T1, LEVANT_T0) [Italy→Iberia?]	YES
SARDINIA_T1	AFRICA_W_T0	IBERIA_T1	LEVANT_T1	-0.000639084358913917	5.7185298496903e-05	-11.1756758417293	5.36404880376183e-29	C_reverse	f4(SARDINIA_T1, Africa; IBERIA_T1, LEVANT_T1) [Italy→Iberia?]	YES
SARDINIA_T1	AFRICA_W_T0	IBERIA_T1	LEVANT_T2	-0.00100715007674008	7.44449221119435e-05	-13.5287948212991	1.05743006085517e-41	C_reverse	f4(SARDINIA_T1, Africa; IBERIA_T1, LEVANT_T2) [Italy→Iberia?]	YES
SARDINIA_T1	AFRICA_W_T0	IBERIA_T1	LEVANT_T3	-0.00109562247212494	7.92304162041283e-05	-13.8283064082636	1.72023008460576e-43	C_reverse	f4(SARDINIA_T1, Africa; IBERIA_T1, LEVANT_T3) [Italy→Iberia?]	YES
SARDINIA_T1	AFRICA_W_T0	IBERIA_T2	EUROPE_NW_T0	0.00134890725590332	7.78155713241318e-05	17.3346700788792	2.57540631343459e-67	C_reverse	f4(SARDINIA_T1, Africa; IBERIA_T2, EUROPE_NW_T0) [Italy→Iberia?]	YES
SARDINIA_T1	AFRICA_W_T0	IBERIA_T2	EUROPE_NW_T1	0.00113322221187177	7.65510373063646e-05	14.803486036858	1.39083429929931e-49	C_reverse	f4(SARDINIA_T1, Africa; IBERIA_T2, EUROPE_NW_T1) [Italy→Iberia?]	YES
SARDINIA_T1	AFRICA_W_T0	IBERIA_T2	EUROPE_NW_T2	0.000779417905144277	6.71507554617628e-05	11.6069863962751	3.79765206644979e-31	C_reverse	f4(SARDINIA_T1, Africa; IBERIA_T2, EUROPE_NW_T2) [Italy→Iberia?]	YES
SARDINIA_T1	AFRICA_W_T0	IBERIA_T2	EUROPE_NW_T3	-0.000175450928354113	6.64577886462105e-05	-2.64003560648293	0.00828973171974199	C_reverse	f4(SARDINIA_T1, Africa; IBERIA_T2, EUROPE_NW_T3) [Italy→Iberia?]	YES
SARDINIA_T1	AFRICA_W_T0	IBERIA_T2	EUROPE_NW_T4	0.000124205327371615	6.78753753504755e-05	1.82990262271521	0.0672645012079576	C_reverse	f4(SARDINIA_T1, Africa; IBERIA_T2, EUROPE_NW_T4) [Italy→Iberia?]	YES
SARDINIA_T1	AFRICA_W_T0	IBERIA_T2	GREECE_T0	-0.000124696021563557	7.56713002222333e-05	-1.64786413339465	0.0993805548801902	C_reverse	f4(SARDINIA_T1, Africa; IBERIA_T2, GREECE_T0) [Italy→Iberia?]	PARTIAL
SARDINIA_T1	AFRICA_W_T0	IBERIA_T2	GREECE_T1	0.000184797702212263	6.19879931695013e-05	2.98118543226505	0.00287134869987644	C_reverse	f4(SARDINIA_T1, Africa; IBERIA_T2, GREECE_T1) [Italy→Iberia?]	YES
SARDINIA_T1	AFRICA_W_T0	IBERIA_T2	GREECE_T2	-0.000304139074814245	7.07154651696231e-05	-4.30088487836027	1.7011742608806e-05	C_reverse	f4(SARDINIA_T1, Africa; IBERIA_T2, GREECE_T2) [Italy→Iberia?]	YES
SARDINIA_T1	AFRICA_W_T0	IBERIA_T2	LEVANT_T0	0.000821872621643751	6.75039365289644e-05	12.1751806472961	4.21459929315646e-34	C_reverse	f4(SARDINIA_T1, Africa; IBERIA_T2, LEVANT_T0) [Italy→Iberia?]	YES
SARDINIA_T1	AFRICA_W_T0	IBERIA_T2	LEVANT_T1	0.000265425056968924	6.44768930798462e-05	4.11659191828971	3.84516018001089e-05	C_reverse	f4(SARDINIA_T1, Africa; IBERIA_T2, LEVANT_T1) [Italy→Iberia?]	YES
SARDINIA_T1	AFRICA_W_T0	IBERIA_T2	LEVANT_T2	-0.000102640660857239	5.96587635125716e-05	-1.72046242352324	0.0853484184506503	C_reverse	f4(SARDINIA_T1, Africa; IBERIA_T2, LEVANT_T2) [Italy→Iberia?]	YES
SARDINIA_T1	AFRICA_W_T0	IBERIA_T2	LEVANT_T3	-0.000191113056242097	6.1490710506356e-05	-3.10799882890186	0.00188358814470737	C_reverse	f4(SARDINIA_T1, Africa; IBERIA_T2, LEVANT_T3) [Italy→Iberia?]	YES
SARDINIA_T2	AFRICA_W_T0	IBERIA_T0	EUROPE_NW_T0	0.000413795389638507	5.49494316802952e-05	7.5304762394275	5.05555905236915e-14	C_reverse	f4(SARDINIA_T2, Africa; IBERIA_T0, EUROPE_NW_T0) [Italy→Iberia?]	PARTIAL
SARDINIA_T2	AFRICA_W_T0	IBERIA_T0	EUROPE_NW_T1	0.000165503554698379	5.42032346070947e-05	3.05338889640206	0.00226272492303883	C_reverse	f4(SARDINIA_T2, Africa; IBERIA_T0, EUROPE_NW_T1) [Italy→Iberia?]	PARTIAL
SARDINIA_T2	AFRICA_W_T0	IBERIA_T0	EUROPE_NW_T2	-0.000529418771458343	5.7262750529354e-05	-9.24543034632877	2.34295965405959e-20	C_reverse	f4(SARDINIA_T2, Africa; IBERIA_T0, EUROPE_NW_T2) [Italy→Iberia?]	PARTIAL
SARDINIA_T2	AFRICA_W_T0	IBERIA_T0	EUROPE_NW_T3	-0.00754912065361219	0.000272527873444881	-27.700361648105	6.91247079173857e-169	C_reverse	f4(SARDINIA_T2, Africa; IBERIA_T0, EUROPE_NW_T3) [Italy→Iberia?]	PARTIAL
SARDINIA_T2	AFRICA_W_T0	IBERIA_T0	EUROPE_NW_T4	-0.00495927031687066	0.000213974709929614	-23.1768993564799	7.78729633538555e-119	C_reverse	f4(SARDINIA_T2, Africa; IBERIA_T0, EUROPE_NW_T4) [Italy→Iberia?]	PARTIAL
SARDINIA_T2	AFRICA_W_T0	IBERIA_T0	GREECE_T0	-0.00729195220605755	0.000298495156293878	-24.4290470123354	8.40503036653298e-132	C_reverse	f4(SARDINIA_T2, Africa; IBERIA_T0, GREECE_T0) [Italy→Iberia?]	PARTIAL
SARDINIA_T2	AFRICA_W_T0	IBERIA_T0	GREECE_T1	-0.00208125492884599	0.000105403090197485	-19.745672778156	8.7393172186109e-87	C_reverse	f4(SARDINIA_T2, Africa; IBERIA_T0, GREECE_T1) [Italy→Iberia?]	PARTIAL
SARDINIA_T2	AFRICA_W_T0	IBERIA_T0	GREECE_T2	-0.00670436093773425	0.000259223293982237	-25.863265737969	1.72572443431203e-147	C_reverse	f4(SARDINIA_T2, Africa; IBERIA_T0, GREECE_T2) [Italy→Iberia?]	PARTIAL
SARDINIA_T2	AFRICA_W_T0	IBERIA_T0	LEVANT_T0	-0.000697785367733584	7.37804060660558e-05	-9.45759728008076	3.15100252035665e-21	C_reverse	f4(SARDINIA_T2, Africa; IBERIA_T0, LEVANT_T0) [Italy→Iberia?]	PARTIAL
SARDINIA_T2	AFRICA_W_T0	IBERIA_T0	LEVANT_T1	-0.00154363690884755	7.95168544395206e-05	-19.4127008635838	6.0273975639002e-84	C_reverse	f4(SARDINIA_T2, Africa; IBERIA_T0, LEVANT_T1) [Italy→Iberia?]	PARTIAL
SARDINIA_T2	AFRICA_W_T0	IBERIA_T0	LEVANT_T2	-0.00354536631598198	0.000153703314057354	-23.0662971564754	1.00943317452971e-117	C_reverse	f4(SARDINIA_T2, Africa; IBERIA_T0, LEVANT_T2) [Italy→Iberia?]	PARTIAL
SARDINIA_T2	AFRICA_W_T0	IBERIA_T0	LEVANT_T3	-0.00586163655153728	0.000225090299966128	-26.0412667823506	1.68952600081823e-149	C_reverse	f4(SARDINIA_T2, Africa; IBERIA_T0, LEVANT_T3) [Italy→Iberia?]	PARTIAL
SARDINIA_T2	AFRICA_W_T0	IBERIA_T1	EUROPE_NW_T0	0.000633957272097438	4.22118465651976e-05	15.0184681240672	5.55773093006079e-51	C_reverse	f4(SARDINIA_T2, Africa; IBERIA_T1, EUROPE_NW_T0) [Italy→Iberia?]	PARTIAL
SARDINIA_T2	AFRICA_W_T0	IBERIA_T1	EUROPE_NW_T1	0.000385665437157309	3.91082746163353e-05	9.86147921228463	6.11419068877233e-23	C_reverse	f4(SARDINIA_T2, Africa; IBERIA_T1, EUROPE_NW_T1) [Italy→Iberia?]	PARTIAL
SARDINIA_T2	AFRICA_W_T0	IBERIA_T1	EUROPE_NW_T2	-0.000309256888999412	6.31050996853333e-05	-4.9006639802724	9.5513297286212e-07	C_reverse	f4(SARDINIA_T2, Africa; IBERIA_T1, EUROPE_NW_T2) [Italy→Iberia?]	PARTIAL
SARDINIA_T2	AFRICA_W_T0	IBERIA_T1	EUROPE_NW_T3	-0.00732895877115327	0.000273353565917451	-26.8112791817998	2.38714640152762e-158	C_reverse	f4(SARDINIA_T2, Africa; IBERIA_T1, EUROPE_NW_T3) [Italy→Iberia?]	PARTIAL
SARDINIA_T2	AFRICA_W_T0	IBERIA_T1	EUROPE_NW_T4	-0.00473910843441174	0.000217129169581109	-21.8262172860263	1.30808310113222e-105	C_reverse	f4(SARDINIA_T2, Africa; IBERIA_T1, EUROPE_NW_T4) [Italy→Iberia?]	PARTIAL
SARDINIA_T2	AFRICA_W_T0	IBERIA_T1	GREECE_T0	-0.00707179032359863	0.000303147661069152	-23.3278736133329	2.31196538918915e-120	C_reverse	f4(SARDINIA_T2, Africa; IBERIA_T1, GREECE_T0) [Italy→Iberia?]	PARTIAL
SARDINIA_T2	AFRICA_W_T0	IBERIA_T1	GREECE_T1	-0.00186109304638706	0.000106911355876581	-17.4078144564504	7.1979804521124e-68	C_reverse	f4(SARDINIA_T2, Africa; IBERIA_T1, GREECE_T1) [Italy→Iberia?]	PARTIAL
SARDINIA_T2	AFRICA_W_T0	IBERIA_T1	GREECE_T2	-0.00648419905527533	0.000258658933021387	-25.0685293545968	1.09655258788812e-138	C_reverse	f4(SARDINIA_T2, Africa; IBERIA_T1, GREECE_T2) [Italy→Iberia?]	PARTIAL
SARDINIA_T2	AFRICA_W_T0	IBERIA_T1	LEVANT_T0	-0.000477623485274654	8.06827371323576e-05	-5.91977295578268	3.22386366005363e-09	C_reverse	f4(SARDINIA_T2, Africa; IBERIA_T1, LEVANT_T0) [Italy→Iberia?]	PARTIAL
SARDINIA_T2	AFRICA_W_T0	IBERIA_T1	LEVANT_T1	-0.00132347502638862	8.39879915577089e-05	-15.7579077894635	6.06063844656505e-56	C_reverse	f4(SARDINIA_T2, Africa; IBERIA_T1, LEVANT_T1) [Italy→Iberia?]	PARTIAL
SARDINIA_T2	AFRICA_W_T0	IBERIA_T1	LEVANT_T2	-0.00332520443352305	0.000155366120815987	-21.4023779190662	1.26964760789971e-101	C_reverse	f4(SARDINIA_T2, Africa; IBERIA_T1, LEVANT_T2) [Italy→Iberia?]	PARTIAL
SARDINIA_T2	AFRICA_W_T0	IBERIA_T1	LEVANT_T3	-0.00564147466907835	0.000222590712018577	-25.3446094759224	1.03042895829434e-141	C_reverse	f4(SARDINIA_T2, Africa; IBERIA_T1, LEVANT_T3) [Italy→Iberia?]	PARTIAL
SARDINIA_T2	AFRICA_W_T0	IBERIA_T2	EUROPE_NW_T0	0.00372591521711459	0.000152146408297748	24.489011990497	1.93421524716982e-132	C_reverse	f4(SARDINIA_T2, Africa; IBERIA_T2, EUROPE_NW_T0) [Italy→Iberia?]	PARTIAL
SARDINIA_T2	AFRICA_W_T0	IBERIA_T2	EUROPE_NW_T1	0.00347762338217447	0.000148760291901927	23.3773632581143	7.26347780254432e-121	C_reverse	f4(SARDINIA_T2, Africa; IBERIA_T2, EUROPE_NW_T1) [Italy→Iberia?]	PARTIAL
SARDINIA_T2	AFRICA_W_T0	IBERIA_T2	EUROPE_NW_T2	0.00278270105601775	0.000133498296014256	20.8444687243094	1.71097315844337e-96	C_reverse	f4(SARDINIA_T2, Africa; IBERIA_T2, EUROPE_NW_T2) [Italy→Iberia?]	PARTIAL
SARDINIA_T2	AFRICA_W_T0	IBERIA_T2	EUROPE_NW_T3	-0.00423700082613611	0.000228783648630102	-18.5196837776922	1.43276087878802e-76	C_reverse	f4(SARDINIA_T2, Africa; IBERIA_T2, EUROPE_NW_T3) [Italy→Iberia?]	PARTIAL
SARDINIA_T2	AFRICA_W_T0	IBERIA_T2	EUROPE_NW_T4	-0.00164715048939457	0.000168059085223102	-9.80102020196017	1.11454194853442e-22	C_reverse	f4(SARDINIA_T2, Africa; IBERIA_T2, EUROPE_NW_T4) [Italy→Iberia?]	PARTIAL
SARDINIA_T2	AFRICA_W_T0	IBERIA_T2	GREECE_T0	-0.00397983237858147	0.000265753718147361	-14.9756413807714	1.05940843447343e-50	C_reverse	f4(SARDINIA_T2, Africa; IBERIA_T2, GREECE_T0) [Italy→Iberia?]	PARTIAL
SARDINIA_T2	AFRICA_W_T0	IBERIA_T2	GREECE_T1	0.0012308648986301	0.000107481242386396	11.4519042700039	2.30035805584684e-30	C_reverse	f4(SARDINIA_T2, Africa; IBERIA_T2, GREECE_T1) [Italy→Iberia?]	PARTIAL
SARDINIA_T2	AFRICA_W_T0	IBERIA_T2	GREECE_T2	-0.00339224111025816	0.000211744568719676	-16.0204397721722	9.1997320207684e-58	C_reverse	f4(SARDINIA_T2, Africa; IBERIA_T2, GREECE_T2) [Italy→Iberia?]	PARTIAL
SARDINIA_T2	AFRICA_W_T0	IBERIA_T2	LEVANT_T0	0.0026143344597425	0.000125534892677335	20.8255601608884	2.5393951000469e-96	C_reverse	f4(SARDINIA_T2, Africa; IBERIA_T2, LEVANT_T0) [Italy→Iberia?]	PARTIAL
SARDINIA_T2	AFRICA_W_T0	IBERIA_T2	LEVANT_T1	0.00176848291862854	0.000120587743879542	14.6655278698565	1.071803694538e-48	C_reverse	f4(SARDINIA_T2, Africa; IBERIA_T2, LEVANT_T1) [Italy→Iberia?]	PARTIAL
SARDINIA_T2	AFRICA_W_T0	IBERIA_T2	LEVANT_T2	-0.00023324648850589	0.000106089177192383	-2.19858891056265	0.0279071662004908	C_reverse	f4(SARDINIA_T2, Africa; IBERIA_T2, LEVANT_T2) [Italy→Iberia?]	PARTIAL
SARDINIA_T2	AFRICA_W_T0	IBERIA_T2	LEVANT_T3	-0.0025495167240612	0.00015954165161567	-15.9802578088065	1.75418921478202e-57	C_reverse	f4(SARDINIA_T2, Africa; IBERIA_T2, LEVANT_T3) [Italy→Iberia?]	PARTIAL
SICILY_T0	AFRICA_W_T0	IBERIA_T0	EUROPE_NW_T0	0.000497013505297617	5.08731333933659e-05	9.76966567902479	1.51952658512085e-22	C_reverse	f4(SICILY_T0, Africa; IBERIA_T0, EUROPE_NW_T0) [Italy→Iberia?]	YES
SICILY_T0	AFRICA_W_T0	IBERIA_T0	EUROPE_NW_T1	0.000188344225846705	5.10908297002713e-05	3.68645854748576	0.000227396461527216	C_reverse	f4(SICILY_T0, Africa; IBERIA_T0, EUROPE_NW_T1) [Italy→Iberia?]	YES
SICILY_T0	AFRICA_W_T0	IBERIA_T0	EUROPE_NW_T2	-0.000462132436240805	5.79948619160146e-05	-7.96850653614872	1.6060337506557e-15	C_reverse	f4(SICILY_T0, Africa; IBERIA_T0, EUROPE_NW_T2) [Italy→Iberia?]	YES
SICILY_T0	AFRICA_W_T0	IBERIA_T0	EUROPE_NW_T3	-0.00559237694387231	0.00022223072693407	-25.1647331628062	9.74941825928779e-140	C_reverse	f4(SICILY_T0, Africa; IBERIA_T0, EUROPE_NW_T3) [Italy→Iberia?]	YES
SICILY_T0	AFRICA_W_T0	IBERIA_T0	EUROPE_NW_T4	-0.00420103108290267	0.000186489145932147	-22.5269468735258	2.26007531773289e-112	C_reverse	f4(SICILY_T0, Africa; IBERIA_T0, EUROPE_NW_T4) [Italy→Iberia?]	YES
SICILY_T0	AFRICA_W_T0	IBERIA_T0	GREECE_T0	-0.00549891641874939	0.00022683055920582	-24.2423967828771	7.95318458982991e-130	C_reverse	f4(SICILY_T0, Africa; IBERIA_T0, GREECE_T0) [Italy→Iberia?]	PARTIAL
SICILY_T0	AFRICA_W_T0	IBERIA_T0	GREECE_T1	-0.00176755491901177	9.86554828570476e-05	-17.916438780934	8.77701181125095e-72	C_reverse	f4(SICILY_T0, Africa; IBERIA_T0, GREECE_T1) [Italy→Iberia?]	YES
SICILY_T0	AFRICA_W_T0	IBERIA_T0	GREECE_T2	-0.00531383942506209	0.000204340100903699	-26.0048781495238	4.36137017491633e-149	C_reverse	f4(SICILY_T0, Africa; IBERIA_T0, GREECE_T2) [Italy→Iberia?]	YES
SICILY_T0	AFRICA_W_T0	IBERIA_T0	LEVANT_T0	-0.000612520016267237	6.68537062645292e-05	-9.16209512519165	5.08993427305639e-20	C_reverse	f4(SICILY_T0, Africa; IBERIA_T0, LEVANT_T0) [Italy→Iberia?]	YES
SICILY_T0	AFRICA_W_T0	IBERIA_T0	LEVANT_T1	-0.00130985660430685	7.77484278405288e-05	-16.8473709461177	1.09683450550872e-63	C_reverse	f4(SICILY_T0, Africa; IBERIA_T0, LEVANT_T1) [Italy→Iberia?]	YES
SICILY_T0	AFRICA_W_T0	IBERIA_T0	LEVANT_T2	-0.00306661600313404	0.000140102339679685	-21.88839965232	3.35072110368323e-106	C_reverse	f4(SICILY_T0, Africa; IBERIA_T0, LEVANT_T2) [Italy→Iberia?]	YES
SICILY_T0	AFRICA_W_T0	IBERIA_T0	LEVANT_T3	-0.00462603438561141	0.000191052630464814	-24.2134032614819	1.60742276162713e-129	C_reverse	f4(SICILY_T0, Africa; IBERIA_T0, LEVANT_T3) [Italy→Iberia?]	YES
SICILY_T0	AFRICA_W_T0	IBERIA_T1	EUROPE_NW_T0	0.000568343484951564	3.86760766815191e-05	14.6949622018704	6.94372220038491e-49	C_reverse	f4(SICILY_T0, Africa; IBERIA_T1, EUROPE_NW_T0) [Italy→Iberia?]	YES
SICILY_T0	AFRICA_W_T0	IBERIA_T1	EUROPE_NW_T1	0.000259674205500651	3.89488025391923e-05	6.66706518741761	2.60969200656904e-11	C_reverse	f4(SICILY_T0, Africa; IBERIA_T1, EUROPE_NW_T1) [Italy→Iberia?]	YES
SICILY_T0	AFRICA_W_T0	IBERIA_T1	EUROPE_NW_T2	-0.000390802456586859	6.16663920861524e-05	-6.33736535195507	2.33727310643719e-10	C_reverse	f4(SICILY_T0, Africa; IBERIA_T1, EUROPE_NW_T2) [Italy→Iberia?]	YES
SICILY_T0	AFRICA_W_T0	IBERIA_T1	EUROPE_NW_T3	-0.00552104696421836	0.000218355910488357	-25.284623401631	4.71553287660358e-141	C_reverse	f4(SICILY_T0, Africa; IBERIA_T1, EUROPE_NW_T3) [Italy→Iberia?]	YES
SICILY_T0	AFRICA_W_T0	IBERIA_T1	EUROPE_NW_T4	-0.00412970110324873	0.000183833854814288	-22.464312176996	9.27366328383839e-112	C_reverse	f4(SICILY_T0, Africa; IBERIA_T1, EUROPE_NW_T4) [Italy→Iberia?]	YES
SICILY_T0	AFRICA_W_T0	IBERIA_T1	GREECE_T0	-0.00542758643909544	0.000222894220621978	-24.3505032295138	5.72658925070355e-131	C_reverse	f4(SICILY_T0, Africa; IBERIA_T1, GREECE_T0) [Italy→Iberia?]	PARTIAL
SICILY_T0	AFRICA_W_T0	IBERIA_T1	GREECE_T1	-0.00169622493935783	9.85511794624729e-05	-17.2116148036942	2.17287386599367e-66	C_reverse	f4(SICILY_T0, Africa; IBERIA_T1, GREECE_T1) [Italy→Iberia?]	YES
SICILY_T0	AFRICA_W_T0	IBERIA_T1	GREECE_T2	-0.00524250944540815	0.000201212261765493	-26.0546221160127	1.19250699129335e-149	C_reverse	f4(SICILY_T0, Africa; IBERIA_T1, GREECE_T2) [Italy→Iberia?]	YES
SICILY_T0	AFRICA_W_T0	IBERIA_T1	LEVANT_T0	-0.00054119003661329	6.84094265014285e-05	-7.91104478272434	2.55237687006616e-15	C_reverse	f4(SICILY_T0, Africa; IBERIA_T1, LEVANT_T0) [Italy→Iberia?]	YES
SICILY_T0	AFRICA_W_T0	IBERIA_T1	LEVANT_T1	-0.0012385266246529	8.03274643012832e-05	-15.4184703255113	1.22982969730066e-53	C_reverse	f4(SICILY_T0, Africa; IBERIA_T1, LEVANT_T1) [Italy→Iberia?]	YES
SICILY_T0	AFRICA_W_T0	IBERIA_T1	LEVANT_T2	-0.00299528602348009	0.000140089812213365	-21.3811838002758	1.99991725845705e-101	C_reverse	f4(SICILY_T0, Africa; IBERIA_T1, LEVANT_T2) [Italy→Iberia?]	YES
SICILY_T0	AFRICA_W_T0	IBERIA_T1	LEVANT_T3	-0.00455470440595746	0.000185992955472472	-24.4885855724336	1.95455297214613e-132	C_reverse	f4(SICILY_T0, Africa; IBERIA_T1, LEVANT_T3) [Italy→Iberia?]	YES
SICILY_T0	AFRICA_W_T0	IBERIA_T2	EUROPE_NW_T0	0.00330595837268985	0.000145194697459056	22.7691398552768	9.27482453669125e-115	C_reverse	f4(SICILY_T0, Africa; IBERIA_T2, EUROPE_NW_T0) [Italy→Iberia?]	YES
SICILY_T0	AFRICA_W_T0	IBERIA_T2	EUROPE_NW_T1	0.00299728909323894	0.000143319856997477	20.9132855420843	4.05336930972743e-97	C_reverse	f4(SICILY_T0, Africa; IBERIA_T2, EUROPE_NW_T1) [Italy→Iberia?]	YES
SICILY_T0	AFRICA_W_T0	IBERIA_T2	EUROPE_NW_T2	0.00234681243115143	0.000127047191661606	18.471974078752	3.47154006433476e-76	C_reverse	f4(SICILY_T0, Africa; IBERIA_T2, EUROPE_NW_T2) [Italy→Iberia?]	YES
SICILY_T0	AFRICA_W_T0	IBERIA_T2	EUROPE_NW_T3	-0.00278343207648008	0.00017126084633811	-16.2525885863306	2.14129002877097e-59	C_reverse	f4(SICILY_T0, Africa; IBERIA_T2, EUROPE_NW_T3) [Italy→Iberia?]	YES
SICILY_T0	AFRICA_W_T0	IBERIA_T2	EUROPE_NW_T4	-0.00139208621551044	0.000130898474952239	-10.634854348138	2.05149029142713e-26	C_reverse	f4(SICILY_T0, Africa; IBERIA_T2, EUROPE_NW_T4) [Italy→Iberia?]	YES
SICILY_T0	AFRICA_W_T0	IBERIA_T2	GREECE_T0	-0.00268997155135716	0.000170359148290437	-15.7900035210974	3.64559579341288e-56	C_reverse	f4(SICILY_T0, Africa; IBERIA_T2, GREECE_T0) [Italy→Iberia?]	PARTIAL
SICILY_T0	AFRICA_W_T0	IBERIA_T2	GREECE_T1	0.00104138994838045	0.000110432041098313	9.43014308187373	4.09529940427153e-21	C_reverse	f4(SICILY_T0, Africa; IBERIA_T2, GREECE_T1) [Italy→Iberia?]	YES
SICILY_T0	AFRICA_W_T0	IBERIA_T2	GREECE_T2	-0.00250489455766986	0.000148655162302232	-16.8503704740313	1.04259506308819e-63	C_reverse	f4(SICILY_T0, Africa; IBERIA_T2, GREECE_T2) [Italy→Iberia?]	YES
SICILY_T0	AFRICA_W_T0	IBERIA_T2	LEVANT_T0	0.00219642485112499	0.0001170186861621	18.7698642256366	1.33225526965489e-78	C_reverse	f4(SICILY_T0, Africa; IBERIA_T2, LEVANT_T0) [Italy→Iberia?]	YES
SICILY_T0	AFRICA_W_T0	IBERIA_T2	LEVANT_T1	0.00149908826308538	0.000107863160831131	13.8980561253191	6.50850587622038e-44	C_reverse	f4(SICILY_T0, Africa; IBERIA_T2, LEVANT_T1) [Italy→Iberia?]	YES
SICILY_T0	AFRICA_W_T0	IBERIA_T2	LEVANT_T2	-0.000257671135741806	9.51709035993326e-05	-2.7074570693013	0.00678008392320821	C_reverse	f4(SICILY_T0, Africa; IBERIA_T2, LEVANT_T2) [Italy→Iberia?]	YES
SICILY_T0	AFRICA_W_T0	IBERIA_T2	LEVANT_T3	-0.00181708951821918	0.000136979226087063	-13.2654386371278	3.67265570609307e-40	C_reverse	f4(SICILY_T0, Africa; IBERIA_T2, LEVANT_T3) [Italy→Iberia?]	YES
SICILY_T1	AFRICA_W_T0	IBERIA_T0	EUROPE_NW_T0	0.000225215574389566	3.81293722747783e-05	5.90661636825688	3.49205655350443e-09	C_reverse	f4(SICILY_T1, Africa; IBERIA_T0, EUROPE_NW_T0) [Italy→Iberia?]	YES
SICILY_T1	AFRICA_W_T0	IBERIA_T0	EUROPE_NW_T1	-9.51739813386485e-05	3.78368608171678e-05	-2.51537731416305	0.0118905053433425	C_reverse	f4(SICILY_T1, Africa; IBERIA_T0, EUROPE_NW_T1) [Italy→Iberia?]	YES
SICILY_T1	AFRICA_W_T0	IBERIA_T0	EUROPE_NW_T2	-0.000305609500558938	4.4934353946178e-05	-6.80124389737515	1.03719651988718e-11	C_reverse	f4(SICILY_T1, Africa; IBERIA_T0, EUROPE_NW_T2) [Italy→Iberia?]	YES
SICILY_T1	AFRICA_W_T0	IBERIA_T0	EUROPE_NW_T3	-0.0011073457536599	7.41957011837248e-05	-14.9246618873225	2.27787261707238e-50	C_reverse	f4(SICILY_T1, Africa; IBERIA_T0, EUROPE_NW_T3) [Italy→Iberia?]	YES
SICILY_T1	AFRICA_W_T0	IBERIA_T0	EUROPE_NW_T4	-0.000843650156961574	6.84939066828837e-05	-12.3171563401624	7.32312722923709e-35	C_reverse	f4(SICILY_T1, Africa; IBERIA_T0, EUROPE_NW_T4) [Italy→Iberia?]	YES
SICILY_T1	AFRICA_W_T0	IBERIA_T0	GREECE_T0	-0.00116969745210138	8.08077664845095e-05	-14.4750622741888	1.74167932168695e-47	C_reverse	f4(SICILY_T1, Africa; IBERIA_T0, GREECE_T0) [Italy→Iberia?]	PARTIAL
SICILY_T1	AFRICA_W_T0	IBERIA_T0	GREECE_T1	-0.000866593444125308	5.87637398158799e-05	-14.7470778211281	3.21277361590094e-49	C_reverse	f4(SICILY_T1, Africa; IBERIA_T0, GREECE_T1) [Italy→Iberia?]	YES
SICILY_T1	AFRICA_W_T0	IBERIA_T0	GREECE_T2	-0.00130339729177994	7.09180406030508e-05	-18.3789241876469	1.93773550129054e-75	C_reverse	f4(SICILY_T1, Africa; IBERIA_T0, GREECE_T2) [Italy→Iberia?]	YES
SICILY_T1	AFRICA_W_T0	IBERIA_T0	LEVANT_T0	-0.000256081216212205	4.96232275103242e-05	-5.16051109652081	2.46276563826051e-07	C_reverse	f4(SICILY_T1, Africa; IBERIA_T0, LEVANT_T0) [Italy→Iberia?]	YES
SICILY_T1	AFRICA_W_T0	IBERIA_T0	LEVANT_T1	-0.000917074789105831	4.91152247573269e-05	-18.6719045598794	8.38100624766373e-78	C_reverse	f4(SICILY_T1, Africa; IBERIA_T0, LEVANT_T1) [Italy→Iberia?]	YES
SICILY_T1	AFRICA_W_T0	IBERIA_T0	LEVANT_T2	-0.00119933304370764	6.37490086196007e-05	-18.8133599200613	5.86969320340961e-79	C_reverse	f4(SICILY_T1, Africa; IBERIA_T0, LEVANT_T2) [Italy→Iberia?]	YES
SICILY_T1	AFRICA_W_T0	IBERIA_T0	LEVANT_T3	-0.00115999473248489	7.24375430017204e-05	-16.0137227798759	1.02489690901802e-57	C_reverse	f4(SICILY_T1, Africa; IBERIA_T0, LEVANT_T3) [Italy→Iberia?]	YES
SICILY_T1	AFRICA_W_T0	IBERIA_T1	EUROPE_NW_T0	0.000504244293373166	3.54817395236693e-05	14.211374643478	7.78815560851819e-46	C_reverse	f4(SICILY_T1, Africa; IBERIA_T1, EUROPE_NW_T0) [Italy→Iberia?]	YES
SICILY_T1	AFRICA_W_T0	IBERIA_T1	EUROPE_NW_T1	0.000183854737644952	3.74329037143898e-05	4.91158097292558	9.03449636199632e-07	C_reverse	f4(SICILY_T1, Africa; IBERIA_T1, EUROPE_NW_T1) [Italy→Iberia?]	YES
SICILY_T1	AFRICA_W_T0	IBERIA_T1	EUROPE_NW_T2	-2.6580781575337e-05	4.97026091300656e-05	-0.534796503454745	0.592790581155098	C_reverse	f4(SICILY_T1, Africa; IBERIA_T1, EUROPE_NW_T2) [Italy→Iberia?]	YES
SICILY_T1	AFRICA_W_T0	IBERIA_T1	EUROPE_NW_T3	-0.000828317034676303	7.89145699729469e-05	-10.496376460776	8.97598157188352e-26	C_reverse	f4(SICILY_T1, Africa; IBERIA_T1, EUROPE_NW_T3) [Italy→Iberia?]	YES
SICILY_T1	AFRICA_W_T0	IBERIA_T1	EUROPE_NW_T4	-0.000564621437977974	7.49940290360541e-05	-7.52888523573692	5.11753366872625e-14	C_reverse	f4(SICILY_T1, Africa; IBERIA_T1, EUROPE_NW_T4) [Italy→Iberia?]	YES
SICILY_T1	AFRICA_W_T0	IBERIA_T1	GREECE_T0	-0.000890668733117782	8.7080348751925e-05	-10.2281254712831	1.48363278350373e-24	C_reverse	f4(SICILY_T1, Africa; IBERIA_T1, GREECE_T0) [Italy→Iberia?]	PARTIAL
SICILY_T1	AFRICA_W_T0	IBERIA_T1	GREECE_T1	-0.000587564725141708	6.44698286277901e-05	-9.11379381096159	7.95504107865816e-20	C_reverse	f4(SICILY_T1, Africa; IBERIA_T1, GREECE_T1) [Italy→Iberia?]	YES
SICILY_T1	AFRICA_W_T0	IBERIA_T1	GREECE_T2	-0.00102436857279634	7.53763386463292e-05	-13.5900547995936	4.58736819013872e-42	C_reverse	f4(SICILY_T1, Africa; IBERIA_T1, GREECE_T2) [Italy→Iberia?]	YES
SICILY_T1	AFRICA_W_T0	IBERIA_T1	LEVANT_T0	2.29475027713958e-05	5.53150457999005e-05	0.414851012767979	0.678250972882822	C_reverse	f4(SICILY_T1, Africa; IBERIA_T1, LEVANT_T0) [Italy→Iberia?]	YES
SICILY_T1	AFRICA_W_T0	IBERIA_T1	LEVANT_T1	-0.000638046070122231	5.60175356116914e-05	-11.39011317001	4.68380984982872e-30	C_reverse	f4(SICILY_T1, Africa; IBERIA_T1, LEVANT_T1) [Italy→Iberia?]	YES
SICILY_T1	AFRICA_W_T0	IBERIA_T1	LEVANT_T2	-0.00092030432472404	7.04445240444502e-05	-13.0642422133952	5.27068536932768e-39	C_reverse	f4(SICILY_T1, Africa; IBERIA_T1, LEVANT_T2) [Italy→Iberia?]	YES
SICILY_T1	AFRICA_W_T0	IBERIA_T1	LEVANT_T3	-0.000880966013501292	7.61781861573456e-05	-11.5645443655177	6.23212303036119e-31	C_reverse	f4(SICILY_T1, Africa; IBERIA_T1, LEVANT_T3) [Italy→Iberia?]	YES
SICILY_T1	AFRICA_W_T0	IBERIA_T2	EUROPE_NW_T0	0.00127690972440743	6.47515733982259e-05	19.7201343132523	1.44843357665156e-86	C_reverse	f4(SICILY_T1, Africa; IBERIA_T2, EUROPE_NW_T0) [Italy→Iberia?]	YES
SICILY_T1	AFRICA_W_T0	IBERIA_T2	EUROPE_NW_T1	0.000956520168679216	6.69201263707979e-05	14.2934602869581	2.40363249862944e-46	C_reverse	f4(SICILY_T1, Africa; IBERIA_T2, EUROPE_NW_T1) [Italy→Iberia?]	YES
SICILY_T1	AFRICA_W_T0	IBERIA_T2	EUROPE_NW_T2	0.000746084649458927	5.90807174470463e-05	12.6282259542234	1.4756769861715e-36	C_reverse	f4(SICILY_T1, Africa; IBERIA_T2, EUROPE_NW_T2) [Italy→Iberia?]	YES
SICILY_T1	AFRICA_W_T0	IBERIA_T2	EUROPE_NW_T3	-5.56516036420386e-05	5.81638926037174e-05	-0.956806725801597	0.33866481685507	C_reverse	f4(SICILY_T1, Africa; IBERIA_T2, EUROPE_NW_T3) [Italy→Iberia?]	YES
SICILY_T1	AFRICA_W_T0	IBERIA_T2	EUROPE_NW_T4	0.00020804399305629	5.57350466888259e-05	3.73273201362546	0.000189414087922703	C_reverse	f4(SICILY_T1, Africa; IBERIA_T2, EUROPE_NW_T4) [Italy→Iberia?]	YES
SICILY_T1	AFRICA_W_T0	IBERIA_T2	GREECE_T0	-0.000118003302083519	6.97376605904897e-05	-1.69210296250763	0.0906263437141984	C_reverse	f4(SICILY_T1, Africa; IBERIA_T2, GREECE_T0) [Italy→Iberia?]	PARTIAL
SICILY_T1	AFRICA_W_T0	IBERIA_T2	GREECE_T1	0.000185100705892557	5.52259492392627e-05	3.35169804127079	0.00080317569937777	C_reverse	f4(SICILY_T1, Africa; IBERIA_T2, GREECE_T1) [Italy→Iberia?]	YES
SICILY_T1	AFRICA_W_T0	IBERIA_T2	GREECE_T2	-0.000251703141762074	5.96373529978264e-05	-4.22056193156742	2.43694094282092e-05	C_reverse	f4(SICILY_T1, Africa; IBERIA_T2, GREECE_T2) [Italy→Iberia?]	YES
SICILY_T1	AFRICA_W_T0	IBERIA_T2	LEVANT_T0	0.000795612933805661	5.9891763908329e-05	13.2841793576732	2.85976477645114e-40	C_reverse	f4(SICILY_T1, Africa; IBERIA_T2, LEVANT_T0) [Italy→Iberia?]	YES
SICILY_T1	AFRICA_W_T0	IBERIA_T2	LEVANT_T1	0.000134619360912033	5.58346611362517e-05	2.41103569310693	0.0159072915940979	C_reverse	f4(SICILY_T1, Africa; IBERIA_T2, LEVANT_T1) [Italy→Iberia?]	YES
SICILY_T1	AFRICA_W_T0	IBERIA_T2	LEVANT_T2	-0.000147638893689775	5.24960143121509e-05	-2.81238291371774	0.00491759233370262	C_reverse	f4(SICILY_T1, Africa; IBERIA_T2, LEVANT_T2) [Italy→Iberia?]	YES
SICILY_T1	AFRICA_W_T0	IBERIA_T2	LEVANT_T3	-0.000108300582467027	5.85806254040176e-05	-1.84874404668953	0.0644947802430006	C_reverse	f4(SICILY_T1, Africa; IBERIA_T2, LEVANT_T3) [Italy→Iberia?]	YES
SICILY_T2	AFRICA_W_T0	IBERIA_T0	EUROPE_NW_T0	0.000506821240752777	5.11036995723861e-05	9.91750587518399	3.49377285498883e-23	C_reverse	f4(SICILY_T2, Africa; IBERIA_T0, EUROPE_NW_T0) [Italy→Iberia?]	YES
SICILY_T2	AFRICA_W_T0	IBERIA_T0	EUROPE_NW_T1	0.000270431090507352	4.98232040002461e-05	5.42781412664702	5.70484043810398e-08	C_reverse	f4(SICILY_T2, Africa; IBERIA_T0, EUROPE_NW_T1) [Italy→Iberia?]	YES
SICILY_T2	AFRICA_W_T0	IBERIA_T0	EUROPE_NW_T2	-0.00043230974535417	5.27144037595107e-05	-8.20097951456338	2.38436164833374e-16	C_reverse	f4(SICILY_T2, Africa; IBERIA_T0, EUROPE_NW_T2) [Italy→Iberia?]	YES
SICILY_T2	AFRICA_W_T0	IBERIA_T0	EUROPE_NW_T3	-0.00433804107310389	0.00018910274834984	-22.9401270524029	1.84889081257164e-116	C_reverse	f4(SICILY_T2, Africa; IBERIA_T0, EUROPE_NW_T3) [Italy→Iberia?]	YES
SICILY_T2	AFRICA_W_T0	IBERIA_T0	EUROPE_NW_T4	-0.00324137850613413	0.000156748766791215	-20.6788134445202	5.37465846060037e-95	C_reverse	f4(SICILY_T2, Africa; IBERIA_T0, EUROPE_NW_T4) [Italy→Iberia?]	YES
SICILY_T2	AFRICA_W_T0	IBERIA_T0	GREECE_T0	-0.00410318442723904	0.000190365678287647	-21.554223766319	4.83305777270884e-103	C_reverse	f4(SICILY_T2, Africa; IBERIA_T0, GREECE_T0) [Italy→Iberia?]	PARTIAL
SICILY_T2	AFRICA_W_T0	IBERIA_T0	GREECE_T1	-0.00159490488434785	8.5550390412154e-05	-18.6428709052538	1.44285296079185e-77	C_reverse	f4(SICILY_T2, Africa; IBERIA_T0, GREECE_T1) [Italy→Iberia?]	YES
SICILY_T2	AFRICA_W_T0	IBERIA_T0	GREECE_T2	-0.00407024961611111	0.00017089520579677	-23.8172252822089	2.21459816722107e-125	C_reverse	f4(SICILY_T2, Africa; IBERIA_T0, GREECE_T2) [Italy→Iberia?]	YES
SICILY_T2	AFRICA_W_T0	IBERIA_T0	LEVANT_T0	-0.000505815771958296	6.32717170073832e-05	-7.9943424310624	1.30267239231421e-15	C_reverse	f4(SICILY_T2, Africa; IBERIA_T0, LEVANT_T0) [Italy→Iberia?]	YES
SICILY_T2	AFRICA_W_T0	IBERIA_T0	LEVANT_T1	-0.00118535596829671	6.8387295823424e-05	-17.3329849356422	2.65199947912033e-67	C_reverse	f4(SICILY_T2, Africa; IBERIA_T0, LEVANT_T1) [Italy→Iberia?]	YES
SICILY_T2	AFRICA_W_T0	IBERIA_T0	LEVANT_T2	-0.00251882803511169	0.000116466726280329	-21.62701842455	1.00044028247427e-103	C_reverse	f4(SICILY_T2, Africa; IBERIA_T0, LEVANT_T2) [Italy→Iberia?]	YES
SICILY_T2	AFRICA_W_T0	IBERIA_T0	LEVANT_T3	-0.00362768459540201	0.000167006000620857	-21.7218817402717	1.27450360538536e-104	C_reverse	f4(SICILY_T2, Africa; IBERIA_T0, LEVANT_T3) [Italy→Iberia?]	YES
SICILY_T2	AFRICA_W_T0	IBERIA_T1	EUROPE_NW_T0	0.000611858051160999	4.35928200479034e-05	14.035752917307	9.41907396188324e-45	C_reverse	f4(SICILY_T2, Africa; IBERIA_T1, EUROPE_NW_T0) [Italy→Iberia?]	YES
SICILY_T2	AFRICA_W_T0	IBERIA_T1	EUROPE_NW_T1	0.000375467900915574	4.31292468544874e-05	8.70564473760357	3.15774506230334e-18	C_reverse	f4(SICILY_T2, Africa; IBERIA_T1, EUROPE_NW_T1) [Italy→Iberia?]	YES
SICILY_T2	AFRICA_W_T0	IBERIA_T1	EUROPE_NW_T2	-0.000327272934945948	5.91357377653793e-05	-5.53426654190738	3.12533399150001e-08	C_reverse	f4(SICILY_T2, Africa; IBERIA_T1, EUROPE_NW_T2) [Italy→Iberia?]	YES
SICILY_T2	AFRICA_W_T0	IBERIA_T1	EUROPE_NW_T3	-0.00423300426269567	0.000193880449883813	-21.8330639589107	1.12613344720948e-105	C_reverse	f4(SICILY_T2, Africa; IBERIA_T1, EUROPE_NW_T3) [Italy→Iberia?]	YES
SICILY_T2	AFRICA_W_T0	IBERIA_T1	EUROPE_NW_T4	-0.0031363416957259	0.0001628754613401	-19.2560725226553	1.25547797259412e-82	C_reverse	f4(SICILY_T2, Africa; IBERIA_T1, EUROPE_NW_T4) [Italy→Iberia?]	YES
SICILY_T2	AFRICA_W_T0	IBERIA_T1	GREECE_T0	-0.00399814761683082	0.000189878595163088	-21.0563366207591	2.00060052470794e-98	C_reverse	f4(SICILY_T2, Africa; IBERIA_T1, GREECE_T0) [Italy→Iberia?]	PARTIAL
SICILY_T2	AFRICA_W_T0	IBERIA_T1	GREECE_T1	-0.00148986807393963	9.12496789888383e-05	-16.327378796827	6.30349997892357e-60	C_reverse	f4(SICILY_T2, Africa; IBERIA_T1, GREECE_T1) [Italy→Iberia?]	YES
SICILY_T2	AFRICA_W_T0	IBERIA_T1	GREECE_T2	-0.00396521280570288	0.000175974309102588	-22.5329073654228	1.97554668885836e-112	C_reverse	f4(SICILY_T2, Africa; IBERIA_T1, GREECE_T2) [Italy→Iberia?]	YES
SICILY_T2	AFRICA_W_T0	IBERIA_T1	LEVANT_T0	-0.000400778961550073	7.13344576656943e-05	-5.61830810333353	1.92836406876253e-08	C_reverse	f4(SICILY_T2, Africa; IBERIA_T1, LEVANT_T0) [Italy→Iberia?]	YES
SICILY_T2	AFRICA_W_T0	IBERIA_T1	LEVANT_T1	-0.00108031915788849	7.59625762472326e-05	-14.2217287940896	6.71727434353435e-46	C_reverse	f4(SICILY_T2, Africa; IBERIA_T1, LEVANT_T1) [Italy→Iberia?]	YES
SICILY_T2	AFRICA_W_T0	IBERIA_T1	LEVANT_T2	-0.00241379122470347	0.000122067333386625	-19.7742603015521	4.96048806981764e-87	C_reverse	f4(SICILY_T2, Africa; IBERIA_T1, LEVANT_T2) [Italy→Iberia?]	YES
SICILY_T2	AFRICA_W_T0	IBERIA_T1	LEVANT_T3	-0.00352264778499379	0.000171398118579054	-20.5524297127511	7.32059135958092e-94	C_reverse	f4(SICILY_T2, Africa; IBERIA_T1, LEVANT_T3) [Italy→Iberia?]	YES
SICILY_T2	AFRICA_W_T0	IBERIA_T2	EUROPE_NW_T0	0.00282913399859219	0.000122937334005991	23.0128139793101	3.46922175747766e-117	C_reverse	f4(SICILY_T2, Africa; IBERIA_T2, EUROPE_NW_T0) [Italy→Iberia?]	YES
SICILY_T2	AFRICA_W_T0	IBERIA_T2	EUROPE_NW_T1	0.00259274384834677	0.000122897459919769	21.0968058252741	8.50937812603933e-99	C_reverse	f4(SICILY_T2, Africa; IBERIA_T2, EUROPE_NW_T1) [Italy→Iberia?]	YES
SICILY_T2	AFRICA_W_T0	IBERIA_T2	EUROPE_NW_T2	0.00189000301248525	0.000102692664112442	18.4044598396611	1.20984933223764e-75	C_reverse	f4(SICILY_T2, Africa; IBERIA_T2, EUROPE_NW_T2) [Italy→Iberia?]	YES
SICILY_T2	AFRICA_W_T0	IBERIA_T2	EUROPE_NW_T3	-0.00201572831526447	0.0001422329214594	-14.1720235693806	1.36509432340849e-45	C_reverse	f4(SICILY_T2, Africa; IBERIA_T2, EUROPE_NW_T3) [Italy→Iberia?]	YES
SICILY_T2	AFRICA_W_T0	IBERIA_T2	EUROPE_NW_T4	-0.000919065748294707	0.000105384896313259	-8.72103859705625	2.75661442326767e-18	C_reverse	f4(SICILY_T2, Africa; IBERIA_T2, EUROPE_NW_T4) [Italy→Iberia?]	YES
SICILY_T2	AFRICA_W_T0	IBERIA_T2	GREECE_T0	-0.00178087166939962	0.000141351670279316	-12.598872485062	2.14184380805989e-36	C_reverse	f4(SICILY_T2, Africa; IBERIA_T2, GREECE_T0) [Italy→Iberia?]	PARTIAL
SICILY_T2	AFRICA_W_T0	IBERIA_T2	GREECE_T1	0.000727407873491565	8.78574300924993e-05	8.27941214221409	1.23784821268411e-16	C_reverse	f4(SICILY_T2, Africa; IBERIA_T2, GREECE_T1) [Italy→Iberia?]	YES
SICILY_T2	AFRICA_W_T0	IBERIA_T2	GREECE_T2	-0.00174793685827169	0.000121409580284467	-14.3970257880491	5.40185780155329e-47	C_reverse	f4(SICILY_T2, Africa; IBERIA_T2, GREECE_T2) [Italy→Iberia?]	YES
SICILY_T2	AFRICA_W_T0	IBERIA_T2	LEVANT_T0	0.00181649698588112	9.66321107706029e-05	18.7980679651441	7.83175887000959e-79	C_reverse	f4(SICILY_T2, Africa; IBERIA_T2, LEVANT_T0) [Italy→Iberia?]	YES
SICILY_T2	AFRICA_W_T0	IBERIA_T2	LEVANT_T1	0.00113695678954271	9.21276182171624e-05	12.3411069508243	5.44027371773268e-35	C_reverse	f4(SICILY_T2, Africa; IBERIA_T2, LEVANT_T1) [Italy→Iberia?]	YES
SICILY_T2	AFRICA_W_T0	IBERIA_T2	LEVANT_T2	-0.000196515277272272	8.59905538623978e-05	-2.28531237962179	0.0222945175571759	C_reverse	f4(SICILY_T2, Africa; IBERIA_T2, LEVANT_T2) [Italy→Iberia?]	YES
SICILY_T2	AFRICA_W_T0	IBERIA_T2	LEVANT_T3	-0.00130537183756259	0.000117505876379214	-11.1089919737282	1.13432742577742e-28	C_reverse	f4(SICILY_T2, Africa; IBERIA_T2, LEVANT_T3) [Italy→Iberia?]	YES
SICILY_T3	AFRICA_W_T0	IBERIA_T0	EUROPE_NW_T0	0.000508696540697771	5.4852639795978e-05	9.27387528822396	1.79502783770094e-20	C_reverse	f4(SICILY_T3, Africa; IBERIA_T0, EUROPE_NW_T0) [Italy→Iberia?]	PARTIAL
SICILY_T3	AFRICA_W_T0	IBERIA_T0	EUROPE_NW_T1	0.000438198405661856	5.36073191583186e-05	8.17422718654749	2.97768273428592e-16	C_reverse	f4(SICILY_T3, Africa; IBERIA_T0, EUROPE_NW_T1) [Italy→Iberia?]	PARTIAL
SICILY_T3	AFRICA_W_T0	IBERIA_T0	EUROPE_NW_T2	-0.00054710035470472	5.75887819408728e-05	-9.5001202711048	2.09648023060108e-21	C_reverse	f4(SICILY_T3, Africa; IBERIA_T0, EUROPE_NW_T2) [Italy→Iberia?]	PARTIAL
SICILY_T3	AFRICA_W_T0	IBERIA_T0	EUROPE_NW_T3	-0.0077118694588325	0.000270919269092076	-28.465562765901	3.12770038709323e-178	C_reverse	f4(SICILY_T3, Africa; IBERIA_T0, EUROPE_NW_T3) [Italy→Iberia?]	PARTIAL
SICILY_T3	AFRICA_W_T0	IBERIA_T0	EUROPE_NW_T4	-0.00595796537507505	0.000213808670482805	-27.8658735476969	6.91794522649937e-171	C_reverse	f4(SICILY_T3, Africa; IBERIA_T0, EUROPE_NW_T4) [Italy→Iberia?]	PARTIAL
SICILY_T3	AFRICA_W_T0	IBERIA_T0	GREECE_T0	-0.00753800203786736	0.000269328883219562	-27.9880937675825	2.26844942826704e-172	C_reverse	f4(SICILY_T3, Africa; IBERIA_T0, GREECE_T0) [Italy→Iberia?]	PARTIAL
SICILY_T3	AFRICA_W_T0	IBERIA_T0	GREECE_T1	-0.00182676453193085	0.000102998792138305	-17.7357859641491	2.21970584580317e-70	C_reverse	f4(SICILY_T3, Africa; IBERIA_T0, GREECE_T1) [Italy→Iberia?]	PARTIAL
SICILY_T3	AFRICA_W_T0	IBERIA_T0	GREECE_T2	-0.006625368352058	0.000249718217742924	-26.5313776941921	4.21290810871939e-155	C_reverse	f4(SICILY_T3, Africa; IBERIA_T0, GREECE_T2) [Italy→Iberia?]	PARTIAL
SICILY_T3	AFRICA_W_T0	IBERIA_T0	LEVANT_T0	-0.000622349521866431	6.83205610440861e-05	-9.10925660380394	8.29483751322746e-20	C_reverse	f4(SICILY_T3, Africa; IBERIA_T0, LEVANT_T0) [Italy→Iberia?]	PARTIAL
SICILY_T3	AFRICA_W_T0	IBERIA_T0	LEVANT_T1	-0.00107775856215575	7.67004927451306e-05	-14.0515207084399	7.53974213877364e-45	C_reverse	f4(SICILY_T3, Africa; IBERIA_T0, LEVANT_T1) [Italy→Iberia?]	PARTIAL
SICILY_T3	AFRICA_W_T0	IBERIA_T0	LEVANT_T2	-0.0037961688016774	0.000146720376197541	-25.8734941939239	1.32400218571908e-147	C_reverse	f4(SICILY_T3, Africa; IBERIA_T0, LEVANT_T2) [Italy→Iberia?]	PARTIAL
SICILY_T3	AFRICA_W_T0	IBERIA_T0	LEVANT_T3	-0.00747153498046739	0.000221525708056574	-33.7276203561859	2.27621756759344e-249	C_reverse	f4(SICILY_T3, Africa; IBERIA_T0, LEVANT_T3) [Italy→Iberia?]	PARTIAL
SICILY_T3	AFRICA_W_T0	IBERIA_T1	EUROPE_NW_T0	0.000380839322732427	4.75958669292783e-05	8.00152087361509	1.22891750064899e-15	C_reverse	f4(SICILY_T3, Africa; IBERIA_T1, EUROPE_NW_T0) [Italy→Iberia?]	PARTIAL
SICILY_T3	AFRICA_W_T0	IBERIA_T1	EUROPE_NW_T1	0.000310341187696512	4.59216628530908e-05	6.7580564033435	1.39855089855521e-11	C_reverse	f4(SICILY_T3, Africa; IBERIA_T1, EUROPE_NW_T1) [Italy→Iberia?]	PARTIAL
SICILY_T3	AFRICA_W_T0	IBERIA_T1	EUROPE_NW_T2	-0.000674957572670063	6.62745799738289e-05	-10.1842602840576	2.33126097704707e-24	C_reverse	f4(SICILY_T3, Africa; IBERIA_T1, EUROPE_NW_T2) [Italy→Iberia?]	PARTIAL
SICILY_T3	AFRICA_W_T0	IBERIA_T1	EUROPE_NW_T3	-0.00783972667679784	0.000270844245912053	-28.9455168242471	3.19564298089712e-184	C_reverse	f4(SICILY_T3, Africa; IBERIA_T1, EUROPE_NW_T3) [Italy→Iberia?]	PARTIAL
SICILY_T3	AFRICA_W_T0	IBERIA_T1	EUROPE_NW_T4	-0.0060858225930404	0.000216553932909178	-28.1030342477908	8.99445359243901e-174	C_reverse	f4(SICILY_T3, Africa; IBERIA_T1, EUROPE_NW_T4) [Italy→Iberia?]	PARTIAL
SICILY_T3	AFRICA_W_T0	IBERIA_T1	GREECE_T0	-0.00766585925583271	0.000269597421203712	-28.4344680361029	7.58394756917648e-178	C_reverse	f4(SICILY_T3, Africa; IBERIA_T1, GREECE_T0) [Italy→Iberia?]	PARTIAL
SICILY_T3	AFRICA_W_T0	IBERIA_T1	GREECE_T1	-0.0019546217498962	0.000111266057890532	-17.56709806165	4.40117088839438e-69	C_reverse	f4(SICILY_T3, Africa; IBERIA_T1, GREECE_T1) [Italy→Iberia?]	PARTIAL
SICILY_T3	AFRICA_W_T0	IBERIA_T1	GREECE_T2	-0.00675322557002335	0.000252079222485666	-26.7900920331003	4.21528476278712e-158	C_reverse	f4(SICILY_T3, Africa; IBERIA_T1, GREECE_T2) [Italy→Iberia?]	PARTIAL
SICILY_T3	AFRICA_W_T0	IBERIA_T1	LEVANT_T0	-0.000750206739831775	7.54705074204941e-05	-9.94039612920445	2.77720532650518e-23	C_reverse	f4(SICILY_T3, Africa; IBERIA_T1, LEVANT_T0) [Italy→Iberia?]	PARTIAL
SICILY_T3	AFRICA_W_T0	IBERIA_T1	LEVANT_T1	-0.00120561578012109	8.79241950642622e-05	-13.71199109915	8.60632409539502e-43	C_reverse	f4(SICILY_T3, Africa; IBERIA_T1, LEVANT_T1) [Italy→Iberia?]	PARTIAL
SICILY_T3	AFRICA_W_T0	IBERIA_T1	LEVANT_T2	-0.00392402601964275	0.000148083009600742	-26.498826774406	9.99883220555446e-155	C_reverse	f4(SICILY_T3, Africa; IBERIA_T1, LEVANT_T2) [Italy→Iberia?]	PARTIAL
SICILY_T3	AFRICA_W_T0	IBERIA_T1	LEVANT_T3	-0.00759939219843273	0.000225992775806695	-33.626704089572	6.83116214602688e-248	C_reverse	f4(SICILY_T3, Africa; IBERIA_T1, LEVANT_T3) [Italy→Iberia?]	PARTIAL
SICILY_T3	AFRICA_W_T0	IBERIA_T2	EUROPE_NW_T0	0.00365251920431842	0.000154579334949296	23.6287677490428	1.95149224280335e-123	C_reverse	f4(SICILY_T3, Africa; IBERIA_T2, EUROPE_NW_T0) [Italy→Iberia?]	PARTIAL
SICILY_T3	AFRICA_W_T0	IBERIA_T2	EUROPE_NW_T1	0.0035820210692825	0.000151814571443871	23.59471185944	4.36732344433527e-123	C_reverse	f4(SICILY_T3, Africa; IBERIA_T2, EUROPE_NW_T1) [Italy→Iberia?]	PARTIAL
SICILY_T3	AFRICA_W_T0	IBERIA_T2	EUROPE_NW_T2	0.00259672230891592	0.000132866464093969	19.5438504864508	4.65356599868164e-85	C_reverse	f4(SICILY_T3, Africa; IBERIA_T2, EUROPE_NW_T2) [Italy→Iberia?]	PARTIAL
SICILY_T3	AFRICA_W_T0	IBERIA_T2	EUROPE_NW_T3	-0.00456804679521186	0.000236746335243859	-19.2951109063909	5.90381636557104e-83	C_reverse	f4(SICILY_T3, Africa; IBERIA_T2, EUROPE_NW_T3) [Italy→Iberia?]	PARTIAL
SICILY_T3	AFRICA_W_T0	IBERIA_T2	EUROPE_NW_T4	-0.00281414271145441	0.000164404731527026	-17.1171637538412	1.10531035255759e-65	C_reverse	f4(SICILY_T3, Africa; IBERIA_T2, EUROPE_NW_T4) [Italy→Iberia?]	PARTIAL
SICILY_T3	AFRICA_W_T0	IBERIA_T2	GREECE_T0	-0.00439417937424672	0.000233366114115983	-18.8295519719834	4.32403445335475e-79	C_reverse	f4(SICILY_T3, Africa; IBERIA_T2, GREECE_T0) [Italy→Iberia?]	PARTIAL
SICILY_T3	AFRICA_W_T0	IBERIA_T2	GREECE_T1	0.00131705813168979	9.90451697362821e-05	13.2975503519918	2.39176682149801e-40	C_reverse	f4(SICILY_T3, Africa; IBERIA_T2, GREECE_T1) [Italy→Iberia?]	PARTIAL
SICILY_T3	AFRICA_W_T0	IBERIA_T2	GREECE_T2	-0.00348154568843736	0.000206895902321197	-16.8275236453568	1.53384365243891e-63	C_reverse	f4(SICILY_T3, Africa; IBERIA_T2, GREECE_T2) [Italy→Iberia?]	PARTIAL
SICILY_T3	AFRICA_W_T0	IBERIA_T2	LEVANT_T0	0.00252147314175421	0.00013228180996198	19.0613746703265	5.28673795308586e-81	C_reverse	f4(SICILY_T3, Africa; IBERIA_T2, LEVANT_T0) [Italy→Iberia?]	PARTIAL
SICILY_T3	AFRICA_W_T0	IBERIA_T2	LEVANT_T1	0.0020660641014649	0.000115925982456336	17.8222695006539	4.74709342527377e-71	C_reverse	f4(SICILY_T3, Africa; IBERIA_T2, LEVANT_T1) [Italy→Iberia?]	PARTIAL
SICILY_T3	AFRICA_W_T0	IBERIA_T2	LEVANT_T2	-0.000652346138056756	0.000109194123241458	-5.97418724278997	2.31240092447433e-09	C_reverse	f4(SICILY_T3, Africa; IBERIA_T2, LEVANT_T2) [Italy→Iberia?]	PARTIAL
SICILY_T3	AFRICA_W_T0	IBERIA_T2	LEVANT_T3	-0.00432771231684674	0.000169087844698489	-25.5944614147974	1.75828297005488e-144	C_reverse	f4(SICILY_T3, Africa; IBERIA_T2, LEVANT_T3) [Italy→Iberia?]	PARTIAL
